step,cummean_calc_time,cummean_calc_temp,cummean_calc_dens,cummean_wall_time,cummean_calc_epot,cummean_calc_msd,cummean_calc_drft
0,20000.0,288.56113566666664,1.0760856666666667,1559.8513323333334,-266437.75,24.196692000000002,0.06936633333333332
1,20025.0,289.7908163333333,1.077025,1561.4166278333335,-266437.875,24.160375833333333,0.07103949999999999
2,20050.0,292.3556811111111,1.0776234444444444,1563.0231806666668,-266437.9895833333,24.155964222222224,0.072182
3,20075.0,293.06434924999996,1.07791075,1564.7592275000002,-266437.9635416667,24.195350083333334,0.07271958333333334
4,20100.0,292.68112706666665,1.0779112666666666,1566.5992165333334,-266437.8458333333,24.20758886666667,0.07267033333333334
5,20125.0,295.21354694444443,1.0776798333333333,1568.4835188333334,-266437.8385416667,24.20390794444445,0.07215077777777779
6,20150.0,296.8475929047619,1.0772243333333333,1570.412144,-266437.75595238095,24.20647604761905,0.07121890476190476
7,20175.0,298.20877916666666,1.0765548333333332,1572.3559648333332,-266437.6666666667,24.200714916666666,0.06994575
8,20200.0,298.76894988888887,1.0756644444444445,1574.3095822592593,-266437.5682870371,24.19164511111111,0.06836281481481482
9,20225.0,299.06489066666666,1.0745387333333334,1576.2526379666665,-266437.5020833333,24.2071964,0.06647316666666667
10,20250.0,298.809731969697,1.0732021212121212,1578.1910833939394,-266437.446969697,24.226415787878793,0.06435427272727273
11,20275.0,299.3147751944445,1.071736861111111,1580.14056,-266437.46788194444,24.243865694444448,0.06213233333333334
12,20300.0,298.63572728205133,1.070165512820513,1582.0885766666668,-266437.46153846156,24.264198179487185,0.05983502564102564
13,20325.0,297.9139156428572,1.0684797142857145,1584.0400216428573,-266437.47470238095,24.292283833333336,0.05745811904761905
14,20350.0,297.3883409555556,1.0667358666666666,1585.9912898666666,-266437.49097222224,24.328875488888894,0.0550756
15,20375.0,297.4447542916667,1.0650459375,1587.9425755833333,-266437.5234375,24.375669500000004,0.05280725
16,20400.0,296.78041547058825,1.063497843137255,1589.9011226666667,-266437.5012254902,24.41294060784314,0.05074123529411764
17,20425.0,297.2295853518519,1.0621189074074076,1591.8742948148147,-266437.5138888889,24.44937492592593,0.048925518518518514
18,20450.0,298.1713273859649,1.0609105964912282,1593.8598965614035,-266437.5356359649,24.483814280701758,0.04737647368421052
19,20475.0,298.3956275666667,1.0598479500000002,1595.8443496833333,-266437.51510416664,24.519471183333337,0.046060766666666655
20,20500.0,298.4455775555556,1.0589010952380955,1597.824188968254,-266437.4890873016,24.54789741269842,0.04491373015873015
21,20525.0,299.15681777272727,1.0580832272727276,1599.8034720454546,-266437.5033143939,24.575293757575764,0.0438955606060606
22,20550.0,299.2905919565218,1.0574248260869568,1601.7787765362318,-266437.49999999994,24.604155869565222,0.04300801449275362
23,20575.0,299.16085193055557,1.0569288750000003,1603.7567982916669,-266437.49652777775,24.62883154166667,0.042257472222222224
24,20600.0,299.2013696133334,1.056620466666667,1605.7284573600002,-266437.51291666663,24.65198657333334,0.04170916
25,20625.0,298.8758903461539,1.056536730769231,1607.6958734487182,-266437.51722756407,24.66823560256411,0.04145838461538461
26,20650.0,298.4226194814815,1.056663777777778,1609.6666244938274,-266437.51774691354,24.68721681481482,0.041535086419753085
27,20675.0,298.26530185714284,1.0569445595238098,1611.6422352261907,-266437.5286458333,24.70647325000001,0.041881476190476184
28,20700.0,298.34002870114944,1.0573325287356325,1613.6267768850576,-266437.5470545977,24.72330608045978,0.042445977011494246
29,20725.0,298.44117127777776,1.0577478555555557,1615.6138908333335,-266437.56354166666,24.73396774444445,0.043104666666666666
30,20750.0,298.246903827957,1.0581183225806454,1617.5974695483872,-266437.56350806454,24.745720537634412,0.04372355913978494
31,20775.0,298.4895340416667,1.0584124479166668,1619.5724460833333,-266437.58203125,24.76150251041667,0.044234125
32,20800.0,298.3636742121212,1.0586233434343437,1621.5448706868685,-266437.5801767677,24.78151960606061,0.04460346464646465
33,20825.0,298.28277531372555,1.058755480392157,1623.511936215686,-266437.5762867647,24.804971343137257,0.04481870588235294
34,20850.0,298.3720666761905,1.0588282666666669,1625.475603247619,-266437.57589285716,24.825131923809526,0.04490654285714286
35,20875.0,298.5136677870371,1.0588649629629634,1627.4395888611111,-266437.57465277775,24.84431865740741,0.04490963888888889
36,20900.0,298.6457734954955,1.058881936936937,1629.4099173783784,-266437.56784909905,24.863457513513517,0.044859702702702696
37,20925.0,298.8692052631579,1.0588880175438597,1631.384438596491,-266437.5666118421,24.87973140350877,0.04478541228070175
38,20950.0,298.8177904017094,1.0588748290598293,1633.3611814017092,-266437.5531517094,24.896063324786326,0.04468871794871795
39,20975.0,298.85986069166665,1.0588445750000002,1635.3444144583332,-266437.546875,24.912795175,0.044575174999999995
40,21000.0,299.0245933333333,1.0588091138211384,1637.331493626016,-266437.54954268294,24.931447918699185,0.04446555284552845
41,21025.0,298.8543817539682,1.0587707380952383,1639.3163858253968,-266437.53720238095,24.951741904761906,0.04436423015873016
42,21050.0,298.7703154108527,1.058728643410853,1641.3079525426356,-266437.53221899224,24.973045844961238,0.0442730465116279
43,21075.0,298.92371479545454,1.0586842500000002,1643.305855962121,-266437.5423768939,24.99305952272727,0.04418517424242424
44,21100.0,298.74039086666664,1.058653362962963,1645.307173674074,-266437.5384259259,25.010863725925923,0.04411200740740741
45,21125.0,298.6088399202899,1.0586499347826088,1647.3096151014493,-266437.53781702893,25.030726079710142,0.04406781884057971
46,21150.0,298.64170165248225,1.0586834609929079,1649.3098414822693,-266437.54410460993,25.050192957446807,0.04406412056737588
47,21175.0,298.5352232013889,1.0587539375000001,1651.3128322638888,-266437.54144965275,25.068304756944443,0.04410301388888888
48,21200.0,298.6524149659864,1.058853768707483,1653.3199457619048,-266437.5482568027,25.091142632653057,0.04418085714285714
49,21225.0,298.55672106000003,1.058977286666667,1655.3245663933333,-266437.54312499997,25.11064335333333,0.044293026666666666
50,21250.0,298.5745838496732,1.0591252679738563,1657.3316563267974,-266437.54268790846,25.13094444444444,0.04444477777777778
51,21275.0,298.67804292307693,1.0593040128205131,1659.3406361089744,-266437.5452724359,25.14925579487179,0.04464992307692307
52,21300.0,298.73942021383647,1.0595311069182392,1661.3508274088051,-266437.5424528302,25.16965767295597,0.0449418427672956
53,21325.0,298.82567866049385,1.0598180000000001,1663.3624666111111,-266437.5385802469,25.191144259259257,0.0453465925925926
54,21350.0,298.8908650848485,1.0601696969696972,1665.3685160727275,-266437.53106060607,25.21228684242424,0.045880866666666666
55,21375.0,299.0941938035714,1.0605865535714287,1667.3705926726193,-266437.52901785716,25.23093258333333,0.046550577380952377
56,21400.0,299.11136732748537,1.0610664035087722,1669.3743918362575,-266437.519005848,25.24681161403509,0.04735767251461988
57,21425.0,299.2501346781609,1.0615833333333335,1671.379844091954,-266437.5186781609,25.261969557471264,0.0482521724137931
58,21450.0,299.37889933898305,1.0621079378531075,1673.3865112485878,-266437.5236581921,25.276937254237286,0.04917202824858756
59,21475.0,299.4887830222222,1.0626196444444447,1675.3922151333334,-266437.534375,25.293134838888886,0.05007237222222221
60,21500.0,299.36873364480874,1.0631046939890711,1677.3996580819673,-266437.5380806011,25.309969207650273,0.050923163934426224
61,21525.0,299.36944648924725,1.0635549677419356,1679.4051939784947,-266437.5529233871,25.3270241344086,0.051706354838709674
62,21550.0,299.2872602698412,1.0639712645502646,1681.4127006243389,-266437.56597222225,25.345867788359786,0.05242464021164021
63,21575.0,299.20217567187495,1.0643522760416668,1683.4264563645836,-266437.57731119794,25.365976869791666,0.05308165624999999
64,21600.0,299.0798564717948,1.0646882923076924,1685.4432850769233,-266437.5831730769,25.38674479487179,0.05366892307692307
65,21625.0,298.97991486363634,1.064964585858586,1687.4612525858588,-266437.5844381313,25.40916777777778,0.05416877272727272
66,21650.0,298.9461735522388,1.065171711442786,1689.4819903681596,-266437.580068408,25.43023573631841,0.054575074626865665
67,21675.0,299.0692409901961,1.0653073725490199,1691.5014657598042,-266437.5735294118,25.454361078431372,0.05488155392156863
68,21700.0,299.1647190386473,1.065374429951691,1693.5202029130437,-266437.55978260876,25.479303623188407,0.055092347826086956
69,21725.0,299.393088652381,1.0653764857142858,1695.5389510952384,-266437.54985119053,25.507857876190478,0.05521725238095238
70,21750.0,299.4401762769953,1.0653191502347419,1697.5548908826293,-266437.529342723,25.542499633802816,0.05526015023474178
71,21775.0,299.63333657407406,1.0652198796296297,1699.5694875000002,-266437.5183738426,25.576238018518517,0.05523024537037037
72,21800.0,299.7248093333334,1.0651019315068493,1701.5870567305938,-266437.50742009137,25.61116011415525,0.05513864383561643
73,21825.0,299.5981362792793,1.064993265765766,1703.6046317432433,-266437.4918355856,25.645166094594593,0.0550096081081081
74,21850.0,299.6403388577778,1.06492056,1705.6223628755558,-266437.4894444445,25.677246275555557,0.05489211111111111
75,21875.0,299.5547689561404,1.0649051622807018,1707.6380625394738,-266437.4856085527,25.703407653508773,0.05484447368421052
76,21900.0,299.51216032034637,1.064954199134199,1709.653752679654,-266437.4867424243,25.7280678008658,0.05490660606060606
77,21925.0,299.6017213675214,1.0650575897435899,1711.6701839658122,-266437.4958600428,25.75094475213675,0.05508552564102564
78,21950.0,299.62180523628695,1.065203025316456,1713.6865490464136,-266437.50276898744,25.77441364135021,0.0553752700421941
79,21975.0,299.6025123541667,1.0653699958333334,1715.7036460166667,-266437.5078125001,25.79750277083333,0.05573715
80,22000.0,299.62457624691365,1.0655389341563786,1717.7230276296293,-266437.513888889,25.82161685185185,0.05611802880658436
81,22025.0,299.5380391707318,1.0656918577235774,1719.7475260853655,-266437.51244918705,25.846070081300812,0.05645958943089432
82,22050.0,299.54945977510044,1.0658155261044178,1721.7741137751002,-266437.514307229,25.870386421686746,0.05671971887550201
83,22075.0,299.5658042301588,1.0658946150793651,1723.800520142857,-266437.5156250001,25.89357218650793,0.056865003968253974
84,22100.0,299.68517023529415,1.0659249215686275,1725.8173747372546,-266437.52120098047,25.916663862745093,0.0568952980392157
85,22125.0,299.71920271317833,1.065902058139535,1727.8244509224805,-266437.52313469,25.943151100775186,0.05681662015503877
86,22150.0,299.65387237547895,1.0658192490421456,1729.821766900383,-266437.5196360154,25.969959946360145,0.05663473946360155
87,22175.0,299.58255674621216,1.0656883371212122,1731.8087411401516,-266437.5139678031,25.997600018939387,0.05638804166666669
88,22200.0,299.6219452546817,1.0655196591760299,1733.7880352134832,-266437.5101825843,26.026150397003736,0.056108647940074925
89,22225.0,299.71071038148153,1.0653190962962964,1735.757086340741,-266437.5056712963,26.056000692592583,0.05581210000000002
90,22250.0,299.74415953479865,1.0650982637362638,1737.7153806849817,-266437.4975961539,26.087301820512813,0.05551207326007327
91,22275.0,299.6541596268117,1.0648704202898551,1739.6673504166667,-266437.48505434784,26.119620438405793,0.05521852898550726
92,22300.0,299.6533380179212,1.0646480967741936,1741.6123725842294,-266437.47905465955,26.15224661648745,0.05493644802867385
93,22325.0,299.6872692907802,1.0644468829787235,1743.5512814893618,-266437.4782801419,26.184404556737583,0.05467301773049646
94,22350.0,299.73451647719304,1.0642757368421052,1745.4835458245616,-266437.4819078948,26.21456951929824,0.054431498245614045
95,22375.0,299.7073994097223,1.0641387118055554,1747.4074552569446,-266437.48589409725,26.24495211805555,0.0542214513888889
96,22400.0,299.7007198831616,1.064032058419244,1749.3238319450174,-266437.4931271478,26.274771027491404,0.05404351890034365
97,22425.0,299.5316251292518,1.063955819727891,1751.2324748809526,-266437.49340986396,26.304040163265302,0.053900775510204085
98,22450.0,299.5799640841751,1.0639143232323232,1753.1343598855221,-266437.50399831653,26.331486929292925,0.053803491582491585
99,22475.0,299.56405699666675,1.0639057,1755.0304840533336,-266437.51031250006,26.35741238333333,0.05375241000000001
100,22500.0,299.6058279636964,1.0639219735973597,1756.9202497161718,-266437.5188737624,26.38334548184818,0.053738339933993406
101,22525.0,299.528128879085,1.0639542254901961,1758.8031598006537,-266437.52093545755,26.409216411764703,0.05374953921568628
102,22550.0,299.46555885436896,1.063986802588997,1760.6819232265373,-266437.5221480583,26.434624809061486,0.053761867313915856
103,22575.0,299.4949041826924,1.064004512820513,1762.554559573718,-266437.5252403846,26.46138735576923,0.053754682692307695
104,22600.0,299.40680297777783,1.0640046761904762,1764.421075911111,-266437.5193452381,26.48921919047619,0.05372794285714286
105,22625.0,299.4696417295598,1.0639775566037737,1766.2825643490567,-266437.5182783019,26.518267251572325,0.05366911320754717
106,22650.0,299.41802134579444,1.0639187881619938,1768.1383924423676,-266437.5096378505,26.548634862928346,0.05356874454828661
107,22675.0,299.3833691327161,1.0638250185185185,1769.989563185185,-266437.50086805556,26.58051107716049,0.05341865123456791
108,22700.0,299.39925192048935,1.0636999816513761,1771.833681235474,-266437.4950305811,26.612945709480123,0.053224452599388385
109,22725.0,299.3294886272727,1.0635571909090908,1773.6739784090908,-266437.4857954546,26.646107975757577,0.05300725757575758
110,22750.0,299.25097791591594,1.0634117957957958,1775.5103802792792,-266437.47691441444,26.68052393093093,0.0527915975975976
111,22775.0,299.2655634821429,1.0632776636904764,1777.3408924494047,-266437.47302827385,26.716209836309528,0.052600291666666674
112,22800.0,299.2999825191741,1.0631667876106194,1779.1656047876106,-266437.471331121,26.75124821828909,0.0524561179941003
113,22825.0,299.31332084502924,1.0630837251461989,1780.9874942690058,-266437.46993786556,26.784638049707606,0.052373529239766084
114,22850.0,299.3203692521739,1.0630226347826088,1782.8046846521738,-266437.46838768123,26.81775450144928,0.05235296231884058
115,22875.0,299.3782924568966,1.0629779080459771,1784.6181594885056,-266437.46946839086,26.851011908045983,0.05239183045977012
116,22900.0,299.35456260398865,1.0629444985754986,1786.4274408119657,-266437.4672364673,26.88275986894587,0.052470239316239314
117,22925.0,299.3303379915254,1.062915223163842,1788.234317759887,-266437.4657485876,26.91381030225989,0.05255583050847458
118,22950.0,299.3404779579832,1.0628856862745097,1790.0365262380953,-266437.4671743698,26.94480536414566,0.05262078151260505
119,22975.0,299.27298088055556,1.0628561416666666,1791.833865475,-266437.4663194445,26.97552571666667,0.05265181944444445
120,23000.0,299.2793893030303,1.0628240523415977,1793.6277770853994,-266437.4694387053,27.006636509641876,0.052641592286501386
121,23025.0,299.303972363388,1.062792524590164,1795.4187756530055,-266437.47318989073,27.03742597814208,0.052603213114754105
122,23050.0,299.2306112791328,1.0627606368563687,1797.2058031300814,-266437.47052845533,27.067571178861794,0.05255279132791329
123,23075.0,299.21512803494625,1.0627265967741935,1798.9902696290321,-266437.4685819893,27.09778215053764,0.05250046236559141
124,23100.0,299.2721158026667,1.0626845040000001,1800.7713610826665,-266437.46775,27.128431453333338,0.052443650666666675
125,23125.0,299.31714997619054,1.062630335978836,1802.5488989920634,-266437.4645337302,27.160773788359794,0.052376089947089956
126,23150.0,299.3744392047244,1.0625681207349083,1804.325345973753,-266437.4603018373,27.19310000787402,0.05229707349081366
127,23175.0,299.4511153541667,1.0625022968750002,1806.0995668463538,-266437.4567057292,27.22627675260417,0.052204575520833345
128,23200.0,299.5488654031008,1.0624355943152457,1807.8717313617567,-266437.4555878553,27.25964433074936,0.05209818604651164
129,23225.0,299.63209950000004,1.0623699076923079,1809.6418517384611,-266437.4564903846,27.29224682564103,0.05198185897435899
130,23250.0,299.5729516412214,1.0623096819338427,1811.4100610534347,-266437.454755089,27.32385409160306,0.05186330788804072
131,23275.0,299.5810947575758,1.0622570732323235,1813.17695180303,-266437.46125315654,27.35581355555556,0.05174693686868687
132,23300.0,299.3909668897243,1.0622133258145368,1814.9405954385961,-266437.461231203,27.388174265664162,0.051640546365914794
133,23325.0,299.25237955223884,1.0621778955223886,1816.7002509029849,-266437.4641635572,27.421151651741297,0.051549818407960205
134,23350.0,299.124383508642,1.0621569160493831,1818.4585721679011,-266437.46550925926,27.45435680246914,0.0514849950617284
135,23375.0,299.082598262255,1.0621545686274514,1820.2133158161762,-266437.4672947304,27.487760906862746,0.051452426470588244
136,23400.0,299.1257393819952,1.0621681678832122,1821.9658268905107,-266437.46867396595,27.52189174452555,0.05144730413625305
137,23425.0,299.20369934057976,1.0621940314009668,1823.7161534202896,-266437.4671648551,27.555369615942034,0.05146285265700484
138,23450.0,299.2344969088729,1.0622299544364513,1825.463844565947,-266437.4604316547,27.589722755395687,0.05149296642685852
139,23475.0,299.3028716357143,1.062278602380953,1827.2094416476189,-266437.4544642857,27.623067050000007,0.051541764285714296
140,23500.0,299.37704567848704,1.0623416713947995,1828.9539214208037,-266437.4481382979,27.655680789598115,0.05161365011820331
141,23525.0,299.46118134976524,1.062415551643193,1830.6966893004694,-266437.4443955399,27.687759755868548,0.051701319248826295
142,23550.0,299.5138901678322,1.0624970559440565,1832.4381525990677,-266437.4431089743,27.720167976689982,0.051799706293706296
143,23575.0,299.5349804513889,1.0625844513888894,1834.1776017847224,-266437.4456741898,27.752161212962967,0.05190657407407408
144,23600.0,299.4998391816092,1.0626714758620694,1835.9143363172414,-266437.4505747126,27.783873395402303,0.05201162298850575
145,23625.0,299.3924631484018,1.062757675799087,1837.64900106621,-266437.45640696347,27.81679023515982,0.052115317351598175
146,23650.0,299.2334084988662,1.0628505283446714,1839.3818604331068,-266437.46244331065,27.84993897959184,0.05223219501133787
147,23675.0,299.1374932567567,1.062954943693694,1841.1120035360364,-266437.4713541666,27.882879042792798,0.05237225900900901
148,23700.0,299.04837097762857,1.0630762505592846,1842.8394746017898,-266437.47790827736,27.916535091722597,0.0525476129753915
149,23725.0,299.0515651311111,1.0632151311111115,1844.5658957288892,-266437.48437499994,27.95063830444445,0.05276223555555556
150,23750.0,299.05318268211914,1.0633664900662256,1846.2904601986759,-266437.485513245,27.983520540838853,0.05300850110375276
151,23775.0,299.0695654780701,1.063523945175439,1848.0126287412284,-266437.4835526315,28.015163835526316,0.05327441666666668
152,23800.0,299.17053708496724,1.0636735359477127,1849.7331263812641,-266437.4839324618,28.046899435729852,0.053528684095860576
153,23825.0,299.22556071212114,1.0637992012987016,1851.4521725865807,-266437.4821428571,28.08038765800866,0.05373550865800867
154,23850.0,299.2154889741935,1.0638958881720433,1853.1699964795705,-266437.47896505374,28.113554886021507,0.05388419139784947
155,23875.0,299.1734078055555,1.0639687542735048,1854.8867921602568,-266437.47636217944,28.14686677564103,0.05398595940170941
156,23900.0,299.13587208067935,1.0640253481953295,1856.600668159236,-266437.4747876857,28.180138093418268,0.05405623142250532
157,23925.0,299.14328882489446,1.0640720759493676,1858.3133713649793,-266437.47580432484,28.213858571729965,0.054105784810126595
158,23950.0,299.1451702180293,1.0641142117400424,1860.0238933710696,-266437.4767426624,28.24752840880504,0.05414255765199162
159,23975.0,299.05552974374996,1.0641561645833337,1861.7324771937504,-266437.47317708324,28.281001318750008,0.05417500625000001
160,24000.0,299.1020567888198,1.0641958343685305,1863.4398718778473,-266437.47496118,28.313780188405804,0.05420179917184267
161,24025.0,299.16459506172833,1.064232154320988,1865.146406683128,-266437.4760159464,28.347001255144043,0.05422384773662553
162,24050.0,299.25827148261754,1.0642637096114522,1866.8517659918202,-266437.4789749488,28.380415680981606,0.054241171779141124
163,24075.0,299.3122361930894,1.0642904329268297,1868.5555255487807,-266437.48164380074,28.41558497967481,0.05425403455284555
164,24100.0,299.3370147616161,1.0643162464646467,1870.2576031818182,-266437.4849116161,28.4507055878788,0.05426702424242426
165,24125.0,299.3005453413654,1.0643482811244984,1871.9571887851407,-266437.48719879513,28.48570033935744,0.05429087951807231
166,24150.0,299.2132802914171,1.0643898762475053,1873.6547079680638,-266437.4878368263,28.521798497005996,0.054329844311377266
167,24175.0,299.21944461309516,1.0644402916666669,1875.3513216964286,-266437.4929315476,28.558006587301595,0.05438173611111113
168,24200.0,299.22361267455614,1.064500972386588,1877.0471763668638,-266437.4967332347,28.59371564299804,0.05445056015779094
169,24225.0,299.2148817529411,1.0645693843137256,1878.7415871078429,-266437.49828431365,28.629085501960795,0.05453387450980394
170,24250.0,299.17985774463926,1.0646428713450293,1880.4339915380115,-266437.4964668615,28.664314769980518,0.054628594541910346
171,24275.0,299.2169479418604,1.0647215038759692,1882.1258909147284,-266437.4960029069,28.699888213178305,0.0547364573643411
172,24300.0,299.2263225356454,1.0648028882466283,1883.8169951946047,-266437.4921724469,28.73493735838151,0.05485426589595377
173,24325.0,299.2873594022988,1.0648810249042147,1885.5074061609191,-266437.49030172406,28.770609586206906,0.054971436781609206
174,24350.0,299.2773452419047,1.0649508704761905,1887.1974077619043,-266437.4848214285,28.80633968190477,0.05508119238095239
175,24375.0,299.3359460416666,1.0650093125,1888.8859152329542,-266437.4832504734,28.842516903409102,0.05517949431818183
176,24400.0,299.3476977890772,1.065054900188324,1890.5735256591336,-266437.4803436911,28.87836318079097,0.055262969868173265
177,24425.0,299.37706593258423,1.0650911629213484,1892.2602140805243,-266437.4803955992,28.913891455056188,0.05533810486891387
178,24450.0,299.4173717541899,1.065124800744879,1893.945440094972,-266437.48312383605,28.948344972067044,0.055415156424581016
179,24475.0,299.373734974074,1.0651590703703704,1895.629139335185,-266437.4833333333,28.98303148333334,0.055495303703703716
180,24500.0,299.36148050828723,1.0651923977900553,1897.3126085101287,-266437.4859576427,29.017990946593006,0.05557097421731125
181,24525.0,299.2916605183149,1.0652263882783883,1898.9948473168497,-266437.4863209707,29.05315952564103,0.05563822710622713
182,24550.0,299.21638517122034,1.0652628488160292,1900.6762714153006,-266437.48605418944,29.08699375227687,0.055696734061930805
183,24575.0,299.1809829528985,1.0653019619565218,1902.3571215887682,-266437.4861299819,29.1212712518116,0.055748865942029005
184,24600.0,299.18860749189184,1.0653438,1904.0375779261262,-266437.4867117117,29.15583034594595,0.05579731891891894
185,24625.0,299.2388328978494,1.0653870250896058,1905.7172311577062,-266437.4876792114,29.19005892293907,0.055842677419354864
186,24650.0,299.26449468270937,1.065422953654189,1907.3961170534758,-266437.4864081996,29.225144228163998,0.05587204634581108
187,24675.0,299.22929395744677,1.0654458617021276,1909.0732786968085,-266437.4818816489,29.261164725177313,0.05587875531914896
188,24700.0,299.2780319911816,1.065453860670194,1910.7489279576719,-266437.4816468254,29.297184888888896,0.05586368783068786
189,24725.0,299.335068691228,1.065450189473684,1912.4237503298245,-266437.48278508766,29.334228712280712,0.055835177192982484
190,24750.0,299.2910472164048,1.0654391239092493,1914.0976060157068,-266437.480148342,29.371159979057605,0.055800115183246096
191,24775.0,299.25590698611103,1.0654224392361111,1915.7704714652775,-266437.47927517357,29.406434470486122,0.055758951388888915
192,24800.0,299.2567489430051,1.0654007875647666,1917.442227984456,-266437.4815954231,29.441497274611407,0.05570828151986185
193,24825.0,299.2650208298968,1.0653725498281785,1919.1128650154637,-266437.48555627145,29.47655608419245,0.0556433436426117
194,24850.0,299.2619462102563,1.065333576068376,1920.7830187948716,-266437.4902243589,29.512197143589752,0.05555815042735045
195,24875.0,299.2350293741496,1.0652828826530611,1922.45241042517,-266437.49415391154,29.54827369387756,0.05545349319727893
196,24900.0,299.2192152047376,1.0652220152284262,1924.1210102098137,-266437.498360829,29.58414797969544,0.05533490862944164
197,24925.0,299.2445870101009,1.0651551245791244,1925.7881727845115,-266437.5039983165,29.620540104377113,0.055210907407407424
198,24950.0,299.26930652261296,1.0650915108877719,1927.454336656616,-266437.5087416247,29.656542737018434,0.055094634840871036
199,24975.0,299.27738544666653,1.065041533333333,1929.1197482516664,-266437.5115624999,29.692563071666672,0.055000370000000014
200,25000.0,299.26776311276933,1.065008270315091,1930.78473340796,-266437.51295605296,29.72714027529022,0.05493361359867331
201,25025.0,299.2247629455444,1.064990415841584,1932.4499792689767,-266437.511705858,29.760423493399347,0.05489330528052806
202,25050.0,299.22433278325104,1.0649879868637107,1934.1154705320193,-266437.5122126436,29.794081568144506,0.054878967159277516
203,25075.0,299.1929525310456,1.0650024640522873,1935.7797026372543,-266437.51077410125,29.827003245098044,0.054892433006535964
204,25100.0,299.19777766829253,1.0650314747967475,1937.4445126715443,-266437.51067073166,29.859095089430898,0.05492862764227644
205,25125.0,299.2538317297733,1.065070406148867,1939.1096563025887,-266437.5135012135,29.89055980097088,0.054978124595469274
206,25150.0,299.2863570611915,1.0651139983896936,1940.7743169581317,-266437.51590177126,29.922053260869575,0.055031452495974256
207,25175.0,299.313946065705,1.0651597163461535,1942.4391749535255,-266437.51943108963,29.954385012820524,0.05508515384615387
208,25200.0,299.31750559330135,1.065206698564593,1944.1045892360444,-266437.52372408286,29.985791658692197,0.055139786283891566
209,25225.0,299.31073072539675,1.0652543539682535,1945.7688263190473,-266437.5289186507,30.016933528571442,0.05519573809523812
210,25250.0,299.23951161453385,1.06530383728278,1947.4315504818323,-266437.53149684035,30.048039063191165,0.05525578357030018
211,25275.0,299.2310270125785,1.0653554150943392,1949.092615933962,-266437.53719536157,30.079432147798755,0.055320630503144674
212,25300.0,299.20070687480427,1.0654107605633798,1950.7522010970263,-266437.5413243348,30.110843624413157,0.05539356181533648
213,25325.0,299.15975840965723,1.0654695155763236,1952.4116663395637,-266437.54390576313,30.142479146417458,0.05547404205607478
214,25350.0,299.1301185255813,1.065530187596899,1954.0733235829455,-266437.5455426356,30.17373128682172,0.05555899224806203
215,25375.0,299.170211103395,1.065595009259259,1955.737866212963,-266437.5487075616,30.204100263888904,0.05565254320987655
216,25400.0,299.21367868817197,1.0656660721966202,1957.4043478202764,-266437.5510752687,30.233578116743487,0.055759474654377895
217,25425.0,299.23184461620787,1.0657455214067275,1959.0744725550458,-266437.55208333326,30.263258642201848,0.05588457798165138
218,25450.0,299.24079894216123,1.0658328477929981,1960.7476412876713,-266437.5529870623,30.292414423135476,0.05602667427701675
219,25475.0,299.2646298575757,1.065925606060606,1962.423410878788,-266437.55530303024,30.321397466666678,0.05618076666666667
220,25500.0,299.2563723031673,1.0660214690799394,1964.1017175595778,-266437.55689102557,30.350405968325806,0.05634295927601811
221,25525.0,299.2161483123122,1.0661166696696693,1965.7820120375377,-266437.55747935426,30.379366638138148,0.056506067567567576
222,25550.0,299.2041920523168,1.0662065455904333,1967.4646351659196,-266437.5599775784,30.408370881913314,0.05666099103139014
223,25575.0,299.16812827380943,1.066293120535714,1969.1490671413692,-266437.56184895826,30.43783508779763,0.05681235267857144
224,25600.0,299.1706399837036,1.066378533333333,1970.8356574414818,-266437.56578703696,30.467411242962974,0.05696521777777779
225,25625.0,299.1489329660766,1.0664631769911501,1972.5245571592923,-266437.5684457964,30.497516025073757,0.057121610619469035
226,25650.0,299.1303324302495,1.0665482232011745,1974.215896831131,-266437.57057635824,30.528551019089583,0.05728546989721
227,25675.0,299.13476909502907,1.0666363245614032,1975.9096714736845,-266437.5730994151,30.558874428362582,0.057464684210526334
228,25700.0,299.15338527365344,1.0667295924308586,1977.6058222197964,-266437.5753275108,30.589319740902486,0.057665393013100454
229,25725.0,299.18284909855055,1.066828024637681,1979.3040153057975,-266437.5776268115,30.620044914492762,0.057885443478260884
230,25750.0,299.1780865353534,1.0669312077922077,1981.0031183924968,-266437.57810245303,30.650745813852822,0.05812042279942281
231,25775.0,299.22683738649414,1.0670361954022987,1982.7034245387936,-266437.5813128591,30.68083711637932,0.05835977298850576
232,25800.0,299.2539267854076,1.0671401888412015,1984.406409384836,-266437.5839145207,30.711115104434917,0.05859401144492133
233,25825.0,299.26103520370356,1.0672404857549855,1986.1123042207983,-266437.5863603988,30.74156470085471,0.05881541737891739
234,25850.0,299.2440979021275,1.0673367205673756,1987.820196914894,-266437.5881648935,30.771236143262417,0.05902028510638299
235,25875.0,299.25103209604504,1.0674317937853106,1989.5308386370061,-266437.5914548022,30.801317241525428,0.05921388841807911
236,25900.0,299.2331652714485,1.067528734177215,1991.2433954697613,-266437.5937939521,30.830825714486643,0.0594041983122363
237,25925.0,299.30882579831916,1.0676289313725489,1992.9584132198884,-266437.6011904761,30.85948771988796,0.05959955322128853
238,25950.0,299.3030165034866,1.0677316066945606,1994.6759396122736,-266437.60512552294,30.887346493723854,0.05980429846582986
239,25975.0,299.2707265611109,1.067835372222222,1996.3957255361115,-266437.607986111,30.914831263888892,0.06001783750000001
240,26000.0,299.2535237869984,1.0679399114799444,1998.1172085394194,-266437.6116874135,30.94163347441217,0.06023773443983404
241,26025.0,299.21239722176284,1.0680432506887048,1999.8409640261712,-266437.6135072313,30.968776272727276,0.060455581267217645
242,26050.0,299.23718109190645,1.0681443045267487,2001.5668742496575,-266437.617669753,30.995940061728398,0.06066446227709192
243,26075.0,299.2463614480872,1.0682405027322401,2003.2949531625686,-266437.62021857913,31.022442061475413,0.06085363524590165
244,26100.0,299.23696931292494,1.068326583673469,2005.0257353673474,-266437.6213010203,31.04921881496599,0.06100964761904763
245,26125.0,299.2453897073168,1.0684003523035228,2006.7582502899734,-266437.62284044706,31.07618090108401,0.06113067344173443
246,26150.0,299.28497915114684,1.0684582995951415,2008.492412589744,-266437.6253795546,31.10353476383266,0.061214510121457504
247,26175.0,299.3131938709675,1.0685009422043008,2010.2281342365595,-266437.6274361558,31.130913072580647,0.06126725134408603
248,26200.0,299.3144041218204,1.0685308995983933,2011.9660919531461,-266437.62838855415,31.15787763186078,0.06129644444444446
249,26225.0,299.31269859199983,1.0685498626666663,2013.7056097773336,-266437.6299583333,31.185063194666668,0.06130553866666669
250,26250.0,299.292050010624,1.0685628379814072,2015.4473022257641,-266437.63164010615,31.212207739707836,0.06130366268260294
251,26275.0,299.27963022883586,1.0685763650793647,2017.1908658042332,-266437.63458994706,31.24011316137566,0.061303193121693134
252,26300.0,299.25014096047414,1.0685976403162052,2018.9369678313574,-266437.63718708826,31.268359587615286,0.06131900395256918
253,26325.0,299.220301250656,1.068632954068241,2020.685062814961,-266437.640214895,31.296321611548557,0.06136655380577429
254,26350.0,299.2125560718953,1.0686843411764702,2022.434838473203,-266437.64419934637,31.32397845359477,0.061452797385620934
255,26375.0,299.1895390117186,1.0687510846354162,2024.1866084752608,-266437.6466471354,31.350818897135415,0.06157765364583335
256,26400.0,299.1959725214006,1.0688309247730217,2025.9404717769135,-266437.6493190661,31.377745120622567,0.06173432814526591
257,26425.0,299.2245663385011,1.0689224250645992,2027.6956601111115,-266437.65229328163,31.4038853372093,0.06191763695090441
258,26450.0,299.20071174646057,1.069022777348777,2029.4514213410555,-266437.65186615183,31.42965646460746,0.06212182754182756
259,26475.0,299.1984330589742,1.0691287999999997,2031.2093520679489,-266437.651963141,31.455326921794867,0.06234026410256412
260,26500.0,299.2283361966793,1.0692351941251594,2032.9690979272034,-266437.6531369731,31.480912091954018,0.062560122605364
261,26525.0,299.2228543676843,1.0693354732824425,2034.7308112022904,-266437.65231393126,31.506531651399484,0.0627639338422392
262,26550.0,299.22668886565253,1.0694246996197716,2036.4946755348544,-266437.6518932192,31.532041338403037,0.0629391533586819
263,26575.0,299.24728473106046,1.0695001186868685,2038.2599322563135,-266437.65246212116,31.557639570707064,0.06307909722222224
264,26600.0,299.25940387547155,1.0695628176100627,2040.0260710163525,-266437.65290880494,31.584229153459113,0.06318723018867928
265,26625.0,299.27402925187954,1.06961605764411,2041.793254536341,-266437.65421365906,31.61101006015037,0.06327291228070178
266,26650.0,299.30268961548046,1.0696623895131085,2043.56163009613,-266437.65742041194,31.638262858926332,0.06334290761548068
267,26675.0,299.26672038557194,1.0697052263681592,2045.3321182151744,-266437.65807680343,31.665572526119398,0.06340451492537316
268,26700.0,299.27450501115226,1.0697479814126394,2047.103616895911,-266437.6608968401,31.693845454770745,0.06346413382899631
269,26725.0,299.29076370370353,1.0697947641975307,2048.8759102530867,-266437.66423611104,31.72169062469135,0.063530362962963
270,26750.0,299.2662520123,1.0698484194341944,2050.649732186962,-266437.66516758915,31.749159500615,0.0636096851168512
271,26775.0,299.2557645980391,1.0699084583333334,2052.4254741936275,-266437.66628370096,31.77591577083333,0.0637017279411765
272,26800.0,299.24953422100106,1.069974904761905,2054.2032358522592,-266437.6669337606,31.80200843956043,0.06380779853479857
273,26825.0,299.2479501094889,1.0700501727493918,2055.9831430401464,-266437.66738899023,31.827712282238434,0.06393549270072996
274,26850.0,299.2572673030302,1.0701358424242426,2057.7654514339397,-266437.6676893939,31.853014825454533,0.06409079272727275
275,26875.0,299.2689771702897,1.070234007246377,2059.5497372524155,-266437.6676856884,31.87838765458936,0.06428028864734302
276,26900.0,299.2793198916966,1.0703421359807463,2061.3361578772565,-266437.667343562,31.90382161612514,0.06449906016847175
277,26925.0,299.3151709424459,1.0704532194244607,2063.1253047470027,-266437.66820293764,31.928067514388477,0.06473053717026381
278,26950.0,299.2993677407406,1.070563438470729,2064.9160117586625,-266437.6672267025,31.951542434886484,0.0649640621266428
279,26975.0,299.2984089738094,1.0706700654761907,2066.708843859524,-266437.66789434524,31.974743853571415,0.06518957976190479
280,27000.0,299.2937924436535,1.0707688279952554,2068.503026202847,-266437.6693727758,31.997826469750876,0.06539343772241996
281,27025.0,299.2725953782504,1.070858617021277,2070.298826070922,-266437.67076684395,32.02106473758864,0.06557128486997639
282,27050.0,299.2323264193167,1.070938959952886,2072.0957285229683,-266437.67137809185,32.04486565017667,0.065721902237927
283,27075.0,299.225230245305,1.0710106267605637,2073.893817694836,-266437.6736355634,32.06841595892018,0.06584873239436621
284,27100.0,299.202152859649,1.0710752444444447,2075.6926531368426,-266437.67470760236,32.092180202339165,0.06595730994152049
285,27125.0,299.1864554044288,1.071133743589744,2077.4891310769235,-266437.6754443474,32.116288268065254,0.06605147902097905
286,27150.0,299.18579125551673,1.0711896062717774,2079.283553650407,-266437.6763937283,32.14051822067362,0.06614034378629503
287,27175.0,299.20818680439805,1.0712469166666672,2081.0757868981486,-266437.6780237269,32.1652452372685,0.06623417939814819
288,27200.0,299.20547508996526,1.0713094982698967,2082.8670213125724,-266437.67791234143,32.19029002883505,0.06634292041522495
289,27225.0,299.21512905747113,1.0713789057471268,2084.658714712644,-266437.67801724136,32.21523964597699,0.06647153333333336
290,27250.0,299.23435289003424,1.0714540022909511,2086.451724978236,-266437.679016323,32.240660796105374,0.06661675257731962
291,27275.0,299.238178328767,1.0715337819634707,2088.2465837271693,-266437.67972317355,32.26656191095889,0.0667736358447489
292,27300.0,299.22694750398165,1.0716186518771336,2090.0428561990902,-266437.6804963026,32.29218630602956,0.06694048805460755
293,27325.0,299.2383535521541,1.071707793650794,2091.840822582767,-266437.683106576,32.31742610657595,0.06711414739229028
294,27350.0,299.21381329378517,1.0717983638418083,2093.640017056498,-266437.68411016953,32.34247129265535,0.06728782146892659
295,27375.0,299.197552054054,1.0718873288288293,2095.439886778154,-266437.68514217343,32.367300815315296,0.06745512725225229
296,27400.0,299.13954836251395,1.0719736127946133,2097.2415982817065,-266437.68378226715,32.391522547699196,0.06761419191919195
297,27425.0,299.1398020313198,1.0720567852349,2099.044623985459,-266437.6848084452,32.41551371923936,0.06776476510067117
298,27450.0,299.1610846822741,1.072135742474917,2100.849060210703,-266437.6858277592,32.43968541694536,0.0679051694537347
299,27475.0,299.17346696888876,1.072208555555556,2102.654767753334,-266437.685625,32.46360095222221,0.06803161444444447
300,27500.0,299.1814126877075,1.072271751937985,2104.4617957519386,-266437.68441998895,32.48787141528238,0.06813696788482838
301,27525.0,299.1957597847681,1.072320309050773,2106.2698807351,-266437.68301600445,32.51288256401765,0.06821151655629142
302,27550.0,299.2284453003299,1.0723517205720576,2108.0785337700777,-266437.68261826184,32.539082618261816,0.0682522189218922
303,27575.0,299.2576001085525,1.0723690186403512,2109.8885592697375,-266437.6825657895,32.56580070065788,0.06826712609649124
304,27600.0,299.25504994098344,1.0723766120218583,2111.6997054142084,-266437.68176229513,32.59190334644808,0.06826532568306012
305,27625.0,299.25794144117634,1.0723788801742924,2113.5121075969505,-266437.6823597495,32.61798606971677,0.06825383986928106
306,27650.0,299.2311568273614,1.0723799370249731,2115.325410027145,-266437.68251221505,32.643936064060796,0.06823896959826277
307,27675.0,299.21923892532453,1.0723838419913423,2117.139845151516,-266437.6840503247,32.67007676839826,0.06822795454545455
308,27700.0,299.2262478122976,1.072395186623517,2118.9554125167215,-266437.68679207127,32.69602042718446,0.06822974325782093
309,27725.0,299.19506508494607,1.0724143827956993,2120.7722027376353,-266437.6872311829,32.721603945161284,0.06824563225806451
310,27750.0,299.176582317256,1.0724402079314044,2122.5905362122194,-266437.68763397646,32.74695551232582,0.06827484887459806
311,27775.0,299.18817986111094,1.072470243589744,2124.409944524574,-266437.6885349894,32.77231812927349,0.06831483119658119
312,27800.0,299.21881754845566,1.0724982630457938,2126.2294123258794,-266437.68962992553,32.79771666666666,0.06835422790202343
313,27825.0,299.2628123142249,1.072517039278132,2128.049633294056,-266437.6911823249,32.82328323460721,0.06837944904458598
314,27850.0,299.26876584232787,1.0725221460317464,2129.8713431703713,-266437.6909391535,32.84873086772485,0.06838244656084655
315,27875.0,299.2944950717298,1.0725122911392408,2131.693566058018,-266437.69221387134,32.87490908438817,0.06836091455696201
316,27900.0,299.3153343753942,1.0724875509989487,2133.516036733965,-266437.6936777077,32.90150539327023,0.06831510199789695
317,27925.0,299.3211788364778,1.072451161425577,2135.3401516572335,-266437.69487028307,32.92829817295596,0.0682497106918239
318,27950.0,299.3272964921629,1.0724084399164058,2137.165171103449,-266437.69641457684,32.95553928317658,0.06817177220480668
319,27975.0,299.30372365520816,1.072363922916667,2138.991606046876,-266437.6965494792,32.983066401041654,0.06808739479166666
320,28000.0,299.29386310072675,1.0723227175493255,2140.81892628349,-266437.69772196264,33.01070886500518,0.06800504984423675
321,28025.0,299.28630658488595,1.0722903716356111,2142.646734202899,-266437.6989195135,33.03865647412007,0.06793480848861283
322,28050.0,299.25899799896786,1.0722717626418994,2144.4747362724465,-266437.69875516,33.06636011661505,0.06788601238390092
323,28075.0,299.27317974691346,1.0722702355967082,2146.304089365227,-266437.7004243827,33.09408755658435,0.06786622119341564
324,28100.0,299.28721301641013,1.0722861579487184,2148.1348393548724,-266437.70185897435,33.12169682871794,0.06787831897435898
325,28125.0,299.2998417300612,1.0723174989775055,2149.96693917178,-266437.7030610941,33.14912002658485,0.06792084764826176
326,28150.0,299.28903659734954,1.0723623893985732,2151.8005230713566,-266437.7031090724,33.176362080530055,0.06799189500509685
327,28175.0,299.28498739024377,1.072418678861789,2153.6352925660576,-266437.7036966463,33.203622808943074,0.06808851727642277
328,28200.0,299.3074918125632,1.0724855390070926,2155.471056452888,-266437.70570542046,33.23091426849036,0.06821040729483283
329,28225.0,299.32759666262615,1.072561462626263,2157.3076992797987,-266437.70763888885,33.257798550505036,0.06835493434343434
330,28250.0,299.3084735538771,1.072642978851964,2159.145585622357,-266437.7075780463,33.28504976032224,0.06851421752265861
331,28275.0,299.2889975481927,1.0727266696787152,2160.9849200722897,-266437.7072351907,33.31295568473894,0.06867982730923695
332,28300.0,299.2766592332332,1.0728068138138143,2162.825728716717,-266437.70664414414,33.34028337237236,0.068836976976977
333,28325.0,299.2863738902195,1.0728788083832341,2164.6676637914175,-266437.7065556387,33.36763794610777,0.06897389421157686
334,28350.0,299.30501738109444,1.0729406139303488,2166.5094867273638,-266437.7063432836,33.394893666666654,0.06908661393034828
335,28375.0,299.3096387480158,1.0729918640873022,2168.3517696121035,-266437.7052641369,33.42216466369047,0.06917538591269842
336,28400.0,299.2990999970326,1.0730333679525228,2170.1947923827897,-266437.70354228484,33.449336135509384,0.0692430009891197
337,28425.0,299.29366911834313,1.073065132149902,2172.038915221894,-266437.7020771696,33.476379611439825,0.0692897130177515
338,28450.0,299.34384250639124,1.0730867069813181,2173.8833837305806,-266437.70301745326,33.503600229105196,0.06931518289085546
339,28475.0,299.34039469607836,1.073099320588236,2175.7282440813733,-266437.7014705882,33.5306134735294,0.06932276470588236
340,28500.0,299.34980199608987,1.0731055571847514,2177.5742339794724,-266437.7013379765,33.55765651319647,0.06931815933528838
341,28525.0,299.32332774756327,1.0731073333333339,2179.421111187135,-266437.70001827483,33.585052735867436,0.06930538206627682
342,28550.0,299.3357004421768,1.073107209912537,2181.268570879495,-266437.7012876579,33.612523837706505,0.06928956268221576
343,28575.0,299.3390686317829,1.0731084341085277,2183.116359797481,-266437.70248909877,33.639379185077516,0.06927732558139535
344,28600.0,299.3201344724637,1.0731137594202904,2184.9648582531404,-266437.7025966183,33.666046382608684,0.06927417101449276
345,28625.0,299.31043211849703,1.0731239354527946,2186.8149409412335,-266437.7028540462,33.692668629094406,0.06928075433526013
346,28650.0,299.3018800480307,1.07313765321806,2188.6662071421715,-266437.70256964455,33.71918324015369,0.06929312776176753
347,28675.0,299.30164536685817,1.0731541072796942,2190.5184044003836,-266437.7021372126,33.7461622413793,0.06930957375478929
348,28700.0,299.2771627459407,1.073172191977078,2192.3712877325697,-266437.69994627504,33.77340531232091,0.0693289770773639
349,28725.0,299.2874572866666,1.0731903847619055,2194.22504128381,-266437.6990178571,33.80036799238095,0.06935014761904763
350,28750.0,299.31243217094016,1.0732077682811023,2196.079139637227,-266437.698272792,33.827276260208926,0.06937394586894588
351,28775.0,299.31483186363636,1.0732229621212128,2197.9345532623106,-266437.69634824805,33.854105223484844,0.06939917140151516
352,28800.0,299.3351876647781,1.0732341898017004,2199.7909664910294,-266437.69564447587,33.88094026817752,0.06942258829084043
353,28825.0,299.3167474369115,1.0732409962335223,2201.648120223164,-266437.6934439736,33.90790781355932,0.06944216572504709
354,28850.0,299.31708772394364,1.0732444610328646,2203.5060206084504,-266437.69257629104,33.93531140281689,0.06945685070422536
355,28875.0,299.32247236423217,1.0732464953183527,2205.3646899016853,-266437.6922694288,33.962605104868906,0.06946732022471912
356,28900.0,299.3211544761905,1.073249603174604,2207.224133643324,-266437.69184757234,33.98891488422035,0.06947478898225957
357,28925.0,299.31452951769086,1.073255517690876,2209.083978772812,-266437.6911371043,34.0152062802607,0.06948116573556798
358,28950.0,299.29003609285047,1.0732657966573824,2210.944612309192,-266437.68941504176,34.041753198700086,0.06949072051996287
359,28975.0,299.27982902499997,1.0732815842592602,2212.8048003194444,-266437.68816550926,34.0681554037037,0.06950789907407408
360,29000.0,299.2966807765466,1.0733015650969537,2214.663500287165,-266437.6879905355,34.0942108245614,0.0695317645429363
361,29025.0,299.32411390515654,1.0733235303867412,2216.5206503333334,-266437.6882769337,34.119605749539595,0.06955868139963169
362,29050.0,299.3449443342516,1.0733456078971544,2218.376133782369,-266437.68876262626,34.14464316712581,0.0695851689623508
363,29075.0,299.3328462161172,1.0733669532967043,2220.2312440036626,-266437.688301282,34.17008451923077,0.0696096620879121
364,29100.0,299.31541940821916,1.073385088584476,2222.086295926027,-266437.68809931504,34.19570138812786,0.06962748219178083
365,29125.0,299.29665219034604,1.07339722313297,2223.942225532787,-266437.6879838342,34.22165976320583,0.06963364754098363
366,29150.0,299.2705698583106,1.0734029427792926,2225.798730419618,-266437.6870458673,34.24806039600363,0.06962798092643054
367,29175.0,299.28961494384055,1.0734016585144937,2227.656564657608,-266437.68716032605,34.27442455978261,0.06961003079710147
368,29200.0,299.3020070153568,1.0733927759710942,2229.5150712773257,-266437.68577800354,34.30125046341464,0.06957961427280941
369,29225.0,299.3230185117117,1.0733736972972983,2231.374164543243,-266437.6840934684,34.32857147207208,0.06953379279279281
370,29250.0,299.33080764240793,1.0733445462713398,2233.2341775112304,-266437.6813791554,34.356452314465415,0.06947481491464513
371,29275.0,299.3416043315412,1.073306141577062,2235.094877253584,-266437.6790434587,34.384545326164876,0.0694049919354839
372,29300.0,299.33929633512065,1.0732599892761403,2236.9558973449502,-266437.6764689454,34.41238795263629,0.0693260160857909
373,29325.0,299.353241697861,1.0732098342246,2238.8177319144384,-266437.67518939386,34.440771378787886,0.06924176470588238
374,29350.0,299.3590830791111,1.0731592880000012,2240.680222816,-266437.67413888883,34.46924474933334,0.06915681600000002
375,29375.0,299.34830825088653,1.073113515070923,2242.5431339831557,-266437.6727615248,34.49722085815604,0.06907814893617024
376,29400.0,299.33217677984084,1.0730763872679057,2244.4063839778955,-266437.6713914677,34.52467552608312,0.06901069761273212
377,29425.0,299.3359282760141,1.0730491569664915,2246.2698910352733,-266437.6712136243,34.551500501763684,0.0689569409171076
378,29450.0,299.33068632277923,1.0730305936675473,2248.1339174731747,-266437.67056948104,34.57760863764293,0.06891531838170627
379,29475.0,299.31783801666666,1.0730191964912292,2249.9988641587715,-266437.6693530701,34.60392187280703,0.06888352456140352
380,29500.0,299.330657727909,1.0730142843394586,2251.86406207699,-266437.66907261586,34.630386754155744,0.06886103674540685
381,29525.0,299.32763244764396,1.0730157364746957,2253.7301843438045,-266437.6675665357,34.65651986212916,0.06884859162303666
382,29550.0,299.3318112210618,1.0730242114882518,2255.597198932985,-266437.6661499129,34.68253679634466,0.06884859181897304
383,29575.0,299.3459808871528,1.0730367109375012,2257.4649229730903,-266437.6654730902,34.7084164748264,0.06885630989583336
384,29600.0,299.3500176891775,1.0730495073593085,2259.3336135913423,-266437.6647997835,34.734245077056286,0.06886494112554115
385,29625.0,299.3425015777202,1.073061086355787,2261.2036926329883,-266437.66399503447,34.76018194473231,0.06887159844559587
386,29650.0,299.3357115236865,1.0730709991386747,2263.075422497847,-266437.66349052533,34.78565792248064,0.06887538845822569
387,29675.0,299.34696574398623,1.0730776847079049,2264.947159709622,-266437.66395511164,34.81131293900345,0.06887342525773198
388,29700.0,299.3228260205655,1.073081055698373,2266.818663378749,-266437.6627570694,34.83659391773781,0.06886545158526136
389,29725.0,299.35322487264955,1.073080530769232,2268.6908055581202,-266437.6644230769,34.86170369145301,0.06885040683760685
390,29750.0,299.35038076641086,1.0730774620630872,2270.563331375107,-266437.6646419437,34.88668489428817,0.06883099744245526
391,29775.0,299.34777976785716,1.0730730884353754,2272.4365607406467,-266437.6648065476,34.91194180527213,0.06880969812925172
392,29800.0,299.3485209508058,1.0730683240033938,2274.3112217116204,-266437.66504983034,34.937331546225636,0.06878817048346059
393,29825.0,299.33393919458547,1.073063614213199,2276.187279020305,-266437.66455160745,34.96334579949241,0.0687672411167513
394,29850.0,299.3242844421941,1.0730583248945158,2278.064221396625,-266437.6640822785,34.98921289113926,0.06874541012658231
395,29875.0,299.31320042424244,1.0730531725589236,2279.9415630799667,-266437.66337857745,35.014755105218875,0.06872359090909094
396,29900.0,299.3015246347607,1.0730467917716215,2281.8192665113356,-266437.66220612935,35.04025536523932,0.06869949370277081
397,29925.0,299.341702760469,1.073036257118929,2283.6977118726973,-266437.6634736181,35.065817672529334,0.06866833333333336
398,29950.0,299.33296779365077,1.0730203174603183,2285.576839339182,-266437.66241123644,35.09169165998331,0.06862850375939852
399,29975.0,299.35090856749997,1.0729983333333342,2287.4567997475006,-266437.66294270835,35.118225669166684,0.06857914083333336
400,30000.0,299.3368876949293,1.072972694098089,2289.3376092335834,-266437.66209476313,35.14503872651706,0.06852431753948465
401,30025.0,299.3304437603648,1.072946008291875,2291.2190897321734,-266437.6618988392,35.17175122222224,0.068468868159204
402,30050.0,299.3249367121588,1.072920840363938,2293.1008497899097,-266437.6617297353,35.19922458064518,0.06841769478908191
403,30075.0,299.32903977310224,1.0728980470297038,2294.9830976311887,-266437.6618966585,35.226455817656785,0.06837245049504953
404,30100.0,299.3334710213991,1.0728782641975319,2296.866106618108,-266437.6620370371,35.253414066666686,0.06833350041152265
405,30125.0,299.3527071264367,1.072864027914615,2298.749399186372,-266437.66263854684,35.28015054926111,0.06830406075533664
406,30150.0,299.34559654217844,1.072856732186733,2300.6330057313685,-266437.6622133497,35.30681822440625,0.06828602866502868
407,30175.0,299.33907899183,1.0728567107843145,2302.5176566756545,-266437.6620455474,35.33374655800656,0.06828007271241832
408,30200.0,299.32971774816616,1.072865348818257,2304.4030351320303,-266437.6617002853,35.36030008638959,0.06828966259168706
409,30225.0,299.3319831658536,1.0728841699187002,2306.288670800814,-266437.66158536583,35.38695083577238,0.068318737398374
410,30250.0,299.3374399667477,1.0729137907542587,2308.1751935377138,-266437.6611668694,35.41334967072184,0.06836973073803733
411,30275.0,299.3462115922329,1.0729533042071207,2310.0624813106806,-266437.66077568766,35.43935781472494,0.06844211650485439
412,30300.0,299.36414570621463,1.073002280064569,2311.9499279814377,-266437.66086561745,35.46529204358355,0.06853492009685232
413,30325.0,299.39458840660217,1.0730603727858303,2313.8379308880844,-266437.6620873591,35.49109969806765,0.0686468776167472
414,30350.0,299.3776573381525,1.0731257277108444,2315.7263347004023,-266437.66127008037,35.516362334136566,0.06877412530120483
415,30375.0,299.37421901121786,1.0731957051282062,2317.615324203526,-266437.6616586539,35.54153398557694,0.0689113108974359
416,30400.0,299.3829876626698,1.073269661071144,2319.5047970247806,-266437.66324440454,35.566513515587545,0.06905773461231017
417,30425.0,299.3761051499202,1.0733451937799054,2321.395038837321,-266437.6647727273,35.59165695614037,0.06920825757575759
418,30450.0,299.36558336913276,1.0734193762927617,2323.2857678790774,-266437.6665672236,35.61674912808276,0.06935642243436756
419,30475.0,299.3484644277777,1.0734879261904773,2325.1768760500004,-266437.6682043651,35.64207069444446,0.06949229444444446
420,30500.0,299.35194752494056,1.0735488899445775,2327.0683374449727,-266437.6709471497,35.667429063341274,0.06961228028503565
421,30525.0,299.3621640742495,1.0736017353870468,2328.959974982623,-266437.6738003555,35.69342050000002,0.06971565086887838
422,30550.0,299.34831391883364,1.0736459566587875,2330.852064875493,-266437.67484239565,35.71955875728923,0.06980084475965329
423,30575.0,299.3459754394653,1.0736843962264162,2332.7444336139943,-266437.67568297964,35.74594693003147,0.06987412893081762
424,30600.0,299.3398807890195,1.0737191913725501,2334.637095935687,-266437.6754411765,35.77249828392159,0.06994080784313728
425,30625.0,299.34674373317677,1.0737505266040699,2336.53019501252,-266437.6748826292,35.79934587402193,0.07000217918622849
426,30650.0,299.3828309804839,1.0737783309914142,2338.4236589851685,-266437.6752537081,35.82608278610463,0.07005914285714286
427,30675.0,299.4007224696261,1.073802179127727,2340.317489605141,-266437.6746982088,35.85295629984426,0.07011130529595017
428,30700.0,299.3951851274281,1.0738233053613064,2342.211772376069,-266437.673149767,35.880384473970494,0.07016086480186481
429,30725.0,299.3770585131782,1.073845027906978,2344.1067126441867,-266437.67112403107,35.90789260155041,0.07021303333333334
430,30750.0,299.36963094740906,1.0738701291570003,2346.0018551136895,-266437.66973607894,35.935000170920354,0.07027112142304719
431,30775.0,299.37088953395056,1.073900237654322,2347.897506666667,-266437.66919849545,35.96201931867285,0.07033732947530866
432,30800.0,299.3684897705927,1.0739358999230189,2349.793274137029,-266437.6692167052,35.988990732101634,0.07041251501154736
433,30825.0,299.36065966897075,1.0739755368663606,2351.689321727343,-266437.66961885564,36.01555236635946,0.07049344239631337
434,30850.0,299.34163459616855,1.0740165057471276,2353.585680622989,-266437.6699233717,36.041700433716485,0.07057538620689656
435,30875.0,299.318854296636,1.0740564396024475,2355.482792541285,-266437.6701070337,36.06827362079512,0.07065334938837921
436,30900.0,299.2953221838291,1.0740944370709393,2357.3782830778036,-266437.6700276507,36.09486929214341,0.07072463157894737
437,30925.0,299.28961739345505,1.0741300357686465,2359.2719549041103,-266437.67044805945,36.12112545357687,0.07078796270928463
438,30950.0,299.29435200607435,1.0741642824601378,2361.1641075155662,-266437.67093773733,36.14764750037966,0.07084579574791193
439,30975.0,299.3096797848484,1.0741982886363648,2363.0547126196975,-266437.6714251895,36.17436311969698,0.07090167196969697
440,31000.0,299.3135160385487,1.0742328609221479,2364.945185764173,-266437.67091836745,36.20059709750568,0.07095828571428571
441,31025.0,299.3317373039215,1.0742675316742094,2366.8360629788845,-266437.6711444194,36.22646163197588,0.0710151334841629
442,31050.0,299.34796952896914,1.0743016689240041,2368.7276944093305,-266437.6713929647,36.25243225658391,0.07107103987960872
443,31075.0,299.3523995135135,1.0743328220720734,2370.6201074121627,-266437.67138231994,36.27811804054055,0.07112076801801802
444,31100.0,299.3569356786516,1.0743601101123608,2372.5134469056184,-266437.6718867042,36.30417803670413,0.07116248539325842
445,31125.0,299.349872457399,1.07438319581465,2374.4071425717493,-266437.67231875943,36.329968436472356,0.0711955553064275
446,31150.0,299.3505276174496,1.0744009873228946,2376.3011323631627,-266437.67386744975,36.355745379567495,0.07121757941834453
447,31175.0,299.3169483415178,1.0744130892857153,2378.195109847471,-266437.6743861608,36.38132963764882,0.07122815476190476
448,31200.0,299.30255168002964,1.0744194320712708,2380.089576198219,-266437.67580734973,36.40676062212325,0.0712280586488493
449,31225.0,299.29563035407404,1.0744218577777789,2381.984555888149,-266437.6771990741,36.43219818000001,0.07122159555555556
450,31250.0,299.3044128913525,1.0744235284552857,2383.879865473763,-266437.6790234664,36.45766841759055,0.071215118255728
451,31275.0,299.3049074948377,1.07442634882006,2385.7753907234523,-266437.6800562316,36.48306905383482,0.07121215560471976
452,31300.0,299.2876487682119,1.0744314392935994,2387.6711872928636,-266437.67988870497,36.50779029580575,0.07121540618101545
453,31325.0,299.2508887378854,1.0744397261380334,2389.5679543781216,-266437.6782075992,36.53277047650515,0.07122795668135094
454,31350.0,299.26400697948714,1.074451857875459,2391.465355306961,-266437.67827380955,36.55769926666668,0.07125213772893772
455,31375.0,299.2862311929824,1.074467696637428,2393.3631193742704,-266437.6777686404,36.583011763888905,0.07128777266081872
456,31400.0,299.31717406418664,1.074487699489425,2395.261602308535,-266437.67737964995,36.608198182348666,0.07133401021152444
457,31425.0,299.3404989796215,1.0745115320232907,2397.1601578304235,-266437.6766057133,36.63363622489084,0.07138704512372634
458,31450.0,299.3284676281771,1.0745376681191006,2399.0589992091514,-266437.6744507989,36.659106188090064,0.07144155555555555
459,31475.0,299.32167506739125,1.074564007246378,2400.958022550001,-266437.6727355073,36.68457570724639,0.07149146739130434
460,31500.0,299.3445845039768,1.074589885032539,2402.857488639914,-266437.67274493864,36.70969274981925,0.07153548517715111
461,31525.0,299.3522121320346,1.074614510822512,2404.7577106962494,-266437.6725063132,36.735091922077935,0.07157364502164501
462,31550.0,299.3450401295896,1.0746373678905699,2406.658502968324,-266437.6722687186,36.760169149028094,0.07160654283657306
463,31575.0,299.32913574353444,1.0746579202586217,2408.559748363507,-266437.67250359204,36.78509453017243,0.07163467025862068
464,31600.0,299.30794602293906,1.0746762322580656,2410.4615245204313,-266437.67314068106,36.8096979075269,0.07165954193548385
465,31625.0,299.2673325865522,1.0746928268955662,2412.363283924894,-266437.6732609085,36.834539347639506,0.07168306723891271
466,31650.0,299.24827992291216,1.074708137044969,2414.2653673918644,-266437.6743620629,36.85941818344042,0.07170613775874372
467,31675.0,299.2297773824786,1.0747213034188046,2416.1677825783486,-266437.67505787045,36.88426035042737,0.07172681196581193
468,31700.0,299.2151014100923,1.0747320440653885,2418.070633063256,-266437.67526208254,36.90886743354657,0.07174429424307033
469,31725.0,299.20240508297866,1.0747401595744692,2419.9735185234053,-266437.6746453901,36.93361478794328,0.0717578283687943
470,31750.0,299.22524403113937,1.0747444430290174,2421.8763495909425,-266437.6750486554,36.95835987048834,0.07176415357395609
471,31775.0,299.2395711836158,1.074744402542374,2423.779333079098,-266437.67445709754,36.9836326814972,0.07176120268361579
472,31800.0,299.24560991543336,1.0747393269908396,2425.6827470429894,-266437.67331747717,37.00925832276253,0.07174732769556023
473,31825.0,299.2606639127988,1.074729653305205,2427.586573621661,-266437.6727100915,37.035397926863595,0.07172338818565399
474,31850.0,299.2654577607017,1.0747163445614045,2429.4908980014047,-266437.6717105264,37.06164749964915,0.07169172491228068
475,31875.0,299.27798334033605,1.0747013788515416,2431.3950975630264,-266437.6714810925,37.08749826610647,0.0716560238095238
476,31900.0,299.2722230419286,1.0746864577218738,2433.2994031418602,-266437.6706848359,37.112765455625464,0.07161947798742135
477,31925.0,299.2569663912133,1.074673251046026,2435.203964664576,-266437.6697393655,37.13775128661091,0.07158529009762898
478,31950.0,299.2544758594293,1.0746635949895627,2437.10880969172,-266437.6696242172,37.16232272233824,0.07155691788448154
479,31975.0,299.2611090145832,1.0746587826388898,2439.0139368736122,-266437.670138889,37.18684080347226,0.07153692499999997
480,32000.0,299.24127641302834,1.0746603471933482,2440.9191473173955,-266437.6692437631,37.21158400415804,0.07152851420651418
481,32025.0,299.2394433450898,1.0746689861687426,2442.8248241514534,-266437.6689358576,37.23657137690183,0.07153340318118946
482,32050.0,299.2321599171842,1.0746856466528651,2444.731019030367,-266437.66770186345,37.261591008281606,0.07155414423740507
483,32075.0,299.2436056287878,1.0747114511019296,2446.63791540496,-266437.6668388431,37.28613063980719,0.07159402961432504
484,32100.0,299.2751816439862,1.074746516151204,2448.54501426117,-266437.66645189014,37.31053582405501,0.07165439106529208
485,32125.0,299.27429071947864,1.0747888710562425,2450.4524818648847,-266437.6644804528,37.33482471193419,0.0717316454046639
486,32150.0,299.2841938590006,1.074834164955511,2452.360216830254,-266437.6634368584,37.359363027378535,0.07181600068446269
487,32175.0,299.2495822472677,1.0748796161202196,2454.267622375001,-266437.6609246927,37.38420154098363,0.07190088866120217
488,32200.0,299.25909731629173,1.0749234055896397,2456.1754305473764,-266437.66131987056,37.40919802385824,0.07198173415132923
489,32225.0,299.27592350272107,1.0749642551020417,2458.0835576040827,-266437.6627976192,37.434665764625876,0.07205540136054421
490,32250.0,299.2573512029871,1.0750011201629337,2459.991911858114,-266437.66329344886,37.46079293618468,0.07211979837067208
491,32275.0,299.22638786246614,1.075033912601627,2461.900851981031,-266437.66368140257,37.48690827168024,0.07217510501355012
492,32300.0,299.2229606240703,1.0750638350236656,2463.8102327329293,-266437.6653777892,37.51278453279245,0.07222420554428666
493,32325.0,299.21970669365726,1.075092459514171,2465.7198041194347,-266437.6665612349,37.53867759784078,0.07227061943319836
494,32350.0,299.24056935151515,1.075119224915826,2467.6297906350183,-266437.66837121226,37.56455798451181,0.07231330033670032
495,32375.0,299.2387219112903,1.0751426102150548,2469.5404821344105,-266437.6686407931,37.590267556451636,0.07234916801075267
496,32400.0,299.25292244936287,1.0751603521126771,2471.4514539557363,-266437.66949614364,37.61615789134811,0.07237388128772633
497,32425.0,299.2510545870147,1.0751705033467212,2473.362988408971,-266437.66953229596,37.64201378714861,0.07238446519410974
498,32450.0,299.240111499666,1.075171672010689,2475.2746511763544,-266437.669234302,37.667913132932554,0.07237919973279891
499,32475.0,299.23876299799997,1.0751631093333343,2477.1865254573354,-266437.6695833334,37.69415810133336,0.07235723866666664
500,32500.0,299.21795722554884,1.0751462814371266,2479.0989009940135,-266437.6687458418,37.72084345176316,0.07232191882900862
501,32525.0,299.2230473738379,1.075122452191236,2481.0119072901743,-266437.6689492033,37.74784404515274,0.07227601859229746
502,32550.0,299.2244508290258,1.0750924937044408,2482.925088895959,-266437.6685926111,37.77523375016569,0.07222204771371768
503,32575.0,299.2257967566137,1.0750580892857153,2484.8384801468274,-266437.6678860781,37.80323917328044,0.07216352050264548
504,32600.0,299.23825425082504,1.0750215617161725,2486.752085074589,-266437.66736798687,37.83125463366338,0.0721043709570957
505,32625.0,299.2550114716732,1.0749861772068519,2488.665852497367,-266437.6669960475,37.85875990316207,0.07204904874835308
506,32650.0,299.26615833990786,1.0749550604865228,2490.579967305064,-266437.66635848134,37.88632917291257,0.0720008205128205
507,32675.0,299.27653009514427,1.0749293812335967,2492.49436074344,-266437.665948983,37.9133364324147,0.07196008202099735
508,32700.0,299.31203062802877,1.074907303863786,2494.4093267000676,-266437.66719875584,37.94028213686969,0.07192376031434182
509,32725.0,299.30724066470583,1.0748871803921578,2496.3246830634007,-266437.6671977125,37.96729998366014,0.07188935686274507
510,32750.0,299.2856620567514,1.0748683131115468,2498.2402816894996,-266437.6672782127,37.99416147097196,0.0718557625570776
511,32775.0,299.26297344140613,1.0748508300781259,2500.15583997396,-266437.66792806,38.020606375000014,0.07182273893229163
512,32800.0,299.25861365432087,1.0748334217024051,2502.0722039064344,-266437.66938758944,38.047195855100725,0.07178769785575045
513,32825.0,299.25546073540846,1.0748156867704288,2503.989430523997,-266437.67049691966,38.074250999351506,0.07175101815823602
514,32850.0,299.26282116893196,1.0747962809061498,2505.906051541102,-266437.67160194187,38.10187353980584,0.0717117540453074
515,32875.0,299.25781367635653,1.07477402260982,2507.820998850131,-266437.671451066,38.13024558139536,0.07166905620155035
516,32900.0,299.25136990328815,1.0747485383623478,2509.7346572914266,-266437.6706963251,38.15889296260478,0.07162262733720177
517,32925.0,299.2527668281853,1.0747200083655093,2511.6468170225244,-266437.66988417,38.18715797104249,0.07157260489060485
518,32950.0,299.26902441811177,1.0746894463712275,2513.5570384983957,-266437.6695969815,38.21537223956328,0.07152005330764286
519,32975.0,299.28100065641024,1.074658775000001,2515.467283108335,-266437.66921073734,38.24310255641028,0.07146700769230765
520,33000.0,299.28332039667305,1.0746300690978896,2517.3779119091505,-266437.66866602696,38.27067583941141,0.07141587204094686
521,33025.0,299.2990431775223,1.0746053544061314,2519.288634512134,-266437.6693805876,38.29744322349938,0.07136940932311618
522,33050.0,299.29570348884636,1.0745860599107724,2521.1995578597844,-266437.66973390704,38.323663861695366,0.0713307131931166
523,33075.0,299.2860895057251,1.0745744427480926,2523.110963725192,-266437.6703045484,38.34933233778628,0.071305272264631
524,33100.0,299.29100520634915,1.0745724863492072,2525.022999995557,-266437.6721031747,38.374785528888914,0.0712977479365079
525,33125.0,299.2984501761723,1.074578777566541,2526.9353659087465,-266437.6743306401,38.4004621577947,0.07130623193916345
526,33150.0,299.2839005319417,1.0745910158127776,2528.8481826502225,-266437.6754625238,38.426570638836196,0.07132599873497783
527,33175.0,299.2807312992423,1.074607750631314,2530.761200269572,-266437.6770044193,38.45240918055557,0.07135363888888886
528,33200.0,299.2766800516697,1.074626954631381,2532.674075799623,-266437.6783632642,38.478161253308144,0.07138445494643979
529,33225.0,299.27419017106905,1.074645702515724,2534.587220516353,-266437.6797759436,38.50385383899373,0.07141260314465406
530,33250.0,299.29675933207767,1.0746616082862532,2536.5007370828635,-266437.68251726317,38.52953604457001,0.07143373509102319
531,33275.0,299.29909314849607,1.074675684210527,2538.414654899124,-266437.68424968683,38.555149466165425,0.07145066416040097
532,33300.0,299.30050989806114,1.0746895109443408,2540.3284435478436,-266437.6858778926,38.58059749906193,0.0714670137585991
533,33325.0,299.29070035081133,1.0747048339575538,2542.2426209581786,-266437.6865441637,38.60604514232211,0.07148648626716601
534,33350.0,299.29111132336436,1.0747225376947045,2544.156714623054,-266437.68714953284,38.63108978317758,0.07151123052959499
535,33375.0,299.2823890995023,1.0747430684079609,2546.0709589303497,-266437.68670320284,38.65635040111942,0.071542888681592
536,33400.0,299.28255405462426,1.0747669329608944,2547.985471500312,-266437.68616154575,38.68172104593421,0.07158370328988202
537,33425.0,299.2931062707557,1.0747946468401492,2549.9002401251564,-266437.6859510534,38.70659232651798,0.07163599194547704
538,33450.0,299.3116751218304,1.0748263005565868,2551.8151915250473,-266437.6861665122,38.73146213790972,0.0717011453308596
539,33475.0,299.3282513956788,1.0748623277777785,2553.730526096915,-266437.6865162038,38.755970450000014,0.07177971543209874
540,33500.0,299.3324410277263,1.0749021035120154,2555.645944903267,-266437.6866720581,38.78010004497845,0.07186758287122609
541,33525.0,299.3231736537514,1.074944773062731,2557.5618003167297,-266437.68678889924,38.803965909594105,0.07195967035670353
542,33550.0,299.309163761203,1.0749885291589938,2559.4776439226534,-266437.6871930634,38.82843415285452,0.0720511786372007
543,33575.0,299.3157207089459,1.0750314724264711,2561.393903306987,-266437.6888978249,38.8533519074755,0.07213885355392152
544,33600.0,299.30060997981633,1.0750729896024471,2563.310438119879,-266437.6896215598,38.878364898470956,0.07222232415902136
545,33625.0,299.2993435720389,1.0751126678876683,2565.227488733823,-266437.690914988,38.90342709829061,0.07230150122100118
546,33650.0,299.2811547733088,1.0751512065813533,2567.1448132553332,-266437.69096587464,38.9280925003047,0.07237920840950635
547,33675.0,299.2839258175181,1.0751892609489055,2569.062635502434,-266437.69164385664,38.95287300608273,0.07245780961070555
548,33700.0,299.3051087735274,1.0752274869459628,2570.9805068214946,-266437.69275576825,38.97761371341834,0.07253831633272613
549,33725.0,299.3192140151513,1.0752667060606065,2572.898618149698,-266437.693257576,39.00227107030304,0.07262152121212118
550,33750.0,299.31982528796107,1.0753071155474898,2574.817088542046,-266437.69324712665,39.026985096793716,0.07270705928614636
551,33775.0,299.30279964130415,1.0753479897343,2576.7357226062813,-266437.6926139797,39.051544329106285,0.07279313285024151
552,33800.0,299.31428190355615,1.0753883242917424,2578.6548251603385,-266437.69381027744,39.076271874623274,0.07287701024713679
553,33825.0,299.3182427214198,1.0754271046931412,2580.5747058309275,-266437.6950774671,39.10085363959086,0.0729559175691937
554,33850.0,299.31782689369345,1.0754637711711716,2582.4948814510517,-266437.69671546563,39.12512233393394,0.07302866066066062
555,33875.0,299.3161364766185,1.075496612110312,2584.4152067494015,-266437.6985911273,39.14896291966427,0.07309224520383689
556,33900.0,299.29773711490105,1.075524640933573,2586.3356799120297,-266437.6997868045,39.17258931956913,0.0731463321364452
557,33925.0,299.29968482258045,1.0755475722819594,2588.2562047096785,-266437.7018555856,39.196000783154126,0.07319235902031059
558,33950.0,299.2796104698865,1.0755646523553968,2590.1770971228398,-266437.7025939179,39.21949167978533,0.07323078771615976
559,33975.0,299.29902679166645,1.0755747910714286,2592.098355326787,-266437.70492931566,39.24309646190476,0.0732605327380952
560,34000.0,299.3118079958406,1.0755788057040998,2594.019982811053,-266437.70638369006,39.26672385739751,0.07328180095068326
561,34025.0,299.296777476275,1.0755783772241994,2595.9415084021366,-266437.70609059924,39.29072099940688,0.07329549999999996
562,34050.0,299.2961772841916,1.075576674955595,2597.863523723506,-266437.7060945828,39.314987307282415,0.0733056346950858
563,34075.0,299.30918429314397,1.0755778516548462,2599.7856735029563,-266437.7066710995,39.33911597695035,0.07331889598108743
564,34100.0,299.3136038318582,1.0755843286135693,2601.7078171274347,-266437.7067662244,39.36330001769912,0.07333984129793505
565,34125.0,299.3142661472318,1.075597058303887,2603.630048223205,-266437.7068794172,39.38738435630153,0.07337168786808004
566,34150.0,299.32921506760704,1.0756153492063494,2605.552605230454,-266437.70822310424,39.41112796884186,0.07341419223985886
567,34175.0,299.3347571613847,1.0756370657276995,2607.4754333386163,-266437.70969043445,39.43460668251174,0.07346349706572765
568,34200.0,299.3293373052135,1.0756620164030464,2609.3982756116006,-266437.7112990629,39.45791074165202,0.07351966549502045
569,34225.0,299.3021128350874,1.0756895900584795,2611.3215910111126,-266437.7122624271,39.48092639415205,0.0735818660818713
570,34250.0,299.2873189568007,1.0757196835960303,2613.245096498542,-266437.7140251023,39.50316411033275,0.07365023000583766
571,34275.0,299.27393559906733,1.0757518601398601,2615.1688894801878,-266437.7157087706,39.52528428205128,0.07372336771561767
572,34300.0,299.26971460791134,1.0757844793484583,2617.0926525648647,-266437.71736838296,39.54722998371145,0.07379661256544498
573,34325.0,299.2640440249707,1.0758159146341464,2619.0169118048793,-266437.71844149265,39.569029276422754,0.07386518757258996
574,34350.0,299.25828010956496,1.0758439634782608,2620.941895144349,-266437.7189130437,39.59068528405796,0.07392339130434777
575,34375.0,299.26933124942104,1.0758672690972222,2622.867560943867,-266437.71985315415,39.61266587384259,0.0739680694444444
576,34400.0,299.2650240854995,1.0758865534373194,2624.7937574090133,-266437.71970681706,39.6349646990179,0.07400129520508371
577,34425.0,299.2734750098037,1.0759026234140714,2626.720101916956,-266437.71986735886,39.65744289100345,0.07402570876585923
578,34450.0,299.2793687040873,1.0759166298215315,2628.6465665889477,-266437.7199373922,39.679993360967174,0.07404468969487617
579,34475.0,299.28081429425265,1.0759298666666666,2630.573401056323,-266437.71997126454,39.70217212586206,0.07406139999999994
580,34500.0,299.2858197418242,1.0759432283419392,2632.5007944142294,-266437.720542886,39.724326904188175,0.0740779873780837
581,34525.0,299.28586373424946,1.0759583591065291,2634.428584329898,-266437.7213631159,39.746559428407785,0.07409802691867118
582,34550.0,299.26658968667783,1.0759761806746713,2636.3566613001726,-266437.72182318487,39.768454871926814,0.07412364436821034
583,34575.0,299.2632328253422,1.0759960496575343,2638.284445946919,-266437.7236551086,39.790056465753416,0.07415361986301362
584,34600.0,299.2437668717946,1.0760179623931623,2640.2122320193744,-266437.72501780646,39.81156883247862,0.074188176068376
585,34625.0,299.2229327127415,1.076042933447099,2642.1401393663264,-266437.72614476696,39.83342899658702,0.07422990443686
586,34650.0,299.2199206888129,1.0760723628620101,2644.0681995877353,-266437.7276937821,39.85553546337307,0.07428226916524695
587,34675.0,299.2118399285711,1.0761059875283445,2645.996329130953,-266437.7284934809,39.87764639002267,0.07434515929705209
588,34700.0,299.2127139762306,1.0761426876061118,2647.924739310131,-266437.72939657624,39.89996115506507,0.07441648330503671
589,34725.0,299.20049502316357,1.076180806214689,2649.853953638984,-266437.729272599,39.9224623378531,0.07449252768361574
590,34750.0,299.1865034495203,1.0762196142131977,2651.7832659199103,-266437.7288317824,39.94533007050197,0.07457187366046242
591,34775.0,299.16999054222947,1.0762595686936933,2653.7125289543924,-266437.7280053492,39.968384815315304,0.07465594594594586
592,34800.0,299.1693431950531,1.0763013147835858,2655.642081782463,-266437.7277262508,39.9914528471051,0.07474614165261374
593,34825.0,299.17590957182915,1.076344769360269,2657.5720241335584,-266437.7276234569,40.01414445622895,0.0748416672278338
594,34850.0,299.18788334229663,1.0763882302521004,2659.5023401070034,-266437.72813375364,40.03658087114845,0.07493756358543409
595,34875.0,299.1930632225948,1.0764297337807602,2661.432792034117,-266437.728782159,40.05880169463086,0.07502862472035784
596,34900.0,299.1892414349523,1.0764686716917922,2663.3624803567845,-266437.72958542727,40.0806861831379,0.07511260078168612
597,34925.0,299.1812633383498,1.0765048929765884,2665.290823395764,-266437.7306472967,40.10206355685618,0.07518863266443693
598,34950.0,299.17275534446276,1.076538334446299,2667.2179293984423,-266437.7322447136,40.12316268280467,0.07525659821925423
599,34975.0,299.1481210699998,1.0765706966666664,2669.144030590556,-266437.73345486127,40.144216971111106,0.07532044888888881
600,35000.0,299.1270064420408,1.0766044364947307,2671.0691575773717,-266437.7346609819,40.16543287188019,0.07538593344425949
601,35025.0,299.12604457973396,1.0766407973421925,2672.994251881507,-266437.73638219846,40.186542749169426,0.0754567308970099
602,35050.0,299.13836399447183,1.0766793410724154,2674.919248364843,-266437.7381840798,40.20780441459369,0.0755321177446102
603,35075.0,299.14134424282537,1.0767206572847678,2676.8443693532013,-266437.739134934,40.22925905629138,0.0756137124724061
604,35100.0,299.149515519008,1.0767649355371898,2678.769935014877,-266437.7401342977,40.25065877410467,0.07570247988980708
605,35125.0,299.15194397964774,1.0768121078107808,2680.695921621563,-266437.74068344355,40.272077617711766,0.07579850330032994
606,35150.0,299.16369243822055,1.0768621263042282,2682.622650917628,-266437.7415568371,40.293497563975826,0.07590180175727614
607,35175.0,299.1811588432015,1.0769142565789471,2684.5499033695182,-266437.7427186131,40.315098604714905,0.07601078947368413
608,35200.0,299.18487414449896,1.0769669031198685,2686.477677667762,-266437.7433634375,40.33683832567049,0.076121378215654
609,35225.0,299.19753223005443,1.0770181251366118,2688.405920746995,-266437.74489412585,40.35898637759562,0.07622868524590157
610,35250.0,299.1988429301689,1.0770671833060554,2690.334569704856,-266437.7462663668,40.38126954173485,0.07633112602291318
611,35275.0,299.19686122385593,1.0771131405228755,2692.263722785404,-266437.7477873096,40.403442429193895,0.07642644281045743
612,35300.0,299.18395103534505,1.0771554741707448,2694.1928769858628,-266437.7488614738,40.42576852637302,0.07651366992930933
613,35325.0,299.1774316498369,1.0771943838219324,2696.1223133295334,-266437.7499660697,40.448424062975015,0.07659338110749178
614,35350.0,299.1794897913276,1.0772302764227641,2698.052180066125,-266437.7509146344,40.4712368509485,0.07666613821138203
615,35375.0,299.1918113463201,1.0772623630952378,2699.9825233798706,-266437.75192775996,40.49362657359306,0.07672938419913412
616,35400.0,299.192838094003,1.0772901442463532,2701.9132551696384,-266437.7522116426,40.51574698811452,0.07678180226904369
617,35425.0,299.2140158349512,1.0773134153182309,2703.8442107081987,-266437.7534048007,40.53773147788564,0.076823018338727
618,35450.0,299.22467680021515,1.077332127625202,2705.775576814755,-266437.75402194425,40.56002471782443,0.07685305869682275
619,35475.0,299.2196451435481,1.0773460376344086,2707.707043745161,-266437.75413306477,40.58254935591397,0.07687197634408595
620,35500.0,299.21272702630137,1.0773557750939344,2709.6386106108425,-266437.75442834164,40.60511421363391,0.07688221202361774
621,35525.0,299.1980610653802,1.07736247266881,2711.570520351018,-266437.75427049864,40.627680944801696,0.07688724276527323
622,35550.0,299.19597501658615,1.0773678207597643,2713.502730176565,-266437.7545144465,40.650336156233266,0.07689110593900472
623,35575.0,299.1871276490382,1.0773743579059827,2715.435446116987,-266437.7541232641,40.67306461057691,0.07689897756410248
624,35600.0,299.19236779519974,1.0773843967999999,2717.3686086698663,-266437.75400000025,40.69580413493332,0.07691530133333326
625,35625.0,299.19406064323726,1.0773989052183173,2719.302031173588,-266437.753411209,40.718349758785926,0.07694202555910536
626,35650.0,299.19254948644317,1.0774171270600743,2721.235725223285,-266437.75245879876,40.740943249335444,0.07697742796384895
627,35675.0,299.17970428397007,1.0774375419320594,2723.1700721878974,-266437.7508791138,40.76336749681527,0.07701794055201691
628,35700.0,299.17586943402205,1.077458348171701,2725.104971590885,-266437.74975159,40.7855956762056,0.07705906942236346
629,35725.0,299.18163065449716,1.0774787820105818,2727.039981837566,-266437.7493055558,40.80796956719575,0.07709839365079357
630,35750.0,299.2034300887478,1.0774982868462757,2728.97539582356,-266437.7500330166,40.83047782884309,0.07713444268357098
631,35775.0,299.188838698312,1.077515849156118,2730.9114543586493,-266437.7493901637,40.853155870780576,0.07716543196202523
632,35800.0,299.1839231637702,1.077531111637704,2732.847705283307,-266437.7495885995,40.87594914691942,0.0771910300157977
633,35825.0,299.1874606419556,1.077544264984227,2734.7841380047316,-266437.75052576256,40.898817444794936,0.07721220084121969
634,35850.0,299.1892667695536,1.0775554640419946,2736.721158692388,-266437.7514927824,40.92215345459316,0.07722958792650911
635,35875.0,299.176132395178,1.0775656121593291,2738.6584503401464,-266437.7518343818,40.94567480503143,0.07724514832285106
636,35900.0,299.17100134955496,1.0775743092621666,2740.595993631083,-266437.75246925716,40.96902657509156,0.07725802878074299
637,35925.0,299.1640022068963,1.0775822701149427,2742.533606093521,-266437.752759274,40.99198847544408,0.07726961598746074
638,35950.0,299.1685509342721,1.0775905070422538,2744.4715874230565,-266437.7532113982,41.014649443401126,0.07728198852373493
639,35975.0,299.1892919562498,1.0775991036458334,2746.4099962749997,-266437.75400390645,41.03728105885415,0.07729540468749992
640,36000.0,299.19471465262586,1.0776079474778992,2748.3485167810713,-266437.75375390035,41.05983178627143,0.07730965574622976
641,36025.0,299.2127316152646,1.0776169709241952,2750.2871209371756,-266437.75418613723,41.08216136085149,0.07732418068535817
642,36050.0,299.197418998963,1.0776274541213064,2752.22592577916,-266437.753256221,41.104549294453065,0.07734071850699836
643,36075.0,299.2074422603518,1.0776408550724639,2754.164919587474,-266437.7538334629,41.12680847515526,0.0773614394409937
644,36100.0,299.2142271633073,1.0776583364341086,2756.104057983979,-266437.7544089149,41.14881333850127,0.0773890289405684
645,36125.0,299.2277905748192,1.0776799938080497,2758.0432420232196,-266437.7555792055,41.17056458617129,0.07742493550051592
646,36150.0,299.22540471354955,1.0777045579598146,2759.9825603879444,-266437.7561984803,41.19210088511075,0.07746746883049967
647,36175.0,299.22961732921794,1.0777299634773663,2761.92181315072,-266437.75723379647,41.21372195370368,0.07751237808641968
648,36200.0,299.22224856137626,1.0777551725731895,2763.8613494185925,-266437.75757575774,41.23541037134051,0.07755707909604513
649,36225.0,299.2329921528203,1.0777792548717948,2765.8011286241026,-266437.75871794886,41.25715787076921,0.07759920923076917
650,36250.0,299.2422787204299,1.0778015422427036,2767.7408329549407,-266437.7597286228,41.278654903225785,0.07763722375832048
651,36275.0,299.2401191564415,1.077821832822086,2769.681129115542,-266437.7601610431,41.30002823773005,0.07767073261758686
652,36300.0,299.23150039305744,1.0778405655946912,2771.6218539397655,-266437.7603369067,41.321556328739135,0.07770102297090346
653,36325.0,299.2442246620793,1.0778571141692153,2773.5625737400615,-266437.76164309395,41.34339227268092,0.07772722222222217
654,36350.0,299.24733927379117,1.077871562849873,2775.5034720895674,-266437.7624045803,41.36522042137403,0.0777500539440203
655,36375.0,299.251260789634,1.0778842317073172,2777.444613910569,-266437.7630525916,41.38722780589429,0.07777037245934955
656,36400.0,299.241739707255,1.0778957818366313,2779.3858367787925,-266437.762826611,41.409293711314035,0.07778891273465241
657,36425.0,299.23631181914874,1.0779074463019251,2781.3270454067883,-266437.76268047123,41.4319110172239,0.07780762360688952
658,36450.0,299.2405382534141,1.0779186621143146,2783.268465163379,-266437.762961558,41.454426711178535,0.07782509559939296
659,36475.0,299.25032816313114,1.0779282752525252,2785.2097817429294,-266437.7635416668,41.477081777272716,0.07783881919191914
660,36500.0,299.2477355360563,1.0779356621280887,2787.1513255864857,-266437.7635369391,41.499916660110934,0.07784729299041851
661,36525.0,299.2305701646524,1.0779401852970794,2789.0934622024174,-266437.7628241441,41.52274379305135,0.07784911581067468
662,36550.0,299.2333691940672,1.0779411060834587,2791.0357588526904,-266437.7630718955,41.545290190045236,0.07784335696329808
663,36575.0,299.23584451506014,1.0779387535140559,2792.977972843876,-266437.7632247742,41.56779535391565,0.07783125200803208
664,36600.0,299.2532701994987,1.0779341238095235,2794.9203017132836,-266437.76411340863,41.59027286666665,0.07781500952380947
665,36625.0,299.25738603103093,1.0779272597597593,2796.86315231982,-266437.7643581082,41.61257695045043,0.07779476176176171
666,36650.0,299.26035437581197,1.0779175312343825,2798.8063299585215,-266437.76455522253,41.63492238080958,0.07776948675662164
667,36675.0,299.27282107734516,1.0779038807385226,2800.7499389481045,-266437.7652975301,41.65710173902194,0.07773730838323348
668,36700.0,299.2762985909316,1.0778860911808668,2802.6936717219737,-266437.7657262084,41.67934897209764,0.07769795565520674
669,36725.0,299.2674881343282,1.0778647134328356,2804.6377488900503,-266437.76564054744,41.701749811442774,0.07765257363184075
670,36750.0,299.27135737108773,1.0778419612518626,2806.581833945853,-266437.7663313464,41.724206472925964,0.07760492200695475
671,36775.0,299.28190655208317,1.0778202371031744,2808.5260715094255,-266437.7674386162,41.74680918353173,0.07755889037698409
672,36800.0,299.26603277265957,1.077800809806835,2810.470467648837,-266437.7672579249,41.769341789499734,0.07751654631005445
673,36825.0,299.24623869683467,1.0777837863501483,2812.415188641939,-266437.76676866977,41.7917645687438,0.07747847725024724
674,36850.0,299.2463662750616,1.0777676597530863,2814.360390573334,-266437.7668981483,41.81399847901233,0.07744308098765429
675,36875.0,299.23366357248506,1.077751785009862,2816.305879859468,-266437.76608727826,41.83625339792898,0.07741004191321496
676,36900.0,299.2370939620875,1.0777362831117676,2818.2517137848354,-266437.7656326934,41.85882363466271,0.07737955292959131
677,36925.0,299.24740158161245,1.0777216701081613,2820.1974819931174,-266437.7650258113,41.881522466076675,0.07735187463126841
678,36950.0,299.2698881030926,1.077708349533628,2822.1435696107023,-266437.76471219945,41.90428554540989,0.07732742415316639
679,36975.0,299.27494194705866,1.077696299019608,2824.0902174784314,-266437.76346507366,41.927213023039194,0.07730524166666664
680,37000.0,299.2856238350463,1.0776839383259913,2826.0372795389135,-266437.76264990226,41.9504303974547,0.07728094762604011
681,37025.0,299.2904144398825,1.0776700957966765,2827.9845877609973,-266437.76191348984,41.97424784457476,0.07725178445747798
682,37050.0,299.2836106359198,1.077654992679356,2829.932229418253,-266437.76107247453,41.998263147388954,0.07721872279160563
683,37075.0,299.2813563099413,1.0776391822612086,2831.8802868386942,-266437.76090399624,42.02206499074072,0.07718333528265105
684,37100.0,299.28627103163,1.0776238530413627,2833.827223752798,-266437.76129866194,42.045928321167864,0.07714819416058391
685,37125.0,299.2814441093293,1.0776097560738582,2835.772948156463,-266437.7611455298,42.06987021914478,0.0771154596695821
686,37150.0,299.2839337195535,1.0775975366327026,2837.717721873848,-266437.76118995645,42.09398518243569,0.07708727753517708
687,37175.0,299.2722381778099,1.077587855620155,2839.6615866686047,-266437.76035610476,42.118079784883705,0.07706556928294571
688,37200.0,299.27146270536997,1.0775800512820513,2841.6044835703924,-266437.76002358506,42.14237367876147,0.07704945524915334
689,37225.0,299.27108438888877,1.0775732536231886,2843.5464651144935,-266437.7595259663,42.166828605797086,0.07703729613526568
690,37250.0,299.2605624495898,1.0775666464061746,2845.487509626146,-266437.75839664746,42.19076730294258,0.07702676989869753
691,37275.0,299.27247669797674,1.0775601011560694,2847.427472078035,-266437.7583544076,42.21450312668592,0.07701753131021193
692,37300.0,299.277596194324,1.077554050986051,2849.3664457114005,-266437.75793650805,42.238152578643565,0.07701052188552186
693,37325.0,299.2681929529297,1.077548730067243,2851.3047263049957,-266437.75681436126,42.26194073102784,0.07700555043227664
694,37350.0,299.26144785611496,1.0775433419664269,2853.2420955779385,-266437.7558003598,42.285879790407655,0.0770001467625899
695,37375.0,299.2619803390803,1.0775363577586206,2855.178618555556,-266437.7550437022,42.30976524760535,0.0769908927203065
696,37400.0,299.25854579913903,1.0775264916307985,2857.114187547585,-266437.7541098757,42.333839417025324,0.07697535915829745
697,37425.0,299.2609332550142,1.0775125181470868,2859.0488247335247,-266437.75338765525,42.35802736150906,0.07695154250238777
698,37450.0,299.2649082131615,1.0774938531235096,2860.98232623176,-266437.7528314259,42.382380434430125,0.0769186742966142
699,37475.0,299.2564687199999,1.0774703076190475,2862.9146932285717,-266437.75178571435,42.40697520571427,0.07687675285714284
700,37500.0,299.2473734988111,1.0774419790775083,2864.8460964041847,-266437.750757846,42.43204140846408,0.0768269847836424
701,37525.0,299.24926185090203,1.0774092644824311,2866.7762817445396,-266437.750237417,42.45706317806266,0.07677184045584044
702,37550.0,299.24959314224736,1.0773737420578473,2868.705605990517,-266437.7494962068,42.48200738786153,0.07671466524419154
703,37575.0,299.24741046732936,1.077337974905303,2870.633753669981,-266437.7485351563,42.50689255965907,0.07665873626893938
704,37600.0,299.2532340638296,1.0773039276595744,2872.560850214185,-266437.7480200946,42.531658978250576,0.07660581229314418
705,37625.0,299.2477200963171,1.0772720524079318,2874.4869338951844,-266437.74690155813,42.55637167280452,0.07655487063267231
706,37650.0,299.2312590141441,1.0772429660537481,2876.412104404998,-266437.7448727016,42.58096653512493,0.07650525176803392
707,37675.0,299.23570166807895,1.0772171878531072,2878.336274270245,-266437.74358521664,42.60569561158191,0.07645759981167607
708,37700.0,299.2416334377055,1.077194713681241,2880.25942541796,-266437.74212505884,42.63079314433473,0.07641275552421249
709,37725.0,299.2444264281688,1.0771753962441313,2882.181794755869,-266437.74052230053,42.65616063896712,0.07637182018779341
710,37750.0,299.24627681293936,1.0771588157524612,2884.103222981716,-266437.739070558,42.6819360365682,0.07633532114392873
711,37775.0,299.245111449438,1.077144365168539,2886.023502002341,-266437.7377984551,42.70773599625467,0.0763033347378277
712,37800.0,299.252524040673,1.0771301570827487,2887.9428872720896,-266437.7372165732,42.73346823842916,0.07627308695652173
713,37825.0,299.2463115046683,1.0771149677871146,2889.8611891512605,-266437.73631535954,42.75927589915965,0.07624232072829129
714,37850.0,299.24753079999977,1.0770989128205126,2891.778592581352,-266437.7362325176,42.784863766899754,0.07621050536130533
715,37875.0,299.23183803351935,1.0770815796089384,2893.695152286313,-266437.7355970671,42.81049603677838,0.07617599394785846
716,37900.0,299.219880947931,1.0770620288238029,2895.610681683403,-266437.73522489547,42.836142680613655,0.07613675406787539
717,37925.0,299.21189151160615,1.077040187093779,2897.525114429434,-266437.7349698237,42.86190826973071,0.07609280408542245
718,37950.0,299.2107186522947,1.0770167315716273,2899.4385404955956,-266437.73468648596,42.88764902967082,0.07604559017153452
719,37975.0,299.2207802499998,1.0769931356481481,2901.351070127778,-266437.7345775464,42.91312026064813,0.07599781203703702
720,38000.0,299.22764218030494,1.0769717327785482,2903.2625324993064,-266437.7340354832,42.938565108183056,0.07595330698104483
721,38025.0,299.22140828808847,1.0769547345337025,2905.1729635641736,-266437.7327014082,42.96385288180977,0.07591574976915973
722,38050.0,299.2288944052557,1.0769434398340247,2907.082438883818,-266437.7321202168,42.988776926694314,0.07588763669893958
723,38075.0,299.23891307458547,1.0769381671270717,2908.9908635239417,-266437.73178522114,43.013420880294646,0.07586998480662982
724,38100.0,299.2477877062067,1.0769378468965516,2910.8982682542537,-266437.73179597716,43.03797226850573,0.07586146298850573
725,38125.0,299.24055228971514,1.076941248393021,2912.8047551483023,-266437.73150539503,43.062521752525235,0.07586038842975204
726,38150.0,299.2178665259054,1.0769469669876202,2914.7101905712984,-266437.73082874843,43.08670721320493,0.07586461256304446
727,38175.0,299.20510377151993,1.076954850274725,2916.614845675825,-266437.73085508257,43.110471506868116,0.07587428479853478
728,38200.0,299.19612531915845,1.0769652235939642,2918.5186535743037,-266437.73102423426,43.13407476771832,0.0758900763603109
729,38225.0,299.19916853196327,1.0769763963470316,2920.421335768951,-266437.7313784248,43.157580049771674,0.0759079520547945
730,38250.0,299.2052906393067,1.0769857546739623,2922.322885387598,-266437.7315036481,43.18122840036478,0.07592221386228909
731,38275.0,299.21672529417106,1.0769903397085605,2924.2238328793273,-266437.7317139118,43.20502187659379,0.07592712340619306
732,38300.0,299.22576625466104,1.0769886871305134,2926.1240672537533,-266437.7316251707,43.22911981718961,0.07592076080036379
733,38325.0,299.2092731702996,1.0769802674841051,2928.0234793801105,-266437.7302310401,43.25333948592187,0.0759034536784741
734,38350.0,299.1939955619046,1.0769646331065756,2929.922096251249,-266437.7288973924,43.277742633560074,0.07587570158730159
735,38375.0,299.194021914402,1.076941293025362,2931.820100945201,-266437.7282042574,43.30225122961955,0.07583751856884058
736,38400.0,299.1911735318859,1.0769107910447757,2933.717297879694,-266437.72707485314,43.326956243328794,0.07579020488466756
737,38425.0,299.1844854914181,1.0768748956639562,2935.6135351743465,-266437.72559564153,43.35209866757,0.07573674570912375
738,38450.0,299.1752538015335,1.0768350852503379,2937.5089053022116,-266437.7239230944,43.37751425755524,0.0756796102841678
739,38475.0,299.1887008234233,1.0767917828828826,2939.4036150725237,-266437.7233671173,43.40308723333332,0.07561928423423424
740,38500.0,299.1819258403057,1.076745680161943,2941.297411540712,-266437.72182861017,43.4290122528115,0.0755556032388664
741,38525.0,299.18916979604654,1.0766981379155434,2943.190556210693,-266437.7210663748,43.45531736477986,0.07548954896675653
742,38550.0,299.19176187034526,1.0766510812023327,2945.0828238290724,-266437.7201519741,43.482111286675625,0.07542242216240466
743,38575.0,299.18942673655897,1.0766051084229389,2946.9742807759867,-266437.7192400315,43.50896839874551,0.07535378942652331
744,38600.0,299.1749315798656,1.0765607297539148,2948.86479040537,-266437.71803691285,43.535994092617436,0.07528437225950783
745,38625.0,299.17155949419106,1.076519078641644,2950.754659061663,-266437.717660858,43.56325580831098,0.0752164016979446
746,38650.0,299.1798872561355,1.0764808643462738,2952.6437726345384,-266437.71806671144,43.59043499286032,0.0751516099955377
747,38675.0,299.17540191978594,1.0764467090017822,2954.532231997772,-266437.7180397728,43.61724919340462,0.07509161497326204
748,38700.0,299.167507636849,1.0764168842901645,2956.4199855562974,-266437.7179711839,43.64385022073875,0.07503775611927013
749,38725.0,299.15817443333316,1.0763901359999999,2958.307039320889,-266437.71770833345,43.67059457333332,0.0749891768888889
750,38750.0,299.16306788770515,1.076365532623169,2960.1934374411903,-266437.71805648034,43.697460439857956,0.07494446249445184
751,38775.0,299.15456066267717,1.0763421365248225,2962.0790883643626,-266437.7175171765,43.72438576861701,0.07490183067375887
752,38800.0,299.1477588366532,1.0763185546702079,2963.9640504413464,-266437.7168548031,43.75130133244797,0.07485874192120408
753,38825.0,299.151209965075,1.0762927758620686,2965.848104755085,-266437.71641522995,43.7781436485411,0.07481186206896552
754,38850.0,299.1627176578365,1.0762640022075052,2967.731479661811,-266437.7161561811,43.80487924370859,0.07476030022075054
755,38875.0,299.17405365873003,1.0762334479717812,2969.61424210053,-266437.7159942682,43.83163670855377,0.07470640035273368
756,38900.0,299.1693848960809,1.0762021796565386,2971.496222426245,-266437.71519980195,43.85832019110522,0.07465249229414354
757,38925.0,299.18542552858383,1.076171333773087,2973.377355754179,-266437.71567172394,43.884846989885645,0.07460051011433597
758,38950.0,299.1803746372418,1.076142869565217,2975.2576188528774,-266437.7153601231,43.91117852393498,0.07455303645147122
759,38975.0,299.1815181570174,1.076117988596491,2977.137124485089,-266437.71547423257,43.93750363684208,0.07451169342105263
760,39000.0,299.1814145987734,1.076096977222952,2979.0154872019284,-266437.7156017303,43.96375860665788,0.07447698685939552
761,39025.0,299.17527111548543,1.0760790804899385,2980.8930430520572,-266437.71549650055,43.99003210673664,0.07444735826771652
762,39050.0,299.1785247335079,1.0760632730449975,2982.7698784936665,-266437.71585572313,44.01655076889469,0.07442121537789427
763,39075.0,299.18141906719006,1.0760483451134377,2984.6458929554988,-266437.7161049303,44.043086228184976,0.07439661518324606
764,39100.0,299.17782997385603,1.076033293681917,2986.5209817202626,-266437.71606753825,44.06966676209149,0.0743724322440087
765,39125.0,299.17045731592674,1.07601709921671,2988.3953803516115,-266437.7158126633,44.09640266362052,0.07434674760661444
766,39150.0,299.165498905693,1.0759998883094304,2990.2691598222523,-266437.71553129086,44.12325194480659,0.07431851195132551
767,39175.0,299.1620492873262,1.0759827712673609,2992.1423569592025,-266437.71507432737,44.149508856770815,0.07428844184027777
768,39200.0,299.1692772193323,1.075966790637191,2994.0146642592126,-266437.71490301273,44.17532310446466,0.0742579826614651
769,39225.0,299.1691139463202,1.0759532229437228,2995.886503149785,-266437.7142586582,44.20109734502163,0.0742293645021645
770,39250.0,299.1556712036315,1.0759414210981408,2997.757668249893,-266437.71280533954,44.22654317682662,0.07420209035884133
771,39275.0,299.1558590444731,1.0759297789291882,2999.6282342957697,-266437.71186852345,44.25150549611397,0.07417425302245251
772,39300.0,299.15903161017667,1.0759164346701162,3001.498094612334,-266437.7108937043,44.27643203924103,0.07414329754204399
773,39325.0,299.1590386860464,1.075900055124892,3003.367231102499,-266437.7096791561,44.3015949763135,0.0741074173126615
774,39350.0,299.1576864688171,1.0758802640860212,3005.235549483012,-266437.70846774214,44.32735869720428,0.07406639225806452
775,39375.0,299.1491643625428,1.0758577461340204,3007.103244591067,-266437.70697755605,44.35337944029208,0.07402170618556701
776,39400.0,299.15828976576563,1.0758337829257827,3008.970352645647,-266437.706523488,44.37973365637064,0.07397546503646503
777,39425.0,299.15279937789194,1.0758111413881746,3010.83688496444,-266437.705561804,44.406215646529546,0.07393139460154241
778,39450.0,299.15541416902,1.0757922725716729,3012.7028833294835,-266437.7050973472,44.43257240308086,0.07389282926829267
779,39475.0,299.16580778376056,1.0757787111111108,3014.568308813249,-266437.70515491476,44.458639837606825,0.07386236367521366
780,39500.0,299.15963078659826,1.075771477166026,3016.4330249820755,-266437.7044120787,44.48434816090481,0.0738424199743918
781,39525.0,299.15991751236135,1.0757710285592494,3018.2970379970175,-266437.7040574384,44.509744918584815,0.0738346641091219
782,39550.0,299.1526951430395,1.075776541081311,3020.1602235883365,-266437.7033977226,44.53445664963813,0.07383845636441037
783,39575.0,299.1663885671768,1.075786020408163,3022.0227749600353,-266437.70390890754,44.558994536989786,0.07385049787414964
784,39600.0,299.1646399944797,1.0757972658174095,3023.8846539197466,-266437.7036889599,44.58363241273885,0.07386670021231422
785,39625.0,299.1543989215436,1.0758078731976248,3025.745857196354,-266437.7030719892,44.60843771501272,0.07388250296861747
786,39650.0,299.15510361372293,1.075816107581533,3027.606266413809,-266437.70303896675,44.6336071579839,0.07389474925878864
787,39675.0,299.15896534306256,1.0758211721658202,3029.466010628597,-266437.7031117811,44.658886270727585,0.07390224280879863
788,39700.0,299.1578905348542,1.0758228901563156,3031.3250686920164,-266437.70288075646,44.684670608365025,0.07390462357414447
789,39725.0,299.1508115417721,1.0758221172995777,3033.183675927849,-266437.70228111837,44.71043432447258,0.07390322067510548
790,39750.0,299.1501256700379,1.0758194888327008,3035.04147662242,-266437.7019200381,44.73645936114624,0.07389886346396965
791,39775.0,299.15665461111104,1.0758160462962958,3036.898567047139,-266437.70182291686,44.7627516372054,0.07389290572390572
792,39800.0,299.16644783060104,1.0758124371584694,3038.754925442624,-266437.7017917194,44.78906427826819,0.07388621984026901
793,39825.0,299.16456042779174,1.075808569689336,3040.610622126785,-266437.70119647373,44.815602625524775,0.07387867758186396
794,39850.0,299.1638178477987,1.0758039710691818,3042.4656949249484,-266437.70086478005,44.84229054549267,0.07386993836477986
795,39875.0,299.15234853266327,1.0757977051926293,3044.3200810406206,-266437.70028528076,44.86911623576216,0.07385855402010048
796,39900.0,299.1579016198243,1.0757890422417393,3046.1738264035976,-266437.7008051027,44.896042967795914,0.07384372898368882
797,39925.0,299.15574493107766,1.0757782368421047,3048.027041512532,-266437.70123224746,44.923063606934015,0.07382607017543859
798,39950.0,299.14633365123063,1.0757660162703373,3049.879410872759,-266437.7014888404,44.950017527325834,0.07380688151856486
799,39975.0,299.13905661166666,1.0757527549999994,3051.7311103141674,-266437.70190104184,44.97694615333334,0.07378648374999999
800,40000.0,299.1339197806908,1.0757387490636698,3053.582228492718,-266437.70245526446,45.004128442363715,0.0737653995006242
801,40025.0,299.12670372443887,1.075724426018287,3055.4327651758113,-266437.7028132795,45.03120721321696,0.0737447306733167
802,40050.0,299.1249419717725,1.0757105026982143,3057.282607117477,-266437.7033390413,45.05822259194687,0.073725899958489
803,40075.0,299.1150081181592,1.0756976936152565,3059.1316982421235,-266437.70317682443,45.085193173300176,0.0737104104477612
804,40100.0,299.12272521283643,1.0756871706004136,3060.980042892754,-266437.703493789,45.112090930434796,0.07370023850931677
805,40125.0,299.1277342543424,1.075678961538461,3062.8276662382136,-266437.7033059349,45.13856213647644,0.07369577543424317
806,40150.0,299.13545860636094,1.0756726063610074,3064.674655471293,-266437.7030669147,45.164956347377135,0.07369689673688559
807,40175.0,299.14579783580854,1.0756683267326728,3066.5208389187296,-266437.70295740536,45.191136505775596,0.07370533127062706
808,40200.0,299.1385482257931,1.0756664379892868,3068.3662226728475,-266437.7021013599,45.2171728747425,0.07372280263700041
809,40225.0,299.15838718930036,1.075666467078189,3070.2108686604947,-266437.70281635824,45.243179891769564,0.07374784279835392
810,40250.0,299.16694423551166,1.0756680448006573,3072.0549680669965,-266437.70340115106,45.269318742293486,0.0737773588162762
811,40275.0,299.17877556486036,1.0756704729064035,3073.8982423772586,-266437.7046515807,45.295273583333355,0.0738067935139573
812,40300.0,299.1630130922508,1.0756734760147597,3075.740687427225,-266437.7049379871,45.32101839196394,0.07383282410824109
813,40325.0,299.15256511343154,1.0756764348894345,3077.58230645987,-266437.705658784,45.346613485667504,0.07385265233415234
814,40350.0,299.1408264392637,1.0756790503067482,3079.422904242946,-266437.70613496954,45.37190147157466,0.07386555296523517
815,40375.0,299.1312556662581,1.0756820416666664,3081.2626773235306,-266437.7063546775,45.397096657271256,0.07387396650326798
816,40400.0,299.1417259045287,1.075686399836801,3083.1018369934736,-266437.7072113425,45.42267786046513,0.07388136882904936
817,40425.0,299.14991697269755,1.075692735533822,3084.9404404270595,-266437.70767114934,45.44819845884272,0.07389023675631622
818,40450.0,299.15138184330476,1.0757000671550667,3086.7787344753783,-266437.7077101142,45.47368402035003,0.07389960195360196
819,40475.0,299.1621233284552,1.0757066304878047,3088.616504952441,-266437.70833333355,45.499401141869924,0.07390670772357724
820,40500.0,299.15620573244,1.075711579780755,3090.453655253352,-266437.70834602136,45.5252769179862,0.0739104425497361
821,40525.0,299.1575940154095,1.07571501946472,3092.290465077861,-266437.7090176401,45.551174871857256,0.0739110888077859
822,40550.0,299.1473282660995,1.075717506277845,3094.1265857873655,-266437.709409174,45.57695078412313,0.07390974159578778
823,40575.0,299.14008868972485,1.0757195109223299,3095.9620174178826,-266437.7100778724,45.60264555380259,0.07390732483818771
824,40600.0,299.134226800808,1.0757216226262623,3097.7970089745477,-266437.710808081,45.62821222545455,0.07390505131313133
825,40625.0,299.1338658688457,1.0757250585149312,3099.631409744151,-266437.71170046425,45.65381682768361,0.07390532970137208
826,40650.0,299.1369549592905,1.0757310008061263,3101.4654124731987,-266437.71251511504,45.67917733212414,0.0739106469165659
827,40675.0,299.1411513921094,1.0757397278582927,3103.298927840582,-266437.7130887683,45.704396485909825,0.07392179991948471
828,40700.0,299.15174376156,1.0757509726578203,3105.13177284761,-266437.7136736029,45.72934949979895,0.07393838841978288
829,40725.0,299.15773186024086,1.0757635726907628,3106.9639907722917,-266437.71383032145,45.754115634538145,0.07395812811244981
830,40750.0,299.1623460886481,1.0757752390693942,3108.795522225434,-266437.7139239873,45.779033433212994,0.07397647693541919
831,40775.0,299.1692927908653,1.0757845256410254,3110.6265899787686,-266437.7141050683,45.80434566706731,0.07399072355769232
832,40800.0,299.1717527915165,1.0757913013205278,3112.4569258687497,-266437.71409813943,45.8299007935174,0.0740006942777111
833,40825.0,299.16923896962425,1.0757955931254994,3114.2868019964053,-266437.71399130713,45.85542204956035,0.07400642446043167
834,40850.0,299.1663441976047,1.0757975612774449,3116.116233398805,-266437.71385978063,45.88075076686627,0.07400794251497007
835,40875.0,299.17440075677825,1.075797775518341,3117.9450744310234,-266437.7142269739,45.90614064433812,0.0740057667464115
836,40900.0,299.1784048486658,1.0757973094384705,3119.7734038837143,-266437.71433193964,45.93161811788133,0.07400183114297094
837,40925.0,299.17420672673023,1.0757962935560856,3121.6013342951496,-266437.7139643001,45.9572766531424,0.07399655966587114
838,40950.0,299.1647997667858,1.0757954127930074,3123.428625989275,-266437.7133368099,45.98323726539532,0.07399129598728646
839,40975.0,299.1724201714285,1.0757959718253967,3125.255243342859,-266437.7134920637,46.00904197261905,0.07398874722222223
840,41000.0,299.1687171502179,1.0757995136741971,3127.0812349167677,-266437.71307719004,46.03483924534285,0.07399198493856521
841,41025.0,299.1687211781472,1.0758060043547109,3128.9065769996064,-266437.7129849566,46.060198653206655,0.07400059540775931
842,41050.0,299.17797147054165,1.0758147841043888,3130.7310316536204,-266437.71357255854,46.08542865480427,0.0740130403321471
843,41075.0,299.17733337401256,1.0758263364928908,3132.554980581756,-266437.7138255334,46.11050568009479,0.07403039139020538
844,41100.0,299.17267673846146,1.0758412942800788,3134.378538920713,-266437.7139299805,46.135649583037484,0.07405441617357003
845,41125.0,299.1607912486209,1.0758608498817965,3136.201522327032,-266437.71372635954,46.160968193065415,0.07408834909377464
846,41150.0,299.16403578630457,1.0758857528532073,3138.024137810707,-266437.71422422293,46.18645006218025,0.07413464462809918
847,41175.0,299.16056617767293,1.075915968553459,3139.8460719909617,-266437.7142418437,46.21179571422957,0.07419382429245285
848,41200.0,299.14858681468394,1.0759508637612876,3141.6675453313733,-266437.7138054576,46.23691516372203,0.07426479583824108
849,41225.0,299.1606227043137,1.075988716470588,3143.488481533336,-266437.7145098041,46.26209562196079,0.07434357176470589
850,41250.0,299.1627264825695,1.0760272028985505,3145.308864501374,-266437.7149064828,46.287085454367414,0.07442444026635332
851,41275.0,299.1571094037559,1.0760634526604067,3147.1287762296583,-266437.7150210292,46.31229689514868,0.07449987441314555
852,41300.0,299.1394364912075,1.0760958581477136,3148.9480673606904,-266437.7145735641,46.33757261938258,0.0745656092223525
853,41325.0,299.13573285089774,1.0761239984387194,3150.7667087802524,-266437.7146272445,46.36307582513662,0.07462067447306793
854,41350.0,299.14711884873293,1.0761478304093566,3152.5850606908407,-266437.7151559456,46.388854955555566,0.07466522690058482
855,41375.0,299.1498462515576,1.076167556074766,3154.403127511295,-266437.7150262852,46.414759315809974,0.07470004127725859
856,41400.0,299.14652264255153,1.0761828529754958,3156.220662023729,-266437.71456874773,46.4405933185531,0.07472501089070402
857,41425.0,299.1450862299923,1.0761936464646462,3158.037619448332,-266437.71427010506,46.46656511538462,0.07474031351981354
858,41450.0,299.14728649282114,1.076200608847497,3159.8540464831226,-266437.7142510673,46.49279728055879,0.07474761816065194
859,41475.0,299.14391424883723,1.0762043093023255,3161.6702924050414,-266437.71412306215,46.5189527996124,0.07474824689922481
860,41500.0,299.1354756186605,1.0762051707317073,3163.486203164153,-266437.71393486275,46.54514996167247,0.0747431784746419
861,41525.0,299.13421341995365,1.076203875483372,3165.3014740924236,-266437.7143029777,46.571437483372,0.07473390835266822
862,41550.0,299.11381091463886,1.0762017508690613,3167.1163109949816,-266437.7138132485,46.59797597798377,0.07472314522981846
863,41575.0,299.10364915895065,1.0761996153549382,3168.930659168213,-266437.71384307503,46.62452641898148,0.07471259066358024
864,41600.0,299.099002943738,1.0761982427745664,3170.7446377888277,-266437.71396917163,46.65099898150289,0.07470381734104045
865,41625.0,299.0909949892225,1.076198302925327,3172.5580728533523,-266437.71366195165,46.67749934295612,0.07469798768283294
866,41650.0,299.08944974548257,1.0761995505574777,3174.370794803925,-266437.71335544036,46.70407226528259,0.07469445098039214
867,41675.0,299.09417683448544,1.0762020733486943,3176.1832481486213,-266437.71302563377,46.73038116013825,0.07469336827956988
868,41700.0,299.1057957997699,1.0762065350978134,3177.995289035293,-266437.712756521,46.756588865746075,0.07469599079401609
869,41725.0,299.1140387915709,1.0762131961685821,3179.80687344713,-266437.71211685834,46.78286641034483,0.07470297356321837
870,41750.0,299.1269542357444,1.0762214209720626,3181.617988996177,-266437.7117178532,46.80909116035209,0.07471316264829696
871,41775.0,299.1269587297401,1.0762310619266053,3183.4288441540557,-266437.71092555445,46.83519786773701,0.07472644227828744
872,41800.0,299.1208034768996,1.0762426502481863,3185.239017078278,-266437.7099918864,46.861501370752194,0.07474395838106146
873,41825.0,299.1241473668955,1.0762562295957283,3187.0487491586614,-266437.70972778427,46.88768981045004,0.07476584363081616
874,41850.0,299.1185750944762,1.076271753142857,3188.8580965920037,-266437.70925000013,46.913492266666665,0.07479196038095237
875,41875.0,299.1158823432268,1.0762893671993912,3190.666836700537,-266437.7091657155,46.9391467108067,0.07482269216133941
876,41900.0,299.11752244279745,1.0763084994298746,3192.474937045994,-266437.70943795145,46.964547403268725,0.07485686088939565
877,41925.0,299.12026113591503,1.0763278864844343,3194.282582739184,-266437.70994684903,46.98979830979499,0.0748917353834472
878,41950.0,299.1228594160031,1.0763465437997726,3196.089651265457,-266437.7106086463,47.015019941600315,0.07492511224876752
879,41975.0,299.11823458257584,1.0763639640151514,3197.896139350383,-266437.7111624054,47.040163448863645,0.0749559678030303
880,42000.0,299.10652559704886,1.076379757094211,3199.7021809084413,-266437.7114074916,47.06536230533486,0.07498356451002647
881,42025.0,299.10852651322756,1.076394253968254,3201.5078077989456,-266437.71213624347,47.09028744406653,0.0750089281934996
882,42050.0,299.1056809305399,1.0764078414496037,3203.3130099954737,-266437.7122852964,47.114949778029455,0.07503352774631933
883,42075.0,299.10478090233795,1.0764203612368024,3205.117619636127,-266437.71215120674,47.13987835595778,0.07505772586726994
884,42100.0,299.1070368836159,1.0764311152542374,3206.921542458761,-266437.7118055556,47.16487704444445,0.07508009905838038
885,42125.0,299.116390773514,1.076439636192626,3208.7249678645635,-266437.71169582405,47.189777715951855,0.0750988807373965
886,42150.0,299.11933784291625,1.0764463374671178,3210.527657481401,-266437.71116356645,47.214717493423535,0.07511412438932728
887,42175.0,299.12322307620127,1.0764518693693694,3212.3298660322853,-266437.7106207771,47.23990245157658,0.0751264932432432
888,42200.0,299.1306548042745,1.0764560277465318,3214.131655698166,-266437.71016122994,47.26521218110237,0.07513511773528304
889,42225.0,299.1259303606742,1.0764590202247193,3215.93305924682,-266437.70897706004,47.290389867790275,0.07514077790262168
890,42250.0,299.12902019341567,1.0764617355031803,3217.733971973815,-266437.7082281146,47.31539847287693,0.07514514066591839
891,42275.0,299.1234384764574,1.076464326233184,3219.53438826383,-266437.70716554567,47.34044876606877,0.07514869469357245
892,42300.0,299.12099090518853,1.0764674576334454,3221.3343453620787,-266437.70652528934,47.3658200156775,0.07515291377379615
893,42325.0,299.1173107363907,1.076473325876212,3223.133817700227,-266437.70614280395,47.391221537658474,0.07516194369873225
894,42350.0,299.1108014040968,1.0764837046554936,3224.93286105438,-266437.7058542831,47.41629573333335,0.07517938659217872
895,42375.0,299.11269483072914,1.076499449776786,3226.7314437779055,-266437.7060663133,47.44107082440478,0.07520770200892853
896,42400.0,299.11446774396137,1.0765201133407658,3228.529517978822,-266437.706370773,47.46583308658494,0.07524660981047931
897,42425.0,299.1212905282108,1.0765439057164072,3230.3270555334107,-266437.70708054944,47.490636563845605,0.07529229881217515
898,42450.0,299.123373238413,1.0765690530218766,3232.124397905825,-266437.7076381165,47.515425146459044,0.07534069002595471
899,42475.0,299.1113450118518,1.0765944525925928,3233.9215815440775,-266437.70753472234,47.54040188333335,0.075389367037037
900,42500.0,299.1111669659637,1.076618983721791,3235.718370709216,-266437.7080443027,47.56552164335924,0.07543567369589342
901,42525.0,299.10924496378414,1.0766415576496677,3237.5148800273505,-266437.70834488183,47.59078229231339,0.07547718994826308
902,42550.0,299.1113503503137,1.0766616271686973,3239.3108036829126,-266437.70850636775,47.61616507788853,0.07551313842746397
903,42575.0,299.11362344542766,1.0766794067109149,3241.10634521608,-266437.7083102877,47.64175045722715,0.0755447083333333
904,42600.0,299.11909869760586,1.0766952769797424,3242.9013561296533,-266437.7079880295,47.667630503130766,0.07557317090239406
905,42625.0,299.12077012288444,1.0767095636497428,3244.695798237678,-266437.7073905446,47.69353039919059,0.07559930978660775
906,42650.0,299.12674292208743,1.0767218467475197,3246.4898256126457,-266437.70713891956,47.71911606909226,0.0756221477398015
907,42675.0,299.1291500936123,1.0767315756240827,3248.2834874280506,-266437.7070140419,47.74444741960354,0.0756400271659324
908,42700.0,299.1321468899889,1.0767384059405944,3250.07654946425,-266437.7072676018,47.76982431279796,0.07565152915291525
909,42725.0,299.1211082772893,1.0767426948717953,3251.8692297560474,-266437.7070856227,47.79499547326009,0.07565698278388273
910,42750.0,299.11200859348696,1.0767449337724118,3253.6614927585106,-266437.7071670326,47.81998559019394,0.0756571902671057
911,42775.0,299.1066580793128,1.0767452415935679,3255.4534966462024,-266437.7074310124,47.84495712280703,0.07565258260233913
912,42800.0,299.1109405669952,1.076743122307412,3257.2451811770757,-266437.70807092,47.869970015334076,0.07564265242789334
913,42825.0,299.11423400182343,1.0767382804522252,3259.036523132024,-266437.70856126916,47.89517651859958,0.07562747118891315
914,42850.0,299.1110785642987,1.0767309686703102,3260.827228746452,-266437.70875455375,47.920590496174874,0.07560827140255004
915,42875.0,299.107248257278,1.0767222827510923,3262.6174068675437,-266437.70891330054,47.94617100946144,0.07558751310043664
916,42900.0,299.1079445543439,1.0767133449654676,3264.407166387136,-266437.70917393675,47.971746206106886,0.07556716539440199
917,42925.0,299.10433480718956,1.0767051615831522,3266.1964457309405,-266437.7089574255,47.9972604553377,0.07554877487291208
918,42950.0,299.1070822879942,1.0766984247370335,3267.9852835437105,-266437.7088093942,48.02308009176643,0.0755334047878128
919,42975.0,299.10388389637683,1.0766938278985512,3269.773593750728,-266437.708106884,48.04891533876813,0.0755219307971014
920,43000.0,299.1063646250452,1.0766924013753172,3271.5613880474157,-266437.7075642417,48.07472728917845,0.07551605754614545
921,43025.0,299.1148758076645,1.0766950683297185,3273.348748056764,-266437.7072939262,48.10026405242229,0.07551750506146054
922,43050.0,299.1185906478873,1.0767020169736372,3275.135700812571,-266437.7069000541,48.125710794510674,0.07552708089563014
923,43075.0,299.12521497222224,1.0767125447330452,3276.922011474751,-266437.70684523805,48.151109003607516,0.07554379509379504
924,43100.0,299.12900208036035,1.0767259416216222,3278.7080729153186,-266437.7069256756,48.17642674954956,0.07556653729729725
925,43125.0,299.12660610079195,1.076741515118791,3280.4935676623504,-266437.7070734341,48.20160418214544,0.07559440280777532
926,43150.0,299.12642964077673,1.0767580611290908,3282.27863912298,-266437.707782722,48.22654596368214,0.07562530564545122
927,43175.0,299.121460376796,1.076774586206897,3284.063267761138,-266437.7086476293,48.25140951400863,0.07565708584770112
928,43200.0,299.120117581629,1.0767906864011487,3285.847524266239,-266437.7100152493,48.27601800143525,0.07568803731611047
929,43225.0,299.11747376487455,1.0768059000000005,3287.6313177953434,-266437.71140232973,48.30073677311829,0.07571624695340498
930,43250.0,299.10531723988544,1.0768197583243828,3289.4148794504144,-266437.71218224126,48.325246731471545,0.07574045614035083
931,43275.0,299.09638950894134,1.0768320994277543,3291.197755652721,-266437.7127369456,48.349611520386276,0.07576076537911297
932,43300.0,299.0891777838513,1.0768433179707042,3292.9800530314424,-266437.7128662022,48.37402569453378,0.07577833011789921
933,43325.0,299.09683603497496,1.0768545845824415,3294.76177223769,-266437.71320708416,48.39842911491793,0.0757958832976445
934,43350.0,299.10565835401064,1.0768663764705886,3296.5430751451004,-266437.7132687165,48.4230317597148,0.07581479607843133
935,43375.0,299.1087472353988,1.0768787827635333,3298.3238731823385,-266437.71272925567,48.447654655982916,0.07583591132478629
936,43400.0,299.1247120135183,1.0768925837780154,3300.10426410886,-266437.7126356279,48.47225908715761,0.07586186197082885
937,43425.0,299.128725489339,1.0769082739872073,3301.8840744769036,-266437.71189809876,48.49672841186924,0.07589475302061119
938,43450.0,299.12954823535676,1.0769261196308133,3303.6634621622316,-266437.7110623003,48.52103012176076,0.07593582499112528
939,43475.0,299.1298703212766,1.076945827304965,3305.4423163996476,-266437.71041666664,48.545402547163135,0.07598451453900705
940,43500.0,299.1261056404534,1.076966305703153,3307.220673710594,-266437.70978347503,48.56989828303225,0.0760374420828905
941,43525.0,299.13787895046,1.076986266454353,3308.999204611821,-266437.7101910828,48.594327120311405,0.0760893259023354
942,43550.0,299.1472921753269,1.0770053305054794,3310.7782790940287,-266437.7107966596,48.61864277589256,0.0761369042064333
943,43575.0,299.1415763527542,1.0770236232344639,3312.5576777577708,-266437.71103681147,48.64295999293787,0.0761791310028248
944,43600.0,299.13459827971775,1.0770412599647272,3314.3376062659636,-266437.71150793653,48.66767535661377,0.07621627901234562
945,43625.0,299.12957236821705,1.077058933403806,3316.118043406627,-266437.71223132487,48.692684434813266,0.07625081042988015
946,43650.0,299.13258552023933,1.077077597676875,3317.898943101727,-266437.7132941746,48.71775471348119,0.07628573600844767
947,43675.0,299.12936797714485,1.0770980573136433,3319.680497341423,-266437.713871308,48.74275507946557,0.0763238973277074
948,43700.0,299.128644857745,1.0771199392342823,3321.4625252792434,-266437.7143703899,48.767729894274694,0.07636511204776954
949,43725.0,299.1210430007017,1.0771423112280707,3323.244971161757,-266437.71413377195,48.7925404926316,0.07640752421052627
950,43750.0,299.1227167532422,1.0771639025587108,3325.0279917602547,-266437.7139962321,48.81726980686999,0.07644834665264628
951,43775.0,299.13201755672264,1.077183009103642,3326.811495316529,-266437.714044993,48.8418667086835,0.07648388025210079
952,43800.0,299.1355237677509,1.077199360265828,3328.595590211265,-266437.7138969045,48.86646338754812,0.07651380902413427
953,43825.0,299.13996318693216,1.0772135115303991,3330.379952803287,-266437.71398934314,48.89107890006991,0.07653959189378053
954,43850.0,299.13851851134376,1.077225320069809,3332.1647557071574,-266437.7140379581,48.915912279232145,0.07656101326352527
955,43875.0,299.13272061715475,1.0772349881450498,3333.949872685149,-266437.7139884065,48.94109208333336,0.07657880474198044
956,43900.0,299.1283802180424,1.0772425771508194,3335.73534644166,-266437.7140804598,48.966153006966245,0.07659340055729708
957,43925.0,299.13020303757827,1.0772477560890754,3337.521110510093,-266437.7143245477,48.9913166304802,0.07660390396659704
958,43950.0,299.11885682794576,1.0772509103232544,3339.307391095588,-266437.7136883038,49.01665835974977,0.0766108512339242
959,43975.0,299.13162175763887,1.07725254513889,3341.094136327433,-266437.7140190972,49.041943017013914,0.07661476562499997
960,44000.0,299.141241830385,1.0772539667013539,3342.881281553245,-266437.7139806625,49.067330908081885,0.07661799687825178
961,44025.0,299.1430408863479,1.0772565297990309,3344.668907422386,-266437.713487526,49.09271082397785,0.07662243936243933
962,44050.0,299.1437512125303,1.0772607327795096,3346.457019199033,-266437.71282234334,49.11812633714091,0.07662834752509516
963,44075.0,299.1598896431535,1.0772666860304299,3348.245602911828,-266437.71299057745,49.14353419190874,0.07663591701244811
964,44100.0,299.1649557302245,1.0772747240069096,3350.0343891053562,-266437.7128130397,49.16862394991368,0.07664658203799653
965,44125.0,299.15775873119395,1.0772858937198078,3351.823450972052,-266437.7122368875,49.19358945065566,0.07666367391304346
966,44150.0,299.14957928645293,1.0773011678731483,3353.61294751086,-266437.71173733193,49.21838517442265,0.07669049534643224
967,44175.0,299.1489801546143,1.0773212520661166,3355.402806190429,-266437.71161544416,49.24289139979343,0.0767294741735537
968,44200.0,299.1693789019608,1.0773461427588589,3357.193066906435,-266437.71261179907,49.26714229067771,0.07678077055383555
969,44225.0,299.16616317800685,1.0773745883161523,3358.983726077665,-266437.7125966495,49.29125442027495,0.07684101099656356
970,44250.0,299.16431362478545,1.077403660487471,3360.7748595585326,-266437.71299991413,49.31521409886719,0.07690258668039819
971,44275.0,299.16538382133064,1.0774303436214003,3362.566360144721,-266437.7138953189,49.33906967489716,0.07695795438957474
972,44300.0,299.1606794295992,1.0774523216855099,3364.3584914583785,-266437.7148959404,49.36289000548137,0.07700173244261731
973,44325.0,299.1550047214237,1.0774688610540735,3366.1506621451085,-266437.71622604376,49.387165733401815,0.07703268993839832
974,44350.0,299.1409139169231,1.0774803364102574,3367.9431216386347,-266437.7172970085,49.41159985264961,0.07705226188034184
975,44375.0,299.13210127424867,1.0774874173497277,3369.7359617865463,-266437.7184191427,49.43595157786889,0.07706240232240434
976,44400.0,299.12030821699085,1.0774906983964527,3371.5292437976823,-266437.7190591948,49.46045086625729,0.07706457352439437
977,44425.0,299.1115701751875,1.0774905132924346,3373.3228652801663,-266437.7192825494,49.485124540559006,0.07705946012269935
978,44450.0,299.1073345883555,1.0774870061287039,3375.116777854276,-266437.71896280214,49.50996253728298,0.07704749165815454
979,44475.0,299.11647200272114,1.0774801642857152,3376.9111203925195,-266437.7186011904,49.53517842551025,0.07702911360544214
980,44500.0,299.13883891845063,1.0774704444444456,3378.7057410601456,-266437.71842082904,49.56072604757055,0.07700594563370707
981,44525.0,299.1436641524101,1.0774583180583854,3380.5007723699955,-266437.71725432784,49.58639044059746,0.07697942396469785
982,44550.0,299.1526219735504,1.0774448877585634,3382.296196387252,-266437.7164398948,49.61233480027133,0.07695172227873852
983,44575.0,299.1645400470868,1.0774316117886191,3384.09208084858,-266437.7161564193,49.63839079369923,0.07692534654471542
984,44600.0,299.1779111316414,1.0774199857868032,3385.8879779082936,-266437.7164340101,49.66426573874793,0.07690254483925547
985,44625.0,299.1781140598378,1.0774107998647748,3387.6842371646408,-266437.7166476504,49.68980474374582,0.07688406423258956
986,44650.0,299.1738905650119,1.077404650793652,3389.4807249226637,-266437.7172091354,49.71530743836546,0.07687036001350891
987,44675.0,299.1535684325237,1.0774029790823225,3391.2775563579653,-266437.7173161268,49.74073440418358,0.07686419939271252
988,44700.0,299.1308292787328,1.077406906639705,3393.074804983151,-266437.71737023926,49.76593433940011,0.07686837883383886
989,44725.0,299.1158410599328,1.0774171777777792,3394.8724556646494,-266437.7176767677,49.790763097979834,0.07688502659932657
990,44750.0,299.1147063269426,1.0774333017154403,3396.670441445008,-266437.71825597034,49.815633921964384,0.07691386545576855
991,44775.0,299.11705849395173,1.0774538219086036,3398.468967267812,-266437.71852948586,49.84023150268821,0.0769522956989247
992,44800.0,299.1249612960726,1.0774768398791554,3400.2680434535105,-266437.71876049007,49.86461851023837,0.0769963554884189
993,44825.0,299.12790507310547,1.0775008105298471,3402.0675147089228,-266437.71862424543,49.88911635378944,0.07704269885982559
994,44850.0,299.13359538961487,1.0775244596314921,3403.86741089012,-266437.7185824958,49.91360628140707,0.077088445561139
995,44875.0,299.1371949966534,1.0775463684738968,3405.6677363935773,-266437.7185512885,49.93811939223564,0.07713016030789824
996,44900.0,299.13860920662,1.0775647128050834,3407.468666864931,-266437.7186037278,49.96276022199937,0.07716352056168502
997,44925.0,299.1397186429527,1.0775784415497676,3409.2699657084195,-266437.71888568805,49.987562785905176,0.07718633867735468
998,44950.0,299.1328584878213,1.0775872679346026,3411.0715192973003,-266437.7190002503,50.01275781548219,0.0771985281948615
999,44975.0,299.1297073833335,1.0775911630000012,3412.873069952003,-266437.71947916667,50.0382375506667,0.07720075266666665
1000,45000.0,299.1183106653348,1.077590066933068,3414.675061391611,-266437.71949925076,50.0640547595738,0.07719350049950048
1001,45025.0,299.1089549530939,1.0775849298070537,3416.4773421284126,-266437.719332169,50.08993555489026,0.07717916866267463
1002,45050.0,299.1072660800932,1.077577779661018,3418.2798749232334,-266437.7191550349,50.11591141375877,0.07716214323695578
1003,45075.0,299.1121813097611,1.0775700292164687,3420.082588962818,-266437.7188952523,50.14219510823377,0.077145536188579
1004,45100.0,299.1176546686569,1.077562216583749,3421.8856797217277,-266437.71833540633,50.16866457147599,0.07713045041459367
1005,45125.0,299.12516732206774,1.0775548800530166,3423.688823036782,-266437.71773525514,50.19492820046392,0.07711729953611661
1006,45150.0,299.12706990102635,1.0775484448858006,3425.4922563714035,-266437.7167639027,50.22109276729564,0.07710606818934126
1007,45175.0,299.13690128207685,1.077543740410054,3427.2962409894208,-266437.71633184527,50.24723802414025,0.07709782208994707
1008,45200.0,299.1409790079288,1.077541981169476,3429.1004382454603,-266437.7158387017,50.273179699702716,0.07709470630987775
1009,45225.0,299.14232545478563,1.0775431135313542,3430.9049899877914,-266437.7155115512,50.29880582904295,0.07709699933993397
1010,45250.0,299.13687680184654,1.0775460576986493,3432.709851861856,-266437.71512322786,50.324522187273374,0.0771027688757006
1011,45275.0,299.1324977167327,1.0775499861660092,3434.5142866156157,-266437.7149106555,50.35031056422929,0.0771101561264822
1012,45300.0,299.13075900065826,1.077555334649557,3436.3181131135275,-266437.7148321817,50.3762730329056,0.07712003915761761
1013,45325.0,299.1247786600922,1.077562630506247,3438.1211814763346,-266437.71455867856,50.402373286653564,0.07713342800788951
1014,45350.0,299.1317029513959,1.0775716019704444,3439.9236826338292,-266437.7149630542,50.428562638423685,0.07715023284072246
1015,45375.0,299.1343465311681,1.0775815488845155,3441.7261253868146,-266437.71508981305,50.454630461614215,0.07716932841207347
1016,45400.0,299.1268962068176,1.0775918282530328,3443.528678314982,-266437.71462225507,50.48062244739434,0.07718974795149129
1017,45425.0,299.1212835491161,1.0776019610347096,3445.331368484941,-266437.7140839883,50.50657080943029,0.07721068729535034
1018,45450.0,299.1242169515867,1.077611561988879,3447.134115316653,-266437.71382278384,50.532422988878025,0.07723083905789987
1019,45475.0,299.12848462418316,1.0776204679738572,3448.937301881049,-266437.71349060466,50.558382500000036,0.07724883333333331
1020,45500.0,299.1332929673525,1.077627494286648,3450.740987280774,-266437.7130876592,50.584352497551464,0.07726143780607246
1021,45525.0,299.135386005871,1.0776311937377698,3452.545010472606,-266437.7125224234,50.61038796216573,0.07726549641226353
1022,45550.0,299.1447065454547,1.0776308680351914,3454.3494562860897,-266437.71236559143,50.63653688139463,0.07726027500814596
1023,45575.0,299.14194209082046,1.07762684733073,3456.1544298548206,-266437.71166992193,50.6626241165365,0.07724756087239582
1024,45600.0,299.1367645876424,1.0776201170731716,3457.9597892591896,-266437.7110060976,50.688926574959396,0.07722996650406502
1025,45625.0,299.13626412020807,1.077611981156596,3459.765619516897,-266437.7107090644,50.71561373489283,0.07721003378817412
1026,45650.0,299.13886401493033,1.077603111652062,3461.571763117822,-266437.7105951802,50.7421499798767,0.07718891723466405
1027,45675.0,299.1327943764593,1.0775935609597933,3463.3782407292506,-266437.71003566805,50.768699366407304,0.07716666212710763
1028,45700.0,299.12533076514427,1.0775832568837067,3465.1849813103363,-266437.70933552,50.79504624036284,0.0771432209264658
1029,45725.0,299.128028900971,1.0775722372168293,3466.9921071187728,-266437.70889967645,50.82161006116508,0.07711870291262134
1030,45750.0,299.1293486084709,1.0775607116068548,3468.7995351309432,-266437.7082120919,50.84804642935665,0.07709330488199156
1031,45775.0,299.1350355998064,1.0775489069767448,3470.607268830429,-266437.7077479006,50.87464732751942,0.07706713953488369
1032,45800.0,299.13096713681847,1.0775371364956443,3472.4154623368854,-266437.70680058096,50.901269661503754,0.07704083414004514
1033,45825.0,299.1339092211478,1.0775261653771766,3474.2240038323685,-266437.706298356,50.928174327208296,0.07701630528691163
1034,45850.0,299.1271881436395,1.0775166386473436,3476.0328938450907,-266437.70524355886,50.954996778744004,0.07699574363929143
1035,45875.0,299.1283700836553,1.0775084436936941,3477.841912238419,-266437.7045427125,50.9817039594595,0.07697997104247101
1036,45900.0,299.1256782378658,1.0775015808421733,3479.65104518258,-266437.7036222277,51.00832141272907,0.07696933172613303
1037,45925.0,299.12508605844596,1.077496187861272,3481.4605538015435,-266437.7027837991,51.034922362235115,0.07696364161849706
1038,45950.0,299.1248378360606,1.0774923679820343,3483.27038630767,-266437.7020873437,51.06159764773826,0.07696197337183185
1039,45975.0,299.1307539243592,1.0774902753205131,3485.0804517352585,-266437.70192307705,51.08856060929492,0.07696345192307688
1040,46000.0,299.13051282388756,1.0774901075888572,3486.890944272817,-266437.701759126,51.11572502753767,0.07696802337495993
1041,46025.0,299.12633007005786,1.0774921836212414,3488.7018461586717,-266437.70171545114,51.14267481445942,0.07697632917466406
1042,46050.0,299.1177622786836,1.0774965608820712,3490.512963062962,-266437.7017217962,51.16957074272935,0.07698828699264937
1043,46075.0,299.11060201692237,1.0775025571519798,3492.324579076631,-266437.7019177044,51.196321288314216,0.07700263952745845
1044,46100.0,299.1161509234453,1.077508625837321,3494.1365922312625,-266437.7026913877,51.22301554545459,0.07701673492822962
1045,46125.0,299.12464295060573,1.0775127823454433,3495.948850016255,-266437.7036129702,51.24974172020399,0.07702682632249837
1046,46150.0,299.1192035345434,1.0775135065265842,3497.761588630694,-266437.7037567655,51.27668551257565,0.07702991244826485
1047,46175.0,299.1160569373412,1.0775103228371505,3499.574732509227,-266437.70393010514,51.30375458047077,0.07702557792620861
1048,46200.0,299.11800099523384,1.0775036313949795,3501.3882821185284,-266437.70420241513,51.330832749920596,0.07701520845249439
1049,46225.0,299.1208998755558,1.0774950860317463,3503.2021286285744,-266437.704325397,51.35801343492067,0.07700209301587296
1050,46250.0,299.12218075991143,1.077485918807485,3505.016371807805,-266437.70415080886,51.385321945448815,0.07698813225499519
1051,46275.0,299.12934973859336,1.0774763159062106,3506.830968130231,-266437.7040854723,51.41227164036759,0.07697324936628638
1052,46300.0,299.1409684912949,1.0774668195631532,3508.6459367556217,-266437.7042279995,51.43925360747076,0.07695771446660331
1053,46325.0,299.1495288684379,1.0774579215686277,3510.461037018662,-266437.70428130944,51.46610857337133,0.07694156799493986
1054,46350.0,299.14936798293866,1.0774493535545027,3512.276554442657,-266437.7040383098,51.49290619905218,0.07692420442338067
1055,46375.0,299.15777425315684,1.077441027777778,3514.0923039930585,-266437.7044862691,51.51946254766418,0.07690565940656559
1056,46400.0,299.15884062472435,1.0774330873541473,3515.9082029167485,-266437.70485454134,51.54575433491017,0.07688664774519073
1057,46425.0,299.1422312870198,1.0774257539382486,3517.7243998383774,-266437.7045919976,51.57175856490238,0.07686811972274725
1058,46450.0,299.1294984922886,1.077420069877243,3519.5410042757353,-266437.7046643848,51.59740265502051,0.07685228706326716
1059,46475.0,299.1161622440255,1.0774169295597487,3521.3580987116384,-266437.70461871085,51.62274702389942,0.07684097578616346
1060,46500.0,299.11216829971755,1.0774169525604778,3523.1754443924,-266437.7047792964,51.64772745774432,0.07683556958843853
1061,46525.0,299.1151078220342,1.077420383866918,3524.9930839915282,-266437.7049690052,51.67271095762717,0.07683687476459504
1062,46550.0,299.11484559234896,1.0774266926936347,3526.811281992477,-266437.7046683915,51.69758808529325,0.07684419253684534
1063,46575.0,299.12342602882234,1.0774343577694239,3528.6298906325214,-266437.7045543548,51.72250906171684,0.07685455169172926
1064,46600.0,299.1238358813775,1.0774421446009395,3530.4487784610355,-266437.7039612678,51.74769884475749,0.07686532363067286
1065,46625.0,299.1204045587871,1.0774496475922455,3532.2680799793648,-266437.7032227175,51.77286086366484,0.07687551188242646
1066,46650.0,299.12550373102187,1.0774567444548582,3534.087694928775,-266437.7031201189,51.79808533801942,0.07688473133395808
1067,46675.0,299.1297908583025,1.0774639038701626,3535.9076799338354,-266437.70323228795,51.823166562422024,0.07689394787765287
1068,46700.0,299.1221819644531,1.0774713872778299,3537.7280429285966,-266437.70308115083,51.84807534830065,0.07690381135017144
1069,46725.0,299.11675388473554,1.0774791638629284,3539.548792320252,-266437.70334890985,51.87289404299071,0.07691436635514014
1070,46750.0,299.1080775396828,1.0774868963585433,3541.369825479928,-266437.70353836,51.8976798920013,0.07692496669779017
1071,46775.0,299.10645219371924,1.077494514614428,3543.1913926660472,-266437.70405783603,51.92245684452742,0.0769354322139303
1072,46800.0,299.1059748630012,1.0775021429015224,3545.0133665759577,-266437.70454721985,51.94752146753656,0.0769460009319664
1073,46825.0,299.10423702514,1.0775095285536935,3546.8357153277493,-266437.70481261663,51.97273659714469,0.07695599503414023
1074,46850.0,299.110069062946,1.0775159894573643,3548.6583388648087,-266437.705406977,51.99809367317835,0.07696403441860461
1075,46875.0,299.11429979801767,1.077521106567534,3550.481045838912,-266437.70590342337,52.02379490892199,0.07696943742255262
1076,46900.0,299.1210887496134,1.0775249421231818,3552.304139385022,-266437.706515011,52.04943330083571,0.07697269637883004
1077,46925.0,299.1170904257888,1.0775284032158319,3554.127371642241,-266437.70663265325,52.07508423345707,0.07697622665429803
1078,46950.0,299.1106178643809,1.0775321776336115,3555.9510508399776,-266437.7065859594,52.10069452981161,0.07698191658943461
1079,46975.0,299.1119981549386,1.0775370746913582,3557.7747436256195,-266437.70680941374,52.12640492592598,0.07699140833333329
1080,47000.0,299.1094709389457,1.0775440767807587,3559.598813420909,-266437.7066662814,52.15204888405802,0.07700633209990745
1081,47025.0,299.1028418284045,1.0775527732593964,3561.4231778502794,-266437.7061383243,52.17767386414054,0.07702525477510778
1082,47050.0,299.106566514928,1.077560887965528,3563.248019569716,-266437.7059479842,52.203484079101315,0.07704282209910737
1083,47075.0,299.1153069870852,1.0775666688191885,3565.073077481552,-266437.7058252616,52.22927229089796,0.07705534225092248
1084,47100.0,299.1203688731186,1.0775691327188943,3566.8983236208933,-266437.70561635966,52.25497457173584,0.07706130783410134
1085,47125.0,299.1134595202581,1.0775685046040517,3568.723765740948,-266437.7050913139,52.28066196378151,0.07706171823204416
1086,47150.0,299.1196297552901,1.0775657712358173,3570.5492385587268,-266437.70551594626,52.30638511008898,0.07705867709291625
1087,47175.0,299.1116934589464,1.0775618051470588,3572.3742063792915,-266437.7054227944,52.33202403584564,0.07705363664215682
1088,47200.0,299.1127813737377,1.0775570122436486,3574.198771719623,-266437.7058367771,52.35794507591068,0.0770470208142026
1089,47225.0,299.1047110856272,1.0775524195718655,3576.0227570850175,-266437.70573394524,52.38399652354746,0.07704019999999998
1090,47250.0,299.11263962908674,1.0775485050412466,3577.8463426168673,-266437.70628055325,52.40993015673699,0.07703341857622972
1091,47275.0,299.11763185103814,1.0775453922466423,3579.6698724255207,-266437.7064159801,52.435861064713116,0.07702662515262512
1092,47300.0,299.11438391094873,1.0775435455931686,3581.4936885876814,-266437.7060841723,52.461880338822866,0.07702063464470872
1093,47325.0,299.1110567483245,1.077543660268129,3583.3179764838533,-266437.7056958412,52.48762462675203,0.07701711304082874
1094,47350.0,299.11606220365326,1.0775464986301369,3585.1426142325745,-266437.705688737,52.51326800304419,0.07701818751902584
1095,47375.0,299.1253377779808,1.0775516043187348,3586.9677050547466,-266437.7059002436,52.53899812560832,0.07702341940389291
1096,47400.0,299.1269363521729,1.0775580856882407,3588.79308094075,-266437.7058644792,52.56477703828628,0.07703130294743236
1097,47425.0,299.1295528633883,1.077565403460838,3590.618655538861,-266437.7060564666,52.59040113934431,0.07704093199757131
1098,47450.0,299.12476198453174,1.077573532302093,3592.4445056251157,-266437.7060680167,52.61589969366095,0.0770523858052775
1099,47475.0,299.1156532390913,1.0775827933333333,3594.2705253539416,-266437.7059848488,52.6415417745455,0.07706651575757573
1100,47500.0,299.10875941356375,1.0775935443536178,3596.0967810087823,-266437.70603428734,52.66717622191951,0.07708429094762335
1101,47525.0,299.111136297036,1.0776055120992134,3597.923335002422,-266437.70635775896,52.692645095583835,0.07710530732002417
1102,47550.0,299.115418924751,1.077618474463584,3599.7500384720483,-266437.70652954094,52.71804178180724,0.07712902629193108
1103,47575.0,299.1277996868965,1.0776322801932365,3601.577003291971,-266437.7068991549,52.743334973128064,0.07715477053140095
1104,47600.0,299.13358379939706,1.0776472844645548,3603.404158666367,-266437.70685331855,52.76864722202116,0.07718302202111613
1105,47625.0,299.13582870102505,1.077662851717902,3605.231674042799,-266437.70679814677,52.794020945750496,0.07721216907775767
1106,47650.0,299.12802907859117,1.0776784269798252,3607.059405162905,-266437.7064984194,52.81917608521534,0.07724090183679613
1107,47675.0,299.1298850342964,1.077693696750902,3608.8874046365845,-266437.7069701417,52.844259481648656,0.07726870367027677
1108,47700.0,299.1237882732195,1.0777082386534413,3610.7155066865066,-266437.70732829906,52.86957228824771,0.07729491614066725
1109,47725.0,299.1241798714718,1.0777218966966964,3612.543934870573,-266437.70827702736,52.89499064414419,0.07731924324324323
1110,47750.0,299.11641688658904,1.0777348052805278,3614.372476701172,-266437.7089896493,52.92040440954099,0.07734198379837982
1111,47775.0,299.1140757332138,1.0777468213429253,3616.2012069184675,-266437.71005695476,52.945886260191884,0.07736282494004794
1112,47800.0,299.11032601946727,1.0777578604372564,3618.0302390874535,-266437.7110006742,52.971415790655925,0.07738153009883196
1113,47825.0,299.1050799434474,1.07776763464991,3619.8593844850416,-266437.71177438693,52.99684849012571,0.07739749790544581
1114,47850.0,299.09452544125594,1.0777760286995515,3621.6887983285524,-266437.71208893904,53.02218753393127,0.07741071689088187
1115,47875.0,299.09147777957025,1.0777835988649938,3623.5185277129654,-266437.71228158637,53.04735362216252,0.07742269205495814
1116,47900.0,299.0978286627876,1.0777905458072217,3625.3484630558064,-266437.71232467954,53.07275007967774,0.0774339788122948
1117,47925.0,299.1010889445442,1.077796873285629,3627.1786584749575,-266437.71164095146,53.09822278562913,0.07744434287418005
1118,47950.0,299.1078991349423,1.0778027053917185,3629.009223742332,-266437.71070710494,53.12378135805782,0.07745347036044084
1119,47975.0,299.11926076250035,1.0778080931547616,3630.840104470538,-266437.7097005212,53.14922555982146,0.07746120922619044
1120,48000.0,299.13452255515944,1.0778128331846561,3632.671219897118,-266437.70888157934,53.17439893101401,0.07746708266428781
1121,48025.0,299.15035892156897,1.0778164967320258,3634.5026753187785,-266437.70845402597,53.199794009209775,0.07747053773024358
1122,48050.0,299.1507680480858,1.077818836746809,3636.3346055399256,-266437.70781389176,53.22542045740579,0.07747149747699611
1123,48075.0,299.14973963226606,1.0778202921115063,3638.166928207298,-266437.7077865514,53.251124602906316,0.07747124881376034
1124,48100.0,299.13909696622255,1.077821759407407,3639.999664197336,-266437.7077592596,53.27699462518522,0.07747140059259255
1125,48125.0,299.1285032066314,1.077823418886915,3641.8324398960954,-266437.7080002964,53.30285727087036,0.07747188069863821
1126,48150.0,299.11568257971044,1.0778250993788816,3643.665583709556,-266437.70808377734,53.328753940550165,0.07747200207039334
1127,48175.0,299.10948099290806,1.0778269807919618,3645.4989866852866,-266437.7082594566,53.354664831264806,0.07747214450354607
1128,48200.0,299.10798239976407,1.0778295645113667,3647.332520429291,-266437.70839791885,53.380497385001505,0.07747372955417771
1129,48225.0,299.1094165814162,1.077833109734513,3649.166264936876,-266437.70835177024,53.40613621740416,0.07747789528023596
1130,48250.0,299.10978798732714,1.0778375773651632,3651.00019506219,-266437.70792808756,53.43157526584147,0.07748488417329794
1131,48275.0,299.1187327102476,1.0778421065959949,3652.8344507980005,-266437.70764318353,53.45697998380451,0.07749290989399289
1132,48300.0,299.1201203427481,1.0778460582524267,3654.668864517508,-266437.70687150664,53.48230141276849,0.0775008202412474
1133,48325.0,299.1218888057028,1.077848777189888,3656.503712413877,-266437.7062297916,53.50776144885365,0.07750737713109931
1134,48350.0,299.1213098126288,1.0778503230543315,3658.3390311844373,-266437.7056626288,53.53339487635833,0.07751226754772389
1135,48375.0,299.1307905724768,1.0778508732394363,3660.174652007925,-266437.705912559,53.559270864436655,0.07751487059859151
1136,48400.0,299.12953934066286,1.0778502746995011,3662.0104642233973,-266437.7060063035,53.58516635561422,0.07751400205218408
1137,48425.0,299.12440414557733,1.0778486198008197,3663.8465317451696,-266437.7062646459,53.61081535764502,0.07750962624487401
1138,48450.0,299.1081947971908,1.0778464056189634,3665.6827014773216,-266437.70615671674,53.63629799795145,0.07750299209833184
1139,48475.0,299.10182821169616,1.0778438450292391,3667.5191126505874,-266437.7065515354,53.661915959356755,0.07749496725146195
1140,48500.0,299.0960778328954,1.0778411440257079,3669.355642399652,-266437.70677220303,53.687550861525004,0.07748622261174404
1141,48525.0,299.0943208520142,1.0778383990075884,3671.1923101012867,-266437.7068921486,53.71312725773499,0.07747720490367771
1142,48550.0,299.0990112960049,1.0778345987168265,3673.0292388092757,-266437.70695720357,53.739045277048724,0.07746627209098858
1143,48575.0,299.10699351631723,1.0778289143356639,3674.8663411462726,-266437.7068855626,53.765174122377644,0.0774522657342657
1144,48600.0,299.1147862975257,1.0778213557496357,3676.7037377225643,-266437.70665938896,53.79137795574966,0.07743564657933039
1145,48625.0,299.1113779348461,1.0778121259453166,3678.5414606876116,-266437.70581551804,53.81769357329845,0.07741701832460729
1146,48650.0,299.1125513147343,1.0778018413251957,3680.3792943516446,-266437.70526373177,53.84404563237433,0.07739750973554196
1147,48675.0,299.1205728661442,1.0777916806039485,3682.217291418992,-266437.70519381564,53.87045798054589,0.07737899854819973
1148,48700.0,299.1214735799248,1.0777825378590074,3684.05556564259,-266437.70489737485,53.897185549173216,0.07736259907165648
1149,48725.0,299.11823240782627,1.0777753405797097,3685.8942878437706,-266437.7045289858,53.923884512173935,0.0773496492753623
1150,48750.0,299.12023228091533,1.0777703814074713,3687.7331936545056,-266437.70454134117,53.95050066724589,0.07734072371850562
1151,48775.0,299.1160465240164,1.0777670700231476,3689.5723555888335,-266437.70430953446,53.97699284432873,0.0773347005208333
1152,48800.0,299.1217666131832,1.0777647626481637,3691.411837096273,-266437.704620194,54.003529627638066,0.07733051257588897
1153,48825.0,299.1205639760256,1.0777632902946268,3693.251502013578,-266437.70461438503,54.029954446273855,0.07732839023685728
1154,48850.0,299.1163147396827,1.0777628444444438,3695.0911438715752,-266437.7043740984,54.05610698470421,0.07732908917748915
1155,48875.0,299.12120761764726,1.0777641482122255,3696.931093896773,-266437.7044676329,54.082217266436004,0.07733419348327565
1156,48900.0,299.12190113857696,1.077767885623739,3698.7713502232814,-266437.70416486636,54.10817919446848,0.07734523365024487
1157,48925.0,299.1217521350031,1.0777741663788134,3700.611808639324,-266437.70367371937,54.134181111686836,0.0773627976396085
1158,48950.0,299.1172561837793,1.077782836928386,3702.452360870581,-266437.70290480333,54.16027700805294,0.07738662985332181
1159,48975.0,299.1212938534485,1.0777926876436776,3704.2931067813242,-266437.70251436817,54.186365734770135,0.07741289396551723
1160,49000.0,299.12913063967864,1.0778026999712884,3706.1341458449638,-266437.7023040485,54.21211796726961,0.07743825064599483
1161,49025.0,299.1370024500863,1.0778127432587485,3707.9755968023546,-266437.70218373527,54.23814505450375,0.07746156884681583
1162,49050.0,299.14671575465775,1.0778224018343356,3709.8171972436253,-266437.70231441705,54.26426187446262,0.07748155116079106
1163,49075.0,299.14035541580785,1.0778311271477656,3711.6591390658673,-266437.7019347798,54.290206227663255,0.07749747451317296
1164,49100.0,299.1361588002864,1.0778375253218877,3713.501545617456,-266437.7019760375,54.316317084406315,0.07750719885550786
1165,49125.0,299.1253386755291,1.0778409379645504,3715.344095351632,-266437.7020082908,54.34271540594628,0.07750997598627787
1166,49150.0,299.1075991499574,1.0778414801485283,3717.1862535204255,-266437.70191552443,54.36935965609828,0.07750655526992288
1167,49175.0,299.0952928413245,1.0778393478881272,3719.0278062990897,-266437.7021083051,54.39612322460048,0.07749791352739727
1168,49200.0,299.09242822783034,1.0778353530082683,3720.8687344625064,-266437.7025057032,54.422878577701766,0.07748589592244085
1169,49225.0,299.0836763772083,1.0778306535612527,3722.7091350250744,-266437.7022168806,54.44941131823364,0.07747263646723648
1170,49250.0,299.08235833646484,1.0778259444918865,3724.5488222502163,-266437.70175064076,54.47604299373757,0.07745934728152577
1171,49275.0,299.08357203640526,1.0778216461888503,3726.388306875145,-266437.7008763513,54.502637915529036,0.07744675398179751
1172,49300.0,299.0873827774939,1.0778175839727189,3728.2280179988666,-266437.6996394575,54.52923134754194,0.07743456805910771
1173,49325.0,299.1017423466783,1.0778135059625207,3730.0679421842733,-266437.69869747333,54.55572849204999,0.07742249063032369
1174,49350.0,299.11311123290807,1.0778094150354605,3731.9081522167403,-266437.6976595748,54.58222666212768,0.07741066070921987
1175,49375.0,299.1226636629821,1.077805143990929,3733.7486438361702,-266437.69680945325,54.6088068075397,0.07739893225623584
1176,49400.0,299.11369798923846,1.077801394222599,3735.5894491028066,-266437.695465166,54.63545612517702,0.07738878023222885
1177,49425.0,299.1178837840976,1.077798842954159,3737.430508009341,-266437.69521965226,54.66219966440297,0.07738161658177704
1178,49450.0,299.11976387758017,1.0777978377155775,3739.271853962966,-266437.6953456322,54.68868139440206,0.07737810121571956
1179,49475.0,299.1076077638421,1.0777992536723155,3741.1135846966135,-266437.69523305114,54.7148080884181,0.07737991016949156
1180,49500.0,299.09389176686454,1.0778035924357883,3742.9557377468277,-266437.6953235255,54.741214503528106,0.07738840756421116
1181,49525.0,299.079687597011,1.0778110893965025,3744.7983985135393,-266437.6953609704,54.767792291878195,0.07740493654822338
1182,49550.0,299.0704792862781,1.077822108763031,3746.6414451036944,-266437.69532790955,54.79450011862499,0.07743098168498172
1183,49575.0,299.0669987373314,1.0778363015202694,3748.4848216131786,-266437.69504856446,54.82099978716218,0.07746624831081084
1184,49600.0,299.0722218135024,1.0778523448663846,3750.3283414075977,-266437.6946642056,54.847392104360075,0.07750726413502113
1185,49625.0,299.0915240154584,1.077868366216975,3752.1721871722903,-266437.69453520264,54.87389271978641,0.07754848201236653
1186,49650.0,299.1076885144625,1.077881808480763,3754.016376087057,-266437.69414314826,54.90038392024714,0.07758254029766921
1187,49675.0,299.11336705331115,1.0778907410213234,3755.86072158025,-266437.6934887068,54.92693863299665,0.07760441582491585
1188,49700.0,299.10979608634733,1.077894526773198,3757.7054377703985,-266437.6926951923,54.95378818222598,0.0776131342865153
1189,49725.0,299.10698037479017,1.0778939310924363,3759.5503260560254,-266437.69234068657,54.980981667507024,0.07761154089635856
1190,49750.0,299.10331612370584,1.077889808564231,3761.395211947946,-266437.6922054299,55.0085423666387,0.077602460677302
1191,49775.0,299.0972344272933,1.077882850950782,3763.2405079421173,-266437.69212283305,55.036332875838944,0.07758790492170024
1192,49800.0,299.0919759077957,1.077873343392008,3765.0860062989696,-266437.6922150044,55.06439648700756,0.07756910617490921
1193,49825.0,299.08693066247935,1.0778611122278048,3766.9318472252967,-266437.6923680907,55.09276983305418,0.07754646007816864
1194,49850.0,299.08292724128336,1.0778456011157593,3768.7779993096274,-266437.6924511858,55.12130448842401,0.07751970962343098
1195,49875.0,299.0872718826647,1.0778267081939792,3770.6245996769826,-266437.6926473665,55.1498071878484,0.07748916276477148
1196,49900.0,299.0903102556394,1.0778053923698125,3772.4715515146236,-266437.69237329456,55.178537522138704,0.07745631523252579
1197,49925.0,299.08532328937144,1.0777832437395651,3774.318810271289,-266437.691317126,55.2074875025042,0.07742303478018923
1198,49950.0,299.09536528996415,1.0777610986933548,3776.16640090687,-266437.6907405479,55.23668783041426,0.07739036669446764
1199,49975.0,299.10253861138915,1.0777396680555547,3778.0141333252805,-266437.689965278,55.26608176000003,0.07735953111111113
1200,50000.0,299.111097869831,1.0777190294199268,3779.8618910485734,-266437.68923466577,55.29551757923955,0.07733047155148488
1201,50025.0,299.1170341026071,1.077699120354963,3781.7099186372743,-266437.6885572659,55.324822554908515,0.07730279450915142
1202,50050.0,299.1203917999449,1.077679331116652,3783.5582577974533,-266437.68816673616,55.35401926517043,0.07727554308672763
1203,50075.0,299.1259033499449,1.0776594321705417,3785.4069663106343,-266437.68843438564,55.383208578073116,0.07724775470653378
1204,50100.0,299.1208166860307,1.0776396962655592,3787.2559843510403,-266437.68868430174,55.412268266666686,0.07721917206085754
1205,50125.0,299.111996124102,1.0776201464897723,3789.105336462413,-266437.6891065508,55.441270207849655,0.07718955002763958
1206,50150.0,299.1051259558136,1.0776013570836775,3790.9551683722757,-266437.6897265951,55.47021127312898,0.07715917260425298
1207,50175.0,299.11242264045285,1.0775847729028687,3792.805124756901,-266437.69095785066,55.499096807395155,0.07713005435982341
1208,50200.0,299.10864223711087,1.0775719627791556,3794.6552703683506,-266437.6913513237,55.527845181141444,0.0771052911497105
1209,50225.0,299.1077171774108,1.0775630520661148,3796.5055487776885,-266437.6914944906,55.556532925895326,0.07708606143250689
1210,50250.0,299.1161828565927,1.0775578469584357,3798.355852688139,-266437.6916632262,55.585112694192134,0.07707287007982383
1211,50275.0,299.1279156837187,1.0775556419141907,3800.206463778605,-266437.69159103435,55.61356656188119,0.07706480748074808
1212,50300.0,299.13955722533694,1.077555150590821,3802.057458469362,-266437.6913214484,55.64193993762023,0.0770595674635889
1213,50325.0,299.1481945019223,1.0775551029654031,3803.9087963174097,-266437.69102656527,55.670032771554105,0.07705488330587588
1214,50350.0,299.15080943786035,1.0775549931412889,3805.7603425190687,-266437.69081790146,55.69793281783266,0.07704995336076817
1215,50375.0,299.15284871271956,1.0775544868421045,3807.612074022206,-266437.69103789766,55.7257192738487,0.07704433278508771
1216,50400.0,299.14196423171757,1.0775534478225137,3809.4639828594927,-266437.6910349906,55.75357225171187,0.07703808846891262
1217,50425.0,299.12680827203087,1.077551706896551,3811.316205972908,-266437.69101498375,55.781396883689126,0.07703116995073891
1218,50450.0,299.11959636560044,1.0775486778780414,3813.16868179765,-266437.6914564536,55.8093280850424,0.07702264752529396
1219,50475.0,299.1130533409838,1.0775434445355183,3815.0215097874334,-266437.6918886614,55.837252009836085,0.0770110699453552
1220,50500.0,299.1085331807264,1.0775355591045583,3816.8744715086013,-266437.6922604425,55.86518871307674,0.07699580917280918
1221,50525.0,299.10707519039846,1.0775251227495901,3818.7276633985284,-266437.6924611295,55.89333687343155,0.07697697272231316
1222,50550.0,299.10547522867284,1.0775125685472873,3820.581059180159,-266437.69238893455,55.92161360016355,0.07695537966748434
1223,50575.0,299.1006405089871,1.0774981914488009,3822.434708392158,-266437.69172113313,55.95025869117649,0.07693157734204793
1224,50600.0,299.10459001741515,1.0774826672108835,3824.2884918410896,-266437.691096939,55.979131936054436,0.07690679537414966
1225,50625.0,299.10349601087563,1.077466658510059,3826.1426327093536,-266437.68989600346,56.00843904023928,0.07688177759651985
1226,50650.0,299.1082198432493,1.0774509649551742,3827.997271185548,-266437.68884983717,56.03779380766098,0.07685690709046455
1227,50675.0,299.1161470019003,1.077436273072746,3829.8521625412604,-266437.6880853015,56.067006469326834,0.07683285097719869
1228,50700.0,299.1250214616221,1.077422656631407,3831.707311151343,-266437.6877457962,56.096196670463804,0.07680985923515053
1229,50725.0,299.1241306970191,1.0774107558265575,3833.562640342548,-266437.6873475612,56.12526762493226,0.07678901869918699
1230,50750.0,299.1222185970757,1.0774010073111284,3835.4183612510164,-266437.6874238426,56.1543983279177,0.07677123314378553
1231,50775.0,299.1133924472404,1.0773933755411247,3837.274361653951,-266437.6875507307,56.18331269453464,0.07675695535714284
1232,50800.0,299.1099615650177,1.0773879232224919,3839.130669520953,-266437.6881674103,56.2120426131387,0.07674665855636657
1233,50825.0,299.10105104565116,1.0773848047001613,3840.987111037818,-266437.68856361444,56.24106691896274,0.07674070907617503
1234,50850.0,299.0955596294199,1.0773834296896079,3842.8437983438607,-266437.6889254388,56.26992230148449,0.07673813090418352
1235,50875.0,299.0999914557715,1.0773822508090607,3844.700640818501,-266437.6894215212,56.29863728856528,0.07673612675296655
1236,50900.0,299.1075244446243,1.0773797752627317,3846.557605348694,-266437.6898578552,56.32733030881165,0.07673215494475881
1237,50925.0,299.1081310411957,1.0773748233710276,3848.414885879107,-266437.68976339546,56.35622535110395,0.07672460043080236
1238,50950.0,299.10981758945405,1.0773660583804134,3850.2724396117846,-266437.6896774955,56.385528452246454,0.07671167150928167
1239,50975.0,299.1096724193551,1.0773523518817196,3852.130198378227,-266437.68947412656,56.41524104005378,0.07669175994623655
1240,51000.0,299.11269652699457,1.0773340652699428,3853.9881766838585,-266437.6894221732,56.445396758796676,0.07666521622347568
1241,51025.0,299.1060872850244,1.0773122855609223,3855.8462998486325,-266437.68888385687,56.47594948094473,0.07663329602791195
1242,51050.0,299.1121130860823,1.0772881979082856,3857.70468730035,-266437.6889833067,56.50689440788416,0.07659759399302761
1243,51075.0,299.10569563344075,1.0772638046623786,3859.5633784608804,-266437.6884629557,56.53786114603431,0.07656043863879956
1244,51100.0,299.1021013983938,1.077240726639892,3861.422390596521,-266437.68801874184,56.568583282195455,0.07652347496653279
1245,51125.0,299.102827009096,1.07722029989299,3863.2817028148756,-266437.6877926032,56.59902604842163,0.07648836490101657
1246,51150.0,299.09828602138487,1.0772032646351235,3865.141401782145,-266437.6873245792,56.6292903480353,0.07645655894145949
1247,51175.0,299.09286569951945,1.0771899615384608,3867.001422210471,-266437.6869073854,56.65942229353634,0.0764295018696581
1248,51200.0,299.09781158660286,1.077180183880437,3868.8613895628514,-266437.68718308007,56.68944448999201,0.07640783586869494
1249,51225.0,299.10504195893355,1.0771732087999992,3870.720841616801,-266437.6877833336,56.71925737520002,0.07639085253333332
1250,51250.0,299.0903513072211,1.0771685097255521,3872.5798392731162,-266437.6875249802,56.74863903250735,0.07637780442312815
1251,51275.0,299.0895115181046,1.0771658423855157,3874.4382306432385,-266437.68812400184,56.77782227263048,0.07636845047923321
1252,51300.0,299.0841779239161,1.0771647265230107,3876.2959048850767,-266437.68858905317,56.80692320989627,0.07636215482841179
1253,51325.0,299.082607748804,1.0771645364167988,3878.1534483912824,-266437.6892776451,56.83593458346626,0.07635786097820306
1254,51350.0,299.0867082664013,1.0771641386454176,3880.0112685490053,-266437.69012284215,56.86493026560427,0.07635343532536518
1255,51375.0,299.0814770130045,1.0771621783439482,3881.869267829619,-266437.690311505,56.893946209660314,0.07634637261146494
1256,51400.0,299.0706228769559,1.0771572442322983,3883.727460352693,-266437.690002652,56.92336243383719,0.0763340822063113
1257,51425.0,299.0734384313727,1.0771488219395857,3885.5859305450467,-266437.69009174634,56.95270069528353,0.07631567673555906
1258,51450.0,299.07512699788214,1.0771373232724375,3887.444678098757,-266437.6898083798,56.98208235954463,0.07629222769393695
1259,51475.0,299.0770255783071,1.0771230206349196,3889.303576702382,-266437.68921130965,57.01141528121695,0.07626471534391531
1260,51500.0,299.0765713378273,1.0771063285752038,3891.162614542428,-266437.68835084606,57.04057266534498,0.07623415701823945
1261,51525.0,299.0811065589014,1.077087904912836,3893.021811297941,-266437.68778889347,57.06961671315374,0.07620146090861063
1262,51550.0,299.07938365901316,1.0770684507785686,3894.881260725787,-266437.68712886004,57.098483321456875,0.07616725758775399
1263,51575.0,299.0793403523209,1.0770483006329106,3896.7409450701493,-266437.6866923789,57.12761234915614,0.07613178586497886
1264,51600.0,299.08106526903845,1.0770283791831348,3898.6009283064573,-266437.686544796,57.15670681185773,0.07609622608695647
1265,51625.0,299.07586210347574,1.07700968351764,3900.461213741181,-266437.6862082019,57.18573651948396,0.07606202869931539
1266,51650.0,299.0789929689558,1.0769922183635876,3902.3217516156287,-266437.6863818734,57.21474069560644,0.07602937437516438
1267,51675.0,299.07175900262905,1.076976278128285,3904.182687566247,-266437.6861363041,57.24366933070455,0.07599880415352256
1268,51700.0,299.07465698870527,1.0769622610979763,3906.0438550388767,-266437.6863672185,57.27255743840296,0.07597115944313103
1269,51725.0,299.0770213015751,1.076950731758529,3907.9051734514446,-266437.68652395037,57.30132528398952,0.0759477522309711
1270,51750.0,299.07808234356173,1.076941879097822,3909.76663883058,-266437.686532914,57.32979758274327,0.07592943876212951
1271,51775.0,299.0749889423482,1.076935735587001,3911.628354432915,-266437.68628799816,57.35819578249478,0.07591666404612156
1272,51800.0,299.0775114459285,1.0769312139303473,3913.4903962055523,-266437.68628895027,57.38671038491754,0.07590763864886092
1273,51825.0,299.0813474858715,1.076927399005755,3915.352535282838,-266437.6864697805,57.415122961538486,0.07590044557823125
1274,51850.0,299.07878497411787,1.0769234183006526,3917.2149301113745,-266437.68641339894,57.443169663006564,0.07589312078431369
1275,51875.0,299.0739800757578,1.076918236677115,3919.0775114312974,-266437.6863571058,57.47108394618603,0.07588345297805639
1276,51900.0,299.0677859083792,1.0769113610023484,3920.9403691884645,-266437.6863416865,57.49908497807364,0.07587060167058206
1277,51925.0,299.0665543583727,1.0769027042253512,3922.803595808296,-266437.68657896476,57.52714626969227,0.07585462310902448
1278,51950.0,299.0682676601514,1.076893455564242,3924.6671351365667,-266437.68685659394,57.555232797758705,0.0758373343758144
1279,51975.0,299.0676981489586,1.0768853513020824,3926.530949088022,-266437.68688151066,57.58341050312504,0.07582102968749996
1280,52000.0,299.06497003721074,1.0768796380431944,3928.3949924722892,-266437.6866543068,57.611480695810606,0.07580762919594064
1281,52025.0,299.0643684797194,1.0768770904836185,3930.2590758858573,-266437.68645995867,57.63940886505465,0.07579879745189805
1282,52050.0,299.0649233289168,1.0768784876591313,3932.123394160563,-266437.68632274645,57.667113431800516,0.07579696804364768
1283,52075.0,299.06480064278315,1.0768838844755961,3933.987914437956,-266437.6861046212,57.69471762694709,0.07580367263759083
1284,52100.0,299.06291911076545,1.0768925940337215,3935.8527437291846,-266437.6857733466,57.7220684962387,0.0758185950713359
1285,52125.0,299.0649422039919,1.076903710471746,3937.717921786938,-266437.6856126882,57.74927792586838,0.07583995723172625
1286,52150.0,299.0665060150222,1.0769160981610972,3939.583255919712,-266437.68544418574,57.77629437917642,0.07586453897953895
1287,52175.0,299.0669698374743,1.0769291420807443,3941.4488011014514,-266437.68530829484,57.80337416045553,0.07589015113871632
1288,52200.0,299.07493439824174,1.0769418264804749,3943.3146436656343,-266437.68569789274,57.83051401163697,0.07591428342384274
1289,52225.0,299.07851848320433,1.0769530607235132,3945.180504842896,-266437.68607881165,57.85780765064604,0.07593454134366921
1290,52250.0,299.0744531321975,1.0769624608830355,3947.0465230438954,-266437.686370385,57.885375065324084,0.07595024193131936
1291,52275.0,299.06429762022725,1.076970286635706,3948.912733360424,-266437.6865486329,57.91328562564504,0.07596218730650152
1292,52300.0,299.05684491234877,1.0769772626965703,3950.7790680840435,-266437.68682327954,57.94120176024754,0.0759720827532869
1293,52325.0,299.0588140909327,1.0769839598145277,3952.6455762797536,-266437.68742755055,57.968959946677025,0.07598123106646056
1294,52350.0,299.05390192638373,1.076990277992277,3954.5123021945956,-266437.6874839128,57.99696551402836,0.07598954646074643
1295,52375.0,299.05918166563805,1.076995975308641,3956.379115607768,-266437.68784561503,58.02498437988688,0.07599662705761313
1296,52400.0,299.0611816150092,1.0770011323567197,3958.2461355885384,-266437.68786141125,58.05310608686718,0.07600285325109224
1297,52425.0,299.05497714869045,1.0770065975860288,3960.113178565229,-266437.6872752956,58.081424752182905,0.07601015177195683
1298,52450.0,299.0582302111883,1.0770135401590957,3961.9802905724923,-266437.68693065207,58.109742866050865,0.07602092224788297
1299,52475.0,299.062374440513,1.0770227615384604,3963.847563745129,-266437.68650641054,58.137761747179546,0.07603673435897433
1300,52500.0,299.06644865693073,1.0770337740199836,3965.7150768747124,-266437.68611484783,58.165668318473024,0.07605634947476297
1301,52525.0,299.0737166111113,1.0770459377880173,3967.5827865327706,-266437.6860919102,58.193553121607835,0.07607825320020478
1302,52550.0,299.08084365873646,1.0770583282169341,3969.450737789716,-266437.6863727938,58.22151275211057,0.0761004430800716
1303,52575.0,299.08475637116584,1.0770700646728006,3971.3189334654908,-266437.686860941,58.24960979754608,0.0761210097137014
1304,52600.0,299.0785586250321,1.0770807892720298,3973.187410640102,-266437.6872206261,58.277881212260596,0.07613914150702424
1305,52625.0,299.07249513221046,1.0770903325676358,3975.0560595604898,-266437.6878190406,58.30620750076576,0.07615447626339966
1306,52650.0,299.0634271933182,1.0770987141035442,3976.924804650599,-266437.68827308115,58.33454542591182,0.07616714409589387
1307,52675.0,299.0552009806322,1.0771060124872571,3978.7938679508156,-266437.68861493404,58.36286180504593,0.07617745591233431
1308,52700.0,299.0541467794756,1.077111994907053,3980.6631747810034,-266437.68908358825,58.391216894576075,0.07618503845174429
1309,52725.0,299.0557275966923,1.077116142239185,3982.532713102799,-266437.6893606873,58.419737772519156,0.07618898473282439
1310,52750.0,299.0576539043989,1.0771181840833963,3984.4025058957536,-266437.689359268,58.4485699806764,0.07618901601830659
1311,52775.0,299.06023626117906,1.0771176338922759,3986.2724951974083,-266437.6891673021,58.477446155487876,0.07618457571138207
1312,52800.0,299.06843362833223,1.0771143422188367,3988.142766135821,-266437.6891263648,58.506651046458565,0.07617575679106367
1313,52825.0,299.0745572369358,1.077108569254185,3990.013226901827,-266437.6890537801,58.53618828031463,0.07616325443937083
1314,52850.0,299.0770314506973,1.0771004435994924,3991.883970180482,-266437.68899714854,58.565825361216795,0.07614732775665395
1315,52875.0,299.078000053445,1.0770897462006075,3993.7548911025838,-266437.6891068265,58.59574428242155,0.07612777456940219
1316,52900.0,299.08311918223256,1.0770760971905842,3995.6260551042774,-266437.68965926376,58.62589327132378,0.07610431764110348
1317,52925.0,299.0790163528075,1.0770595149215978,3997.4973888571067,-266437.68987101695,58.65613581765308,0.07607712341932216
1318,52950.0,299.0783039390955,1.0770405918625217,3999.3690052390702,-266437.69032726844,58.68648014834477,0.076046809198888
1319,52975.0,299.06944385833356,1.0770198510101003,4001.24098877197,-266437.69026199525,58.716862414646535,0.07601371338383833
1320,53000.0,299.0693849911685,1.0769976908907388,4003.113294629574,-266437.69045704044,58.74728725435283,0.0759781291950542
1321,53025.0,299.0749537264248,1.0769747410489152,4004.9859031094306,-266437.69073058525,58.77763923171969,0.07594086661623797
1322,53050.0,299.074709825397,1.0769520032753837,4006.8588330788616,-266437.69055492594,58.807835899219015,0.07590333786848068
1323,53075.0,299.07525603751276,1.07693024144008,4008.731856693102,-266437.69035592926,58.83796779959725,0.07586680689828797
1324,53100.0,299.0778568701889,1.0769105866666664,4010.605233859623,-266437.6902594342,58.86801848025164,0.07583322415094335
1325,53125.0,299.0838712956262,1.0768937282554043,4012.478897872298,-266437.69034376595,58.897700336098616,0.07580403318250371
1326,53150.0,299.08554169304216,1.0768801268525492,4014.352736850038,-266437.69015322806,58.92733636573733,0.07578025144436067
1327,53175.0,299.08746924774124,1.0768696031626501,4016.2268150891073,-266437.6899943527,58.95667876280129,0.07576178413654613
1328,53200.0,299.09332609631326,1.0768615548031095,4018.1011244740416,-266437.6900395037,58.98590804564844,0.07574803686982688
1329,53225.0,299.09955046140374,1.0768549882205507,4019.975813253635,-266437.6902099,59.01520213684219,0.07573776340852124
1330,53250.0,299.10298581091934,1.07684873979464,4021.8507165271735,-266437.6904113451,59.04465528499883,0.07572867943901823
1331,53275.0,299.10342480430455,1.07684231056056,4023.725846730732,-266437.6906359487,59.07412903153162,0.07571943818818813
1332,53300.0,299.1013965528885,1.0768355296324077,4025.601171707928,-266437.6908367719,59.10371425506386,0.07570954888722176
1333,53325.0,299.0986896566719,1.0768287251374309,4027.476573969766,-266437.69097482535,59.13326214292863,0.07569937631184402
1334,53350.0,299.0930546292137,1.0768216571785265,4029.352046150313,-266437.69090199773,59.1628144988765,0.07568786916354552
1335,53375.0,299.0948556180142,1.0768138418163669,4031.227595944362,-266437.6910865771,59.192484521457175,0.07567376422155683
1336,53400.0,299.0993697748694,1.0768050508601343,4033.1032216165554,-266437.69131762674,59.22224100573432,0.07565684692096729
1337,53425.0,299.0982798206281,1.0767949598903834,4034.9789258019437,-266437.691143498,59.25208566841066,0.07563704235176875
1338,53450.0,299.1016303564852,1.0767833171521033,4036.8542559036596,-266437.69101630594,59.282055705252766,0.07561451605675873
1339,53475.0,299.1038022253734,1.0767706517412934,4038.7292329373136,-266437.6907649256,59.31205336915431,0.07559039925373129
1340,53500.0,299.10138986602067,1.0767576057668404,4040.6037130658715,-266437.69021097466,59.34205078225214,0.07556593388018885
1341,53525.0,299.09668124316966,1.0767443241430699,4042.477752994287,-266437.6894793221,59.371857239940475,0.075541476403378
1342,53550.0,299.1008818339541,1.0767305934475053,4044.3516110965497,-266437.6891365726,59.40176978878142,0.07551666368826006
1343,53575.0,299.1054936163197,1.0767166178075394,4046.225592864831,-266437.6887710816,59.43175886458342,0.0754915749007936
1344,53600.0,299.1089078039655,1.0767027754646836,4048.0995778966544,-266437.688437113,59.46186638711285,0.07546646369268893
1345,53625.0,299.1107874457654,1.0766894153046058,4049.973789532194,-266437.6881578135,59.49210983779108,0.07544161986131745
1346,53650.0,299.11183055951517,1.0766768913635236,4051.848021998268,-266437.6880490599,59.52236896634505,0.0754176176688938
1347,53675.0,299.1101655974285,1.0766658956478732,4053.722376794016,-266437.68806410755,59.552442512611364,0.07539562586547968
1348,53700.0,299.1008763590316,1.076656901655547,4055.5968947874976,-266437.6879015322,59.582279775636366,0.07537657721769207
1349,53725.0,299.0965076501236,1.076649718024691,4057.4717349972843,-266437.68806327187,59.61189733086429,0.0753602844444444
1350,53750.0,299.0889014623737,1.07664393362941,4059.346893133729,-266437.6880088825,59.6413354211696,0.07534630249198121
1351,53775.0,299.08519654832367,1.0766390599112423,4061.222328451677,-266437.6880393247,59.670764257643086,0.07533419526627215
1352,53800.0,299.08541256935223,1.0766349152500614,4063.0980221919194,-266437.68807742075,59.70005616900723,0.07532395959595956
1353,53825.0,299.0839890307732,1.0766314945839486,4064.9739681157066,-266437.6878615832,59.7292764780897,0.07531580305268337
1354,53850.0,299.09311270996324,1.0766288536285362,4066.8501848034443,-266437.6879305045,59.758331535793445,0.07530991562115617
1355,53875.0,299.1088516769913,1.076627053343166,4068.726705202803,-266437.6881529623,59.78738704277295,0.0753061054572271
1356,53900.0,299.1140546777206,1.0766253846720706,4070.603569558831,-266437.68786846,59.816595512650544,0.07530267084254479
1357,53925.0,299.1091445621013,1.076623124938635,4072.480662342416,-266437.68720851763,59.846016211831206,0.07529800245459005
1358,53950.0,299.11754375055204,1.0766199104733871,4074.3578817767975,-266437.68743101566,59.87543899950953,0.07529122565611966
1359,53975.0,299.1104043992649,1.076615606372549,4076.23539912206,-266437.6870404414,59.90486681397067,0.07528186691176467
1360,54000.0,299.11822120132274,1.0766101753612538,4078.113082356111,-266437.68756888335,59.93440939627733,0.0752696622581435
1361,54025.0,299.1135853930496,1.0766042347038667,4079.9908465682824,-266437.68762236927,59.96408535609406,0.07525585805188445
1362,54050.0,299.10741125531933,1.0765983763756417,4081.8687537935925,-266437.68770634645,59.993730677671884,0.07524177818537536
1363,54075.0,299.1049677768819,1.0765930860215052,4083.7468442431573,-266437.6880116693,60.023290640762546,0.07522847629521012
1364,54100.0,299.10098744688656,1.0765887338217337,4085.625183088644,-266437.68820970715,60.05282518095246,0.07521675555555551
1365,54125.0,299.0951782440216,1.0765860063445583,4087.5035412349926,-266437.68827019294,60.0822639399708,0.07520795973645678
1366,54150.0,299.09759110899796,1.0765852567666423,4089.382106776152,-266437.6886811145,60.11141680687646,0.07520280712021454
1367,54175.0,299.09815495370384,1.0765858123781675,4091.260780615984,-266437.6888477706,60.14062994785584,0.07520009064327482
1368,54200.0,299.09277804748,1.0765869405892379,4093.1397624526417,-266437.6885500367,60.16981701874857,0.0751984414414414
1369,54225.0,299.0915040218979,1.0765878761557177,4095.0189751836983,-266437.68834397825,60.19924745304145,0.07519643187347928
1370,54250.0,299.0879277622174,1.0765880138584976,4096.898227558472,-266437.68792548036,60.22873950425489,0.07519291368830534
1371,54275.0,299.09194646282805,1.076587316569485,4098.77748613824,-266437.6878796163,60.25846430612254,0.07518787487852281
1372,54300.0,299.09731736295225,1.0765856533139113,4100.656980794611,-266437.6879931417,60.28794815489206,0.07518108715707693
1373,54325.0,299.10278034328,1.076582608199903,4102.536725663513,-266437.6883566838,60.317405353954484,0.07517179063561374
1374,54350.0,299.1041170366061,1.0765780450909093,4104.416669968485,-266437.6888333335,60.34700948193949,0.07515969842424239
1375,54375.0,299.1010630203489,1.0765726930717054,4106.296595773014,-266437.68929414987,60.376565042635754,0.07514610295542633
1376,54400.0,299.0934569351247,1.076567795691116,4108.176880418059,-266437.6896635199,60.40616173444696,0.07513325974340351
1377,54425.0,299.09257754257385,1.0765640147556848,4110.057418504355,-266437.6903422837,60.43589187445583,0.07512247460087079
1378,54450.0,299.08439724655557,1.076561492385787,4111.938242273871,-266437.6904837445,60.46557350495537,0.07511409572153732
1379,54475.0,299.0829568649759,1.0765599801932368,4113.819161575604,-266437.69082880457,60.49509315797111,0.07510758913043476
1380,54500.0,299.0857942534396,1.0765593748491433,4115.700243994207,-266437.6911884506,60.52482724040559,0.07510263625392226
1381,54525.0,299.08818079184766,1.0765598109020744,4117.581498698504,-266437.6913666789,60.55461585672948,0.07509944187168353
1382,54550.0,299.0968554191372,1.0765613653892505,4119.4628234577,-266437.6917480118,60.58445327090875,0.07509831332851287
1383,54575.0,299.08986193376694,1.0765641433044317,4121.344290594653,-266437.69127829984,60.614320792148455,0.07509966955684005
1384,54600.0,299.0915853886884,1.0765681658243083,4123.225906492178,-266437.6912229244,60.64410569097482,0.07510371913357398
1385,54625.0,299.0905160392016,1.0765734894179895,4125.107647819865,-266437.69101731625,60.673967464887056,0.07511064454064453
1386,54650.0,299.09628002523436,1.0765796846911801,4126.989598714011,-266437.69118000503,60.70363950540745,0.07511951982696466
1387,54675.0,299.10283915345826,1.0765865847742555,4128.871737628002,-266437.6915225747,60.73312529538915,0.0751299113832853
1388,54700.0,299.0953365317975,1.0765945641948644,4130.75403662251,-266437.69131719484,60.76260867314625,0.07514251835853132
1389,54725.0,299.09540395611515,1.0766042522781776,4132.636486092327,-266437.6916516789,60.792004712230316,0.07515866930455635
1390,54750.0,299.08965524682486,1.0766158768272227,4134.5191101977,-266437.6918508869,60.821233866762626,0.07517903450754852
1391,54775.0,299.0866378036399,1.0766295275383142,4136.401943247605,-266437.69222192315,60.85035655914761,0.07520399568965518
1392,54800.0,299.0857812974396,1.0766451186886814,4138.284955038526,-266437.692629816,60.879449602536596,0.07523348887293611
1393,54825.0,299.082530302726,1.07666193758967,4140.167988203491,-266437.69282042107,60.90850317575333,0.0752658974175036
1394,54850.0,299.08318027765836,1.076678939784946,4142.051275007168,-266437.69312276004,60.93719682222233,0.07529873643966548
1395,54875.0,299.08584795009557,1.0766949988061125,4143.9347096213,-266437.69351420744,60.965836500477664,0.07532923185291308
1396,54900.0,299.08552499522796,1.076709070627535,4145.8182505998575,-266437.6937559654,60.99413202529241,0.07535495036984015
1397,54925.0,299.0859435574631,1.076721073438245,4147.702021783262,-266437.6941389487,61.022417977110265,0.07537590176442538
1398,54950.0,299.0797178101025,1.076732133190374,4149.5858328277345,-266437.6942607817,61.05068171789384,0.07539477507743628
1399,54975.0,299.0774139840477,1.0767432478571428,4151.4698288307145,-266437.6945386907,61.07878136761916,0.07541383761904763
1400,55000.0,299.0757439038783,1.0767546609564596,4153.354060370212,-266437.69476415677,61.10697099119688,0.0754336131334761
1401,55025.0,299.07560082477426,1.0767666362339514,4155.2385784196385,-266437.6950264505,61.135124072515566,0.075454615786971
1402,55050.0,299.0773918683774,1.0767787460204323,4157.123323915895,-266437.69536261604,61.16322419101935,0.07547587146590641
1403,55075.0,299.0813379781577,1.076790431149098,4159.008222438984,-266437.6958318497,61.19134699121568,0.07549616856600191
1404,55100.0,299.082292782681,1.076801002846975,4160.893268585528,-266437.6962411034,61.21969240308434,0.07551409300118625
1405,55125.0,299.08064611379814,1.0768101351351351,4162.778452559507,-266437.6965312354,61.248167842579534,0.07552916974869607
1406,55150.0,299.0697078858091,1.076818160625444,4164.663877668088,-266437.6963397301,61.27692338521688,0.0755422999289268
1407,55175.0,299.0613711848959,1.076825753314394,4166.54956037571,-266437.6961410987,61.30563658072927,0.07555491406250002
1408,55200.0,299.0599648178378,1.0768333510764134,4168.435469456825,-266437.69607582234,61.334521237757386,0.07556793233972085
1409,55225.0,299.0661960730497,1.0768414026004727,4170.321492413239,-266437.69615100493,61.363397867612406,0.07558203309692672
1410,55250.0,299.06988568414846,1.0768498105362625,4172.207687682022,-266437.6959012523,61.392300620127685,0.07559670281124499
1411,55275.0,299.0819194768651,1.076857805476865,4174.094030934372,-266437.6960207155,61.421096987488305,0.07561004249291786
1412,55300.0,299.08959235338534,1.07686392663364,4175.980607116301,-266437.6960368013,61.44987846850683,0.07561889266336401
1413,55325.0,299.0940177920793,1.0768669910419613,4177.867144190005,-266437.6962591351,61.478846380716746,0.07562110066006601
1414,55350.0,299.0904669034159,1.076867452532391,4179.753837663369,-266437.69645906973,61.50796407585405,0.0756180202591284
1415,55375.0,299.08807262241066,1.07686712452919,4181.640718224812,-266437.6970191857,61.53710220221291,0.0756135263653484
1416,55400.0,299.0838925666903,1.0768673667372382,4183.527711902141,-266437.6976226184,61.56627108727368,0.07561057962832275
1417,55425.0,299.0835120192761,1.076868931593794,4185.414828471791,-266437.6984529269,61.59538810390231,0.07561107005171605
1418,55450.0,299.0823552475923,1.076871856941508,4187.302137196148,-266437.6990985438,61.62444717970411,0.07561543199436224
1419,55475.0,299.0778254657278,1.0768752321596244,4189.1898066521135,-266437.6992884392,61.65365948896723,0.07562182910798124
1420,55500.0,299.0758788888108,1.0768777729298615,4191.077750796622,-266437.69931679586,61.68291162538128,0.07562718320431622
1421,55525.0,299.0828168602908,1.076878157759025,4192.965939525083,-266437.69947696925,61.71238658556034,0.07562839334270981
1422,55550.0,299.08080034528007,1.0768750323260716,4194.8542881773255,-266437.6988975757,61.74184593136576,0.07562267650503632
1423,55575.0,299.08684499578663,1.0768676966292134,4196.742925308989,-266437.69854576327,61.771354283239795,0.0756089939138577
1424,55600.0,299.09205464584807,1.0768568545029238,4198.631776974269,-266437.6980994154,61.80076715040945,0.07558894643274855
1425,55625.0,299.096167434549,1.076843603553062,4200.520690953015,-266437.69763177907,61.830293048153436,0.07556466316035532
1426,55650.0,299.0998336010279,1.0768291410885307,4202.409774049988,-266437.69726699387,61.859590552207514,0.07553827446858212
1427,55675.0,299.1027534586836,1.0768144218020541,4204.2984470588235,-266437.6970777896,61.88901158263314,0.07551131652661065
1428,55700.0,299.1008149071613,1.0767995850244927,4206.186524650106,-266437.69696903444,61.91838048845356,0.07548432423606254
1429,55725.0,299.09434644405604,1.0767853433566434,4208.074166882751,-266437.69696969714,61.94773016783226,0.07545897435897438
1430,55750.0,299.0889933079432,1.076772203354298,4209.961370191708,-266437.69720329624,61.976977773119124,0.07543689983694388
1431,55775.0,299.0863866345439,1.0767607316108008,4211.84803997393,-266437.69762569846,62.0060475283986,0.07541949883612664
1432,55800.0,299.08882019562697,1.076750875319842,4213.734281761108,-266437.6981928939,62.03505212933249,0.07540664968597349
1433,55825.0,299.0906639309625,1.076742046954905,4215.620199427243,-266437.69852684817,62.06402180962352,0.07539716248256625
1434,55850.0,299.08664365180033,1.0767336845528457,4217.505862176772,-266437.6982868759,62.09299501881542,0.07538994982578398
1435,55875.0,299.09108305571044,1.0767254004178275,4219.391116175952,-266437.6982285865,62.12184486211708,0.07538359308263697
1436,55900.0,299.0926056172583,1.076717550684296,4221.275892712829,-266437.69783692894,62.150735350034886,0.07537789491997217
1437,55925.0,299.09483258901264,1.0767102250811313,4223.160173071628,-266437.69732991443,62.17964943810858,0.07537219146963375
1438,55950.0,299.1003093873061,1.076702988417883,4225.043926164004,-266437.696968381,62.20853059068807,0.07536472318739867
1439,55975.0,299.1012122018519,1.0766951199074075,4226.927098768057,-266437.6964337386,62.237338415509356,0.07535395162037038
1440,56000.0,299.0995213314829,1.0766858868841083,4228.810000995143,-266437.6959648972,62.26630142609309,0.07533879296784642
1441,56025.0,299.09978642556644,1.07667523901988,4230.692598205965,-266437.69583622296,62.29537520249662,0.07531958945908462
1442,56050.0,299.095828881959,1.0766636336336337,4232.5748221088015,-266437.69568607083,62.324516358050445,0.07529759621159622
1443,56075.0,299.09061707409984,1.076651427516159,4234.456504470222,-266437.6956299055,62.35376068282557,0.07527401800554018
1444,56100.0,299.09228343391015,1.0766385319492504,4236.337746468973,-266437.6960063439,62.38320793979247,0.07524931833910035
1445,56125.0,299.08828321692033,1.076625072844629,4238.218598020516,-266437.69607970276,62.41259763739059,0.07522410373443984
1446,56150.0,299.0824599212164,1.0766110193503802,4240.099126396221,-266437.69594419503,62.442205542041094,0.07519866182907164
1447,56175.0,299.0833527958104,1.076596759898711,4241.979295311004,-266437.6959455572,62.471944537753316,0.07517365630755064
1448,56200.0,299.079616715206,1.0765826671267542,4243.859072612146,-266437.6954293192,62.501637294226,0.0751494789510007
1449,56225.0,299.07770682045987,1.0765691404597701,4245.738412927127,-266437.69478448294,62.53133004712653,0.07512645747126438
1450,56250.0,299.0807455697221,1.0765567904893176,4247.617308303468,-266437.6941118196,62.56087171812553,0.07510528210429589
1451,56275.0,299.0852008824611,1.07654626010101,4249.495723676079,-266437.69334682066,62.59029449701571,0.07508647910927457
1452,56300.0,299.09548403716457,1.076537486808901,4251.373713775407,-266437.6928839758,62.619541945400414,0.07506989837118606
1453,56325.0,299.10266196973873,1.0765302159559833,4253.251277341128,-266437.69241460355,62.64883976157735,0.07505509078404402
1454,56350.0,299.10499412714785,1.0765237014891178,4255.128522153264,-266437.69194587646,62.67806065246287,0.0750408242840779
1455,56375.0,299.10520280723455,1.0765169242216115,4257.005455633471,-266437.6916924223,62.70709836401108,0.07502558081501833
1456,56400.0,299.1063685145277,1.076509093571265,4258.882059843057,-266437.69183253276,62.7361103690232,0.0750082701898879
1457,56425.0,299.1014709026064,1.0765000502972106,4260.758147545725,-266437.69202246243,62.765146989483405,0.07498883790580706
1458,56450.0,299.0900582503999,1.0764896006397073,4262.633723113091,-266437.69212645665,62.79449343477277,0.0749671967100754
1459,56475.0,299.08228522420103,1.0764778059360727,4264.5087551006845,-266437.6925085618,62.82402702146128,0.07494364771689499
1460,56500.0,299.07889948688126,1.0764648818161073,4266.38335436847,-266437.69298996136,62.85356974583628,0.07491863107460645
1461,56525.0,299.071306638623,1.076451144322845,4268.257551378021,-266437.6929078319,62.88316773347022,0.07489258891928866
1462,56550.0,299.0707384757349,1.07643685942128,4270.131482346321,-266437.6927118935,62.91272790521768,0.07486580473912054
1463,56575.0,299.0745698993626,1.076421855418943,4272.005071570128,-266437.6922885362,62.94238159266858,0.07483803756830602
1464,56600.0,299.0826418764506,1.0764063208191121,4273.878428657111,-266437.69175910146,62.97198612605242,0.0748096284414107
1465,56625.0,299.0848989226923,1.076390799454297,4275.751542584357,-266437.69074010936,63.001488721691764,0.07478142746703048
1466,56650.0,299.09314565780517,1.07637568416269,4277.62421754056,-266437.69001363346,63.030977578504974,0.07475403203817316
1467,56675.0,299.1014275701636,1.076361124432334,4279.496387847866,-266437.6895506928,63.060500836739415,0.07472759241598548
1468,56700.0,299.1048342450648,1.0763471039255725,4281.368259230997,-266437.6892302022,63.08980544134341,0.0747020723848423
1469,56725.0,299.10688745623594,1.0763337378684803,4283.239695049434,-266437.6893353177,63.11924019931982,0.07467795034013607
1470,56750.0,299.10852997280773,1.0763208731021976,4285.110697473828,-266437.6899218221,63.148702787672875,0.07465544232948108
1471,56775.0,299.0946873618661,1.0763082712862315,4286.981384562274,-266437.6901395496,63.178123458786324,0.07463450611413044
1472,56800.0,299.08014017447397,1.0762963536999317,4288.851588528627,-266437.6905337748,63.207336034170716,0.07461601878252999
1473,56825.0,299.06512854590693,1.0762851653098142,4290.721450087517,-266437.6908426619,63.23644511442796,0.07459975938489373
1474,56850.0,299.0616059371753,1.0762743270056494,4292.590912401808,-266437.6914194917,63.26540216994359,0.07458446485875708
1475,56875.0,299.06512325135515,1.07626346770551,4294.4599568814365,-266437.6918543927,63.29431277190614,0.07456894467028005
1476,56900.0,299.0648778641392,1.0762522464454973,4296.328533324983,-266437.6916187093,63.32323279801408,0.07455231121642972
1477,56925.0,299.0684249095626,1.0762405712674783,4298.196865211322,-266437.6911014323,63.35211306901227,0.07453435115020299
1478,56950.0,299.07759984494044,1.0762288093306285,4300.064891265945,-266437.690465123,63.38129426572017,0.07451531485237774
1479,56975.0,299.0838239067569,1.076217862387387,4301.932494795271,-266437.689400338,63.410461058558646,0.07449642387387388
1480,57000.0,299.0899076043216,1.0762081674544224,4303.7996856792715,-266437.688245555,63.439455619401386,0.07447839747918074
1481,57025.0,299.09221144084586,1.0761993148897884,4305.666554670491,-266437.6870361,63.4684651556456,0.07446101192082771
1482,57050.0,299.09512398044524,1.0761907325241624,4307.533116027197,-266437.68613031035,63.497601894133595,0.0744438004045853
1483,57075.0,299.0988137641511,1.0761817695417788,4309.399299580862,-266437.68558372656,63.5266914681043,0.07442610512129381
1484,57100.0,299.0986766105501,1.0761719854096519,4311.26517163816,-266437.6852483167,63.555669258585944,0.07440758428731763
1485,57125.0,299.09734539187997,1.07616140354419,4313.130717909601,-266437.6852007628,63.58461770592202,0.07438854127411396
1486,57150.0,299.0910886263172,1.0761503400582826,4314.9959145662415,-266437.6851812936,63.61367137390727,0.07436950056041247
1487,57175.0,299.0826918980737,1.0761394159946234,4316.860686994848,-266437.6851338487,63.64262489336925,0.07435121998207886
1488,57200.0,299.07816336489833,1.0761291855831652,4318.724880324603,-266437.6852263825,63.671386462726744,0.07433418558316544
1489,57225.0,299.0770579161076,1.0761199747203576,4320.588575990157,-266437.6853327742,63.70011880134236,0.07431850715883669
1490,57250.0,299.0764383769285,1.076112120053655,4322.451936391907,-266437.68521545955,63.7291014531635,0.07430438743572547
1491,57275.0,299.0734023013854,1.0761062379356565,4324.314954399464,-266437.6846165663,63.758256317694446,0.07429298056300268
1492,57300.0,299.0762466182186,1.0761020783657063,4326.177594625587,-266437.6839207972,63.78724593659307,0.07428434762223711
1493,57325.0,299.07935110865714,1.0760995176260595,4328.039993938644,-266437.68300284486,63.81614004462301,0.074278604194556
1494,57350.0,299.07863714403595,1.0760985493868447,4329.9020828187295,-266437.68186315516,63.844759752731406,0.07427575852842809
1495,57375.0,299.08700851448333,1.076099071078431,4331.763870857176,-266437.6811984739,63.87332807041006,0.07427570320855614
1496,57400.0,299.0926594313073,1.0761011968381202,4333.625301135605,-266437.6805277223,63.90179999242938,0.07427872055221554
1497,57425.0,299.0959467149535,1.076105182688028,4335.486371852693,-266437.6800734314,63.93027243880738,0.07428552314196707
1498,57450.0,299.0930493746945,1.076111588837002,4337.347196325106,-266437.679647543,63.95867581988001,0.07429774004892149
1499,57475.0,299.0891406324447,1.0761204171111107,4339.207679953778,-266437.6794861113,63.9869176291112,0.07431593733333333
1500,57500.0,299.0902527923609,1.076130910504108,4341.067837491229,-266437.6798731403,64.01518018254505,0.07433884232733733
1501,57525.0,299.0868212785178,1.0761421855304034,4342.9276471631165,-266437.68031513557,64.04328939458509,0.07436462161562361
1502,57550.0,299.08104484142854,1.076153166333998,4344.786996453316,-266437.68083277903,64.07144602705708,0.07439049257041472
1503,57575.0,299.06657060505347,1.0761633441932619,4346.645901205674,-266437.6809411017,64.09977401196817,0.07441479986702128
1504,57600.0,299.06279213134025,1.0761727375415278,4348.504427440975,-266437.6814230345,64.1280890454043,0.07443695304540421
1505,57625.0,299.05788661199676,1.0761814612660465,4350.362751726207,-266437.68152390455,64.1563581219567,0.07445667861885791
1506,57650.0,299.05731320017725,1.076188744967927,4352.2208883048,-266437.6814656604,64.18453194448139,0.07447191639017917
1507,57675.0,299.05387808112323,1.0761936036693187,4354.078668425066,-266437.6807858092,64.21285591246694,0.07448087400530505
1508,57700.0,299.06232370112684,1.0761960139165005,4355.936033590458,-266437.6802863377,64.24125953346595,0.07448426551800309
1509,57725.0,299.072543204636,1.0761965174392931,4357.792951861368,-266437.6795667772,64.2697849830023,0.07448351037527595
1510,57750.0,299.08421018486683,1.0761950853739242,4359.649353287227,-266437.67877233634,64.29847591793522,0.07447886476946836
1511,57775.0,299.09289714616426,1.076191538359788,4361.505452141755,-266437.6779307211,64.32727112257504,0.07447032032627868
1512,57800.0,299.0977784714698,1.0761862260409778,4363.36119418308,-266437.6771452965,64.3562477413528,0.07445869024014101
1513,57825.0,299.0999904927348,1.0761793696609419,4365.2165304676355,-266437.6766017175,64.38544692756504,0.07444454975781595
1514,57850.0,299.09626588536884,1.0761711102310227,4367.071474570957,-266437.6761276129,64.4148083672168,0.07442829416941694
1515,57875.0,299.0893560624453,1.076161782761653,4368.926114744284,-266437.67572284536,64.44413169107308,0.07441063830255058
1516,57900.0,299.08345787343467,1.0761512533509114,4370.780558642936,-266437.6755040102,64.47351066029452,0.07439141243682708
1517,57925.0,299.0789631119897,1.0761391473429947,4372.634523821256,-266437.67532663606,64.5029597171718,0.07436983267457181
1518,57950.0,299.0772142986617,1.0761260555189813,4374.488157812377,-266437.6751769258,64.53249482466543,0.07434664976958526
1519,57975.0,299.0763256146933,1.0761131962719293,4376.341500676974,-266437.67486979184,64.56197178355272,0.07432355
1520,58000.0,299.0755907190448,1.0761019064212136,4378.194533263643,-266437.67428911914,64.5912738625905,0.07430254131054133
1521,58025.0,299.0835621758654,1.0760935582566793,4380.047134365747,-266437.673866623,64.62048512527385,0.07428592794568552
1522,58050.0,299.09910880345836,1.0760884823812646,4381.899481895602,-266437.6736361897,64.64955897701913,0.07427465397242286
1523,58075.0,299.1082733696416,1.0760867410323705,4383.7514873945765,-266437.6731599958,64.67843485608059,0.07426934273840771
1524,58100.0,299.1104494382517,1.0760882139890704,4385.60331576328,-266437.67260928976,64.70715801770501,0.07427040918032789
1525,58125.0,299.11075055591994,1.0760924624290078,4387.454878584973,-266437.6723255244,64.73594190126701,0.07427751048492792
1526,58150.0,299.1084550484614,1.0760987179655093,4389.306139299063,-266437.67228771024,64.76464126740895,0.07428949225060032
1527,58175.0,299.1075202571993,1.0761053405322856,4391.157172989094,-266437.6726521598,64.79332505344686,0.07430306391797557
1528,58200.0,299.1007543372578,1.0761112661870498,4393.007831523873,-266437.6729275672,64.82228062153922,0.07431578526269894
1529,58225.0,299.09696060522907,1.0761162934640516,4394.858072449457,-266437.6734272877,64.85124795206981,0.07432660305010895
1530,58250.0,299.0899931269326,1.0761204903113426,4396.707955435882,-266437.6736882214,64.88045959568919,0.07433540365774005
1531,58275.0,299.08470379112305,1.0761237256309828,4398.557617890776,-266437.67379242834,64.9097466429505,0.07434188315926894
1532,58300.0,299.07643377408164,1.0761255348988905,4400.406921405959,-266437.6733596979,64.93901430615361,0.07434507436399218
1533,58325.0,299.0788457983489,1.0761248728813553,4402.255990714256,-266437.67299543694,64.96838722446773,0.07434314537157759
1534,58350.0,299.0877552486431,1.0761209591748093,4404.104808788057,-266437.672529859,64.99785462041271,0.07433513072747015
1535,58375.0,299.0955450279951,1.0761137777777772,4405.953451828777,-266437.67175292986,65.02765187521713,0.07432160481770834
1536,58400.0,299.0998990785082,1.0761036306657985,4407.801613281936,-266437.6707533617,65.05753830297127,0.07430349902407288
1537,58425.0,299.10860889878666,1.0760909963155607,4409.649366016472,-266437.670026008,65.08744615713059,0.07428167598612918
1538,58450.0,299.112564311458,1.0760769131470644,4411.496715928959,-266437.6691709987,65.11726509313418,0.07425780268572668
1539,58475.0,299.1110000439398,1.0760621413419906,4413.343686798486,-266437.66820887465,65.14700091536808,0.07423304502164504
1540,58500.0,299.11091590698715,1.076047160501838,4415.190294143198,-266437.6675454252,65.17668864611734,0.0742080205494268
1541,58525.0,299.11045951923944,1.0760329265023771,4417.036477068959,-266437.66711251636,65.20632103653274,0.07418396476437529
1542,58550.0,299.10255174443756,1.0760208193994376,4418.8823150686985,-266437.6665113957,65.2357267742494,0.07416279217973647
1543,58575.0,299.09291296265144,1.076012053324697,4420.727730399828,-266437.6659178002,65.2650028199483,0.07414654425734026
1544,58600.0,299.08900076612764,1.0760073490830628,4422.572873142827,-266437.66558791813,65.2941530463863,0.07413702437971954
1545,58625.0,299.0896047686506,1.0760071908150057,4424.417702071152,-266437.6653864814,65.32312919146194,0.07413587990513154
1546,58650.0,299.0912328810604,1.0760113708252523,4426.262304678733,-266437.6651785716,65.35213537341102,0.07414344171514761
1547,58675.0,299.0930737749788,1.07601897739018,4428.1064842245905,-266437.6650314924,65.38109462252379,0.0741583120155039
1548,58700.0,299.097258126964,1.0760292324080043,4429.95041216785,-266437.66509979573,65.409946898214,0.07417926899074674
1549,58725.0,299.0977478326885,1.0760412458064508,4431.794020391183,-266437.6651948926,65.4386367000001,0.07420460107526884
1550,58750.0,299.0937455327749,1.0760536834300445,4433.637309078874,-266437.6652630025,65.46713859939834,0.0742312185686654
1551,58775.0,299.09203977083365,1.0760655818298963,4435.480328630155,-266437.6655592248,65.49558101396059,0.07425665463917527
1552,58800.0,299.0877335314448,1.076076212277312,4437.323057158618,-266437.6657075017,65.52422946104323,0.07427893839879805
1553,58825.0,299.08472694251424,1.076084786572286,4439.165336921279,-266437.6658421816,65.55296822350932,0.0742962200772201
1554,58850.0,299.08546089903564,1.0760901425509104,4441.007197658307,-266437.6660771705,65.58195728210084,0.0743061569131833
1555,58875.0,299.0875663815341,1.076091778920308,4442.848740652957,-266437.6662917739,65.61119414074561,0.07430817159383035
1556,58900.0,299.0881603132094,1.0760896317704982,4444.689974914793,-266437.6663455364,65.64058839049464,0.07430283172768146
1557,58925.0,299.0886537616605,1.076083959349593,4446.531365348524,-266437.6662454537,65.67004896641004,0.07429114227642278
1558,58950.0,299.09179625721646,1.0760751813128067,4448.372865593757,-266437.6660319116,65.69972919200352,0.07427424267692967
1559,58975.0,299.0902779799148,1.0760631861111105,4450.214578405128,-266437.66537793813,65.72957181153856,0.0742524903846154
1560,59000.0,299.10066091992337,1.0760479429852652,4452.056562753577,-266437.6651919177,65.75960469827044,0.07422644693572497
1561,59025.0,299.09974026163064,1.0760301483141266,4453.89863766688,-266437.6643859369,65.78989073858311,0.07419747460520701
1562,59050.0,299.1047506449139,1.076011160801876,4455.74085967733,-266437.66398085956,65.82060004542556,0.07416732800170613
1563,59075.0,299.11042538853394,1.0759922459505535,4457.583312310529,-266437.6637561275,65.85130009974435,0.07413713128729754
1564,59100.0,299.1115176758256,1.0759744932907342,4459.425835646007,-266437.6634451545,65.88217898125676,0.07410780298189565
1565,59125.0,299.1116123818649,1.0759583501489989,4461.26849479949,-266437.6632343551,65.9132114005961,0.0740798416347382
1566,59150.0,299.11292091363566,1.075943623058923,4463.111383537121,-266437.66321660293,65.94428164348021,0.07405319229951075
1567,59175.0,299.1114261407315,1.0759305627125844,4464.954501527849,-266437.6631922301,65.97535055017016,0.07402875170068028
1568,59200.0,299.10567079859806,1.0759194559167191,4466.797750729553,-266437.66302182927,66.00635276524335,0.07400756129169322
1569,59225.0,299.10468982717646,1.0759100237791925,4468.641219371975,-266437.6630772294,66.03728769405531,0.07398974118895967
1570,59250.0,299.10794282474035,1.075901843624018,4470.4849182276685,-266437.66324527905,66.06827780394663,0.07397490260980269
1571,59275.0,299.1062174285414,1.075894222858354,4472.328828219678,-266437.6630486642,66.09912617748101,0.07396170229007634
1572,59300.0,299.10399187370234,1.0758860550964182,4474.172901486968,-266437.66260727914,66.12998471731309,0.07394794024157661
1573,59325.0,299.1048201715377,1.0758764656925026,4476.017166391572,-266437.66215321905,66.16080629563754,0.07393187780601441
1574,59350.0,299.103607036614,1.0758649595767191,4477.861587653969,-266437.661415344,66.19155494984136,0.07391236465608467
1575,59375.0,299.1047012019884,1.0758516651861247,4479.706241906515,-266437.660698234,66.22233090714899,0.0738893062605753
1576,59400.0,299.1093354741072,1.075837065948002,4481.551229402242,-266437.66013395693,66.25319257028121,0.0738634081589516
1577,59425.0,299.11534238297446,1.0758222830587238,4483.396432628434,-266437.65967601404,66.28392646472336,0.07383649556400508
1578,59450.0,299.1167939797342,1.07580844458518,4485.241767190839,-266437.65915268107,66.31472347392874,0.07381058729153474
1579,59475.0,299.11814896350234,1.075796386075949,4487.087126993883,-266437.65880142414,66.34533858734186,0.073787261814346
1580,59500.0,299.11415191482206,1.0757866449504527,4488.93260240523,-266437.6582858951,66.37573000295181,0.07376776618174152
1581,59525.0,299.11468059123496,1.075779504635482,4490.778355409188,-266437.6581397493,66.40609095385597,0.07375282279814581
1582,59550.0,299.11463517540557,1.0757752303642867,4492.624239053486,-266437.65807933256,66.43645101916202,0.07374292040429564
1583,59575.0,299.11155878808944,1.0757736862373732,4494.470371593857,-266437.65800583974,66.4668221685607,0.07373785437710438
1584,59600.0,299.10453904143026,1.0757742832807566,4496.316736184019,-266437.6578338592,66.49706675646698,0.07373652996845427
1585,59625.0,299.0992221830603,1.0757763194619583,4498.16323782682,-266437.657747478,66.52713073896605,0.0737376500630517
1586,59650.0,299.10083354799434,1.07577927179164,4500.00991909095,-266437.6579500106,66.55728546544853,0.07374040033606385
1587,59675.0,299.1021565734679,1.0757823387909315,4501.856846177164,-266437.6580932516,66.58761487300598,0.07374340071368599
1588,59700.0,299.10280408118336,1.0757844912943144,4503.704095755823,-266437.658111758,66.61816185819184,0.0737450495070275
1589,59725.0,299.10161729790383,1.0757849452830184,4505.551522397277,-266437.65789439215,66.64875533291415,0.07374420104821804
1590,59750.0,299.10515999581,1.0757830400167603,4507.399132231512,-266437.65781479166,66.67943800963765,0.07373963628745026
1591,59775.0,299.1030563193051,1.0757788234924617,4509.24698945666,-266437.657381962,66.71013271147415,0.07373112332495813
1592,59800.0,299.10390256476273,1.0757730721908343,4511.095115777362,-266437.65710007335,66.7406290016741,0.0737196587152124
1593,59825.0,299.10217740234236,1.0757667498954404,4512.943557269764,-266437.65673358436,66.77104360832298,0.07370672354663321
1594,59850.0,299.1046485678163,1.0757608620689647,4514.792217661027,-266437.65666144213,66.80144433960302,0.07369403009404389
1595,59875.0,299.1119664763996,1.0757563796992473,4516.64104628342,-266437.6569744675,66.83151254594831,0.07368324895572265
1596,59900.0,299.11770049259053,1.0757540832811514,4518.490005276981,-266437.6574371218,66.86121630202473,0.0736759845543728
1597,59925.0,299.11355873445996,1.0757544810179385,4520.339036997917,-266437.65755371307,66.89097612473937,0.07367352836879434
1598,59950.0,299.1077340231397,1.075757811548884,4522.188240381908,-266437.65770273097,66.92053678298947,0.07367690869293309
1599,59975.0,299.1061014406252,1.0757636464583324,4524.037707622711,-266437.6580664063,66.94993368479177,0.07368589062500001
1600,60000.0,299.103262312305,1.075771659587757,4525.887329574852,-266437.65835805755,66.97912985363325,0.07370039850093692
1601,60025.0,299.10303411881,1.0757816163129414,4527.737111028301,-266437.65874037665,67.00821785081159,0.0737204850187266
1602,60050.0,299.0975626677066,1.0757929082969424,4529.587135472866,-266437.658849293,67.03737277396557,0.07374485069661053
1603,60075.0,299.10138809330857,1.0758045532003317,4531.437295184333,-266437.65936720703,67.06679414650883,0.07377073877805487
1604,60100.0,299.1086104137073,1.0758157231568009,4533.287534547044,-266437.65995586716,67.09637834018702,0.07379548307372794
1605,60125.0,299.10909239726044,1.075825089456205,4535.1378952046525,-266437.660187059,67.12621146450819,0.0738154298464093
1606,60150.0,299.1077539255343,1.075831663762704,4536.988555325247,-266437.6602688758,67.15625983924507,0.07382818543870567
1607,60175.0,299.1112206092456,1.0758352247097835,4538.839489586238,-266437.6605254976,67.18645764013276,0.07383364469320067
1608,60200.0,299.11030103646175,1.075836404391961,4540.6906842713925,-266437.66054873634,67.21671879469659,0.07383345535529315
1609,60225.0,299.1109613265012,1.0758366826086947,4542.5419941608725,-266437.66060429614,67.2469512590063,0.07383081863354037
1610,60250.0,299.11573140699375,1.0758374986550787,4544.3934670680765,-266437.6607891062,67.27711035340377,0.07382884460997309
1611,60275.0,299.1185297909431,1.0758400268817196,4546.245149830441,-266437.66079921427,67.30705771505386,0.07383020223325062
1612,60300.0,299.12068558235194,1.0758454077288688,4548.096969382106,-266437.66082222573,67.33688053172152,0.07383766563339533
1613,60325.0,299.12308763031825,1.075854073729863,4549.948921026645,-266437.66092910996,67.36638228273449,0.07385281495249897
1614,60350.0,299.13149787925715,1.0758657062951489,4551.801043495152,-266437.66148735816,67.39584354530453,0.07387554447884417
1615,60375.0,299.13022110210414,1.0758793970709564,4553.653321864276,-266437.66176773934,67.42518423556115,0.0739038803630363
1616,60400.0,299.1338105287571,1.0758939136260557,4555.505767911567,-266437.6625051536,67.45441619583599,0.07393461574933004
1617,60425.0,299.1237401654307,1.0759078761845893,4557.358484649776,-266437.6627845592,67.4835264132675,0.07396425978574371
1618,60450.0,299.1177622713611,1.0759206448424947,4559.211292968295,-266437.6633209801,67.512687372864,0.07399137574634547
1619,60475.0,299.10954258518535,1.0759321364197523,4561.064393804735,-266437.6636445474,67.54175523415647,0.07401573189300412
1620,60500.0,299.09882419905426,1.075941882994036,4562.917516248409,-266437.66362713353,67.57068480279672,0.07403603269586674
1621,60525.0,299.10042870653535,1.0759494798602542,4564.770755428074,-266437.66387304774,67.59972025277445,0.07405147369502671
1622,60550.0,299.1068656945987,1.0759546750872861,4566.624237281374,-266437.6639325324,67.62868920805103,0.07406159478332305
1623,60575.0,299.11270782922844,1.0759571508620682,4568.477978868639,-266437.6635686064,67.65767337048449,0.07406575472085385
1624,60600.0,299.121226570872,1.0759565608205122,4570.331824024618,-266437.6631538462,67.68701203979496,0.0740634564102564
1625,60625.0,299.12661068798707,1.075953097785977,4572.185886592048,-266437.66261787625,67.71653339216901,0.07405534952849527
1626,60650.0,299.1266058205288,1.0759477031346028,4574.040191903506,-266437.6619032986,67.74623616205704,0.07404362978897765
1627,60675.0,299.12702400573323,1.0759415073710066,4575.89417608395,-266437.6614135443,67.77603136691246,0.07403100655200653
1628,60700.0,299.12309214426045,1.0759355981174537,4577.747685190712,-266437.66090520774,67.80599695682433,0.07401989748311846
1629,60725.0,299.1224538691208,1.07593092188139,4579.600795377712,-266437.66074258694,67.83600466871175,0.07401201247443762
1630,60750.0,299.1240136031067,1.0759281375434286,4581.45357148355,-266437.6607653792,67.86581146678938,0.07400828428367054
1631,60775.0,299.12324718811294,1.0759275929330057,4583.305998515117,-266437.66072431585,67.8954878927697,0.07400903901143789
1632,60800.0,299.12263996203325,1.0759289940804238,4585.158510255361,-266437.6606833028,67.92507373198622,0.07401356195141864
1633,60825.0,299.1230000685436,1.0759319039167679,4587.011120296412,-266437.6607252143,67.95436143104864,0.07402078518971847
1634,60850.0,299.1230662177372,1.075935583282364,4588.863846172479,-266437.6607734455,67.98344479673811,0.07402923017329253
1635,60875.0,299.12082052608,1.0759386611654433,4590.716665276693,-266437.6607643134,68.01263698084769,0.07403606968215157
1636,60900.0,299.1166503695787,1.0759397031154543,4592.569714412749,-266437.66067883326,68.04193192791702,0.07403854347383423
1637,60925.0,299.1085397291414,1.0759382938542932,4594.422838217747,-266437.66032636346,68.07127705107864,0.0740359955229955
1638,60950.0,299.105286220053,1.075935118974984,4596.276063550337,-266437.6599870348,68.10081697640847,0.07402961826316858
1639,60975.0,299.1065609882115,1.0759309914634139,4598.129361367888,-266437.6596036586,68.13040480203261,0.07402095020325201
1640,61000.0,299.11040837659976,1.0759263089579516,4599.982832614262,-266437.65912553325,68.16005707332937,0.07401094007718868
1641,61025.0,299.1197306617947,1.0759207929354437,4601.836467152864,-266437.6588129314,68.18987558729202,0.07399930734876166
1642,61050.0,299.1300529111383,1.0759134629742333,4603.690118649627,-266437.6586275107,68.21992441692036,0.07398442767295596
1643,61075.0,299.13586557562866,1.0759033333333325,4605.543946465331,-266437.6584296432,68.25014717862945,0.0739651113138686
1644,61100.0,299.13732072380964,1.075890214589665,4607.398050102535,-266437.65832066874,68.28059399675794,0.07394165065856127
1645,61125.0,299.13524437444323,1.075874297488861,4609.252274653708,-266437.6582814399,68.3112440601459,0.0739147934386391
1646,61150.0,299.12677736166785,1.0758561720299529,4611.106772614452,-266437.6581220907,68.34194593928363,0.073885482088646
1647,61175.0,299.1187578594257,1.0758362718446595,4612.961606284994,-266437.6580261428,68.37281293021854,0.07385426779935274
1648,61200.0,299.11221609803937,1.0758152130584187,4614.816584403883,-266437.65791136044,68.40396366484747,0.07382194299575498
1649,61225.0,299.10631313171734,1.0757939498989892,4616.6717035751535,-266437.6576199495,68.43518121979807,0.07378953050505048
1650,61250.0,299.10562151968514,1.0757735451241666,4618.526864259845,-266437.65734151023,68.4662381580861,0.0737581338582677
1651,61275.0,299.11019475564984,1.0757546797820816,4620.382128178169,-266437.6570823245,68.49737713175958,0.07372836339790152
1652,61300.0,299.116817976205,1.075737664851784,4622.237547020369,-266437.65672262554,68.52839908066152,0.07370050030248032
1653,61325.0,299.1216262791215,1.0757221928657792,4624.093087249699,-266437.6562374043,68.55932657698519,0.07367413260781941
1654,61350.0,299.1226641832831,1.0757072890231614,4625.9488076431035,-266437.65562688827,68.59018189425991,0.07364795407854983
1655,61375.0,299.1288926580114,1.0756918180354258,4627.804616012683,-266437.6554071055,68.62091321880041,0.07362066042673106
1656,61400.0,299.13067005270585,1.075675475558237,4629.660435354659,-266437.6551938745,68.65186249949717,0.07359209052504524
1657,61425.0,299.1286653739446,1.075658202251708,4631.516282356054,-266437.65495577006,68.68290105046249,0.07356244451145957
1658,61450.0,299.1233563811534,1.075640286517982,4633.372163782803,-266437.65459865384,68.71415344685563,0.07353236427566805
1659,61475.0,299.1206974680724,1.0756224335341356,4635.228103252613,-266437.654310994,68.74548203333343,0.07350277208835339
1660,61500.0,299.1207645904075,1.0756052655027084,4637.084136516559,-266437.65399859525,68.77711872807555,0.07347431386714828
1661,61525.0,299.11641332069803,1.0755889829522656,4638.940249731651,-266437.6533355897,68.80895739671088,0.0734471299638989
1662,61550.0,299.11730770314705,1.075573605331729,4640.796580610345,-266437.65275481064,68.84066817698947,0.07342113048707154
1663,61575.0,299.12267702984786,1.0755592874599351,4642.652965168471,-266437.65229366993,68.87223908513631,0.0733963205128205
1664,61600.0,299.1236384842844,1.0755460922922915,4644.509400923125,-266437.6516516517,68.9038331035036,0.0733727097097097
1665,61625.0,299.12688610164076,1.075533748099239,4646.365850948581,-266437.65123549424,68.9356424167668,0.0733498613445378
1666,61650.0,299.13053286262755,1.075522295140971,4648.222347636275,-266437.6510135473,68.96723031733663,0.07332793561287741
1667,61675.0,299.1234709008794,1.075511430655475,4650.078937494406,-266437.6504359013,68.9987017410073,0.07330674540367704
1668,61700.0,299.1232870047934,1.075500287597363,4651.935740233475,-266437.6503020771,69.03013679968055,0.07328524665468343
1669,61725.0,299.12396466926157,1.0754881574850292,4653.792735983435,-266437.65028692613,69.06162451417175,0.07326250618762474
1670,61750.0,299.12114333233603,1.0754746347496502,4655.649895757034,-266437.6501658189,69.09342469958118,0.07323810133652502
1671,61775.0,299.11930529266357,1.0754600978867617,4657.507144716111,-266437.6501445375,69.12518314433821,0.07321271431419456
1672,61800.0,299.1153915032876,1.075445332536361,4659.36454679777,-266437.65004856547,69.15706796891821,0.07318747280334727
1673,61825.0,299.1170973608125,1.0754310684986055,4661.22210327997,-266437.65018916765,69.18888257706102,0.07316336539227399
1674,61850.0,299.12168515402993,1.0754179339303476,4663.079848179505,-266437.650391791,69.22052797512447,0.07314116238805969
1675,61875.0,299.1246798613764,1.0754060672235475,4664.937622457242,-266437.65046365355,69.25175330648378,0.07312105608591885
1676,61900.0,299.12652498608634,1.075395191015702,4666.795428829658,-266437.6504857384,69.28282323872003,0.07310275511826674
1677,61925.0,299.1276375681368,1.0753853933253867,4668.65339729003,-266437.65043951134,69.31370725009941,0.07308655204608659
1678,61950.0,299.12546316954547,1.0753772551121694,4670.51139066786,-266437.6502072166,69.34440790569792,0.07307344550327574
1679,61975.0,299.1301839767858,1.0753711099206342,4672.369517721431,-266437.65029141866,69.37492802857152,0.07306411329365077
1680,62000.0,299.131043997224,1.075367189966289,4674.227901402937,-266437.65022060287,69.4052818471149,0.07305897441998808
1681,62025.0,299.1323733987318,1.075365249900911,4676.086499552122,-266437.6503232759,69.43548944213246,0.0730573454221165
1682,62050.0,299.1332274430581,1.075364694989106,4677.945302838386,-266437.65048153105,69.46549970528827,0.07305810873440283
1683,62075.0,299.1282628707444,1.0753650821456842,4679.804438506732,-266437.6503674288,69.49533313440232,0.07306053919239903
1684,62100.0,299.12313128486653,1.0753659167161218,4681.663703635808,-266437.65020400594,69.52505892007923,0.07306397230464884
1685,62125.0,299.12198073625945,1.075367294187425,4683.523183327602,-266437.65013963036,69.55458711803094,0.07306876888098061
1686,62150.0,299.1285213206877,1.0753696785220304,4685.382869509783,-266437.6503840645,69.58405812092481,0.07307594408219717
1687,62175.0,299.1329461490917,1.0753731026856232,4687.242741424765,-266437.6505047888,69.61349750177735,0.07308589751184832
1688,62200.0,299.13467117426495,1.0753776145648304,4689.102798670024,-266437.6505575292,69.6430349145452,0.07309873791197946
1689,62225.0,299.14013633037484,1.0753834390532537,4690.96295730158,-266437.6509677022,69.67249791715986,0.0731147295857988
1690,62250.0,299.1424403690125,1.0753908214074503,4692.823199119063,-266437.6514389908,69.70196281983057,0.0731340991523753
1691,62275.0,299.14173599606,1.0753994996059884,4694.683666950356,-266437.6519959122,69.7312801648937,0.07315589499605987
1692,62300.0,299.136315421146,1.0754087080133876,4696.544139234497,-266437.65246603667,69.76060070250058,0.07317808033077376
1693,62325.0,299.12621734356566,1.0754178323494679,4698.4047237062205,-266437.65277572814,69.7901913545849,0.07319901554506099
1694,62350.0,299.1267261913472,1.075426131563421,4700.265558352215,-266437.65355825966,69.81975406588013,0.07321719056047196
1695,62375.0,299.1230277965803,1.0754330660377351,4702.126577059161,-266437.6540143475,69.84944026395449,0.0732315481525157
1696,62400.0,299.12389037026134,1.0754383394225095,4703.987881833434,-266437.6545681105,69.87927096542927,0.07324152386564524
1697,62425.0,299.1209262281116,1.0754419566156255,4705.849401816846,-266437.65480221837,69.9089848455046,0.07324742186886532
1698,62450.0,299.1191771797137,1.0754438875809291,4707.711080510695,-266437.6549134295,69.93861763233284,0.07324946242887971
1699,62475.0,299.1175710386276,1.0754442552941168,4709.572835910786,-266437.6548590687,69.96851246921578,0.07324810019607841
1700,62500.0,299.126130925926,1.0754430195963152,4711.4347241479545,-266437.65511708806,69.99847398549882,0.07324339466980206
1701,62525.0,299.13012564669026,1.0754405495495487,4713.29686352605,-266437.65505655116,70.02840802134752,0.07323618781825302
1702,62550.0,299.13487063280496,1.0754371460168324,4715.159125879626,-266437.6550266687,70.05838445625376,0.07322718692503423
1703,62575.0,299.13928020755094,1.0754328536776205,4717.021500107397,-266437.6550885173,70.08834567116598,0.07321666197183097
1704,62600.0,299.1433874113393,1.0754275966764413,4718.883611408995,-266437.65540689154,70.11812172961886,0.07320471241446723
1705,62625.0,299.14819571102004,1.0754214984368888,4720.745225393711,-266437.65607903484,70.14773905021502,0.07319180441578739
1706,62650.0,299.14897409256014,1.0754149574301888,4722.606522816054,-266437.6568297208,70.17732173247421,0.07317869732474123
1707,62675.0,299.14707904488694,1.075408909640905,4724.467529998637,-266437.6576405153,70.20684094242787,0.07316692837626852
1708,62700.0,299.1456788562513,1.0754043077823283,4726.3280170128755,-266437.65849912236,70.23622546850018,0.07315804583577139
1709,62725.0,299.14694827641335,1.0754016345029234,4728.188625475636,-266437.65939936653,70.26551871286559,0.07315278050682258
1710,62750.0,299.1497162246251,1.0754007155659453,4730.049402563027,-266437.66021332564,70.29487635885455,0.07315067231638415
1711,62775.0,299.1470767289721,1.075401135708722,4731.910385414139,-266437.6606916862,70.32429089700165,0.07315089816978192
1712,62800.0,299.1466757902317,1.0754023343062846,4733.771594141082,-266437.6612302978,70.35372001868076,0.07315248355711226
1713,62825.0,299.14021494885276,1.075403931155192,4735.632892211205,-266437.6614157916,70.38303725476476,0.07315479891092959
1714,62850.0,299.13688277784274,1.0754053801749266,4737.494324809139,-266437.66163751227,70.41226220855206,0.07315679222546159
1715,62875.0,299.14354313422706,1.0754059483294478,4739.355912777392,-266437.66227782646,70.44131519289051,0.07315684829059826
1716,62900.0,299.1451283306156,1.0754049200155305,4741.217610499324,-266437.66264438955,70.47027778547863,0.07315347214133175
1717,62925.0,299.1458009565388,1.075401613892122,4743.079485701401,-266437.6629802096,70.49930734904936,0.07314549883585562
1718,62950.0,299.1466588832656,1.0753956610432418,4744.941512325775,-266437.66338229604,70.52844844754709,0.07313258309094432
1719,62975.0,299.1414249273258,1.0753871083333328,4746.803629069772,-266437.6635719478,70.55759251472875,0.07311533449612401
1720,63000.0,299.13977068622916,1.0753764927367804,4748.66573929402,-266437.66397322307,70.58674296165027,0.07309516443927946
1721,63025.0,299.1354623943091,1.0753650483933406,4750.527969656218,-266437.6642469997,70.61590186140154,0.0730742559039876
1722,63050.0,299.13276259818167,1.0753540121880436,4752.390386346106,-266437.664496276,70.64495969704011,0.07305458657380536
1723,63075.0,299.1360381084689,1.0753444750580041,4754.25294970186,-266437.6648963168,70.67390400734732,0.07303780123743231
1724,63100.0,299.1383207238649,1.0753372114009656,4756.115825262999,-266437.6651630436,70.70280655632857,0.07302502376811593
1725,63125.0,299.13877834723854,1.0753324281575891,4757.97900222905,-266437.66529668804,70.7315745643106,0.0730165409424488
1726,63150.0,299.1386896958118,1.0753300806794048,4759.842376381398,-266437.6654060511,70.76026350125464,0.07301218336228525
1727,63175.0,299.1465786521993,1.0753299990354932,4761.705923307682,-266437.6659312309,70.78894355189048,0.07301156847993825
1728,63200.0,299.1528150385581,1.0753320460767297,4763.569715937733,-266437.6664859265,70.81743100790443,0.07301446674378252
1729,63225.0,299.1519627105975,1.0753357578034677,4765.433673133531,-266437.6669315994,70.84578861984592,0.07302023526011558
1730,63250.0,299.1474408436359,1.0753403344887342,4767.297762000774,-266437.66741286364,70.8741425667245,0.07302744174850759
1731,63275.0,299.1430545794844,1.0753452076597376,4769.162002122213,-266437.66808602784,70.9024604124327,0.07303502617397996
1732,63300.0,299.1379138661283,1.0753501227159064,4771.026412464709,-266437.6688245337,70.93064711348343,0.07304237564916329
1733,63325.0,299.1313094213766,1.0753550843906183,4772.8909364569445,-266437.6694780855,70.95863680853525,0.07304942156862744
1734,63350.0,299.12900798059576,1.0753603139289138,4774.755615794625,-266437.6702749761,70.98657018808845,0.07305665110470701
1735,63375.0,299.13010495718146,1.075365878648233,4776.620496758261,-266437.67107694905,71.01460564304922,0.07306439784946235
1736,63400.0,299.1346866424872,1.0753714626751099,4778.485530486667,-266437.6718600078,71.04275369142206,0.07307219881020915
1737,63425.0,299.13145067510567,1.075376988684311,4780.350715472003,-266437.6720787784,71.07097836747226,0.07308001035673185
1738,63450.0,299.12855812804315,1.0753824983707105,4782.216104007864,-266437.67213556654,71.09909308587318,0.07308790799309947
1739,63475.0,299.1337197500002,1.075388094061302,4784.081526700387,-266437.67243175296,71.12731811417632,0.07309593544061302
1740,63500.0,299.1345054709939,1.0753937893930687,4785.9470640911395,-266437.6724523742,71.15556293356316,0.07310402431552747
1741,63525.0,299.1390163733259,1.0753993191733635,4787.812648853429,-266437.6727181402,71.18378462877926,0.07311164772292383
1742,63550.0,299.14028796385566,1.0754044534327782,4789.678266675659,-266437.67295969604,71.21201581162754,0.0731185446548097
1743,63575.0,299.1391882966363,1.0754094661697242,4791.543877388001,-266437.673195002,71.24003942450314,0.07312555944189601
1744,63600.0,299.14202968003843,1.0754146154727788,4793.409629708696,-266437.6738180517,71.26801432187209,0.07313338433619866
1745,63625.0,299.1366421851854,1.0754198655975558,4795.275552765755,-266437.67417788284,71.29597259354723,0.07314177376861397
1746,63650.0,299.1360019578327,1.0754254043121536,4797.141671467472,-266437.6748771705,71.32382109711894,0.0731507429879794
1747,63675.0,299.13397981712455,1.0754315242181536,4799.007870850501,-266437.67551010684,71.35172935011448,0.07316065522501908
1748,63700.0,299.1326696782926,1.075438529445397,4800.8741301151185,-266437.67605893855,71.3796730674672,0.07317211358871736
1749,63725.0,299.1318290670478,1.075446892380952,4802.740399963243,-266437.6764642858,71.40752109771435,0.07318622514285715
1750,63750.0,299.1329547026463,1.0754569756329713,4804.606700860847,-266437.6768156293,71.43537731943657,0.07320389206167904
1751,63775.0,299.13723901008393,1.075468554984779,4806.473132175614,-266437.6772260275,71.46313774296048,0.07322482248858447
1752,63800.0,299.13939035310915,1.0754812268492104,4808.339716632065,-266437.6774398651,71.49084383837237,0.07324829986689485
1753,63825.0,299.1428517981758,1.075494374952489,4810.206556649949,-266437.6777128469,71.51852716001527,0.07327300741163056
1754,63850.0,299.1378018068378,1.0755075386514716,4812.073646492504,-266437.67755816726,71.54606608793928,0.07329793561253561
1755,63875.0,299.13455826993186,1.0755203143507968,4813.940814904144,-266437.67751044047,71.57374780542906,0.0733222224753227
1756,63900.0,299.1399079222161,1.0755325738948962,4815.8080846869725,-266437.67790148937,71.60171443179668,0.07334570062606717
1757,63925.0,299.13994197155876,1.0755442248767535,4817.6754092341735,-266437.678043231,71.62966669700423,0.07336834281380357
1758,63950.0,299.1413543494411,1.0755550030320253,4819.542853038474,-266437.6783920789,71.65785677316663,0.07338972617017246
1759,63975.0,299.1422976321971,1.075564702083333,4821.410376252089,-266437.6788293088,71.68609333825763,0.07340940037878788
1760,64000.0,299.14530334147275,1.0755732226007948,4823.277963527925,-266437.6793606853,71.71441216865423,0.07342705508233958
1761,64025.0,299.14326110367017,1.0755808202799846,4825.145715577947,-266437.6796313376,71.74270373306855,0.07344320866439652
1762,64050.0,299.1414873091323,1.0755878457175267,4827.013569387414,-266437.6798603234,71.77095826451131,0.07345859538665155
1763,64075.0,299.1337650791762,1.0755945472411184,4828.881573245848,-266437.6797052155,71.79945643896454,0.07347382294028725
1764,64100.0,299.13144114957515,1.0756007240793197,4830.74970328027,-266437.6796801228,71.82805763739383,0.07348842832861191
1765,64125.0,299.1341797740658,1.0756059924499808,4832.617993395438,-266437.6797789261,71.85675704567768,0.0735012336730842
1766,64150.0,299.1326999471799,1.0756098049424634,4834.486528611966,-266437.67955338623,71.88546613846451,0.07351057498585176
1767,64175.0,299.13711930411023,1.0756120935143285,4836.35519876113,-266437.6795873398,71.91416436840127,0.07351588593514331
1768,64200.0,299.1368502835879,1.075613285095157,4838.223949377433,-266437.6793268326,71.94284928471836,0.07351769851140005
1769,64225.0,299.1340929523542,1.075614224105461,4840.092785212437,-266437.67895480234,71.97153700470817,0.0735178207156309
1770,64250.0,299.13518958592147,1.0756155174101256,4841.9616463480215,-266437.6787772916,72.00028949764734,0.07351784434406175
1771,64275.0,299.14033455511674,1.0756171920617001,4843.830583590112,-266437.6788586344,72.02904170936802,0.0735182451091046
1772,64300.0,299.14185585956017,1.0756188183869144,4845.699691857874,-266437.67889288405,72.05773952904688,0.07351850705019741
1773,64325.0,299.1388286164977,1.0756198692220966,4847.568920107673,-266437.67882727366,72.08658340924471,0.07351786189402482
1774,64350.0,299.13696462741797,1.0756199795305161,4849.438329268739,-266437.67895539914,72.11547100018787,0.07351596394366197
1775,64375.0,299.1285410626878,1.0756190705705702,4851.308020436005,-266437.678807714,72.14445958708716,0.0735130396021021
1776,64400.0,299.122982591634,1.07561717970362,4853.1778662723755,-266437.6788008817,72.1733559566686,0.07350946088913898
1777,64425.0,299.11840395594317,1.0756145106861639,4855.0478542435385,-266437.67876476387,72.20222711829778,0.0735056865391826
1778,64450.0,299.1154587753421,1.0756113172194113,4856.917959885335,-266437.6785881582,72.2312504867904,0.07350190088064454
1779,64475.0,299.1167756868916,1.0756078775280895,4858.78828363334,-266437.6783941948,72.26022344119856,0.07349820337078651
1780,64500.0,299.12109937993654,1.0756043496163201,4860.658862766618,-266437.6781361127,72.28906488358606,0.0734942777465843
1781,64525.0,299.1275216913582,1.0756005123456787,4862.529529702401,-266437.6778432473,72.31793244163867,0.07348947212869435
1782,64550.0,299.1377459121333,1.0755962078893249,4864.400227573011,-266437.6777727146,72.34680259394285,0.07348335501962983
1783,64575.0,299.1404857825114,1.0755912866218234,4866.27056129784,-266437.67751541483,72.37575287481323,0.07347525298953661
1784,64600.0,299.14165991036435,1.0755857607843133,4868.140438893378,-266437.67749183014,72.40481251092444,0.07346512250233427
1785,64625.0,299.14026612336716,1.0755797161254195,4870.009944970705,-266437.6777423946,72.43390037625987,0.07345326465098918
1786,64650.0,299.1361510266743,1.0755733842566682,4871.879032117336,-266437.67823167326,72.46309079518754,0.07344053516135049
1787,64675.0,299.1229705152873,1.0755670054064128,4873.747631784683,-266437.67856310593,72.49231279660708,0.07342797986577182
1788,64700.0,299.11376504024616,1.0755608017514438,4875.616261384952,-266437.6791678312,72.52147385764866,0.07341656623812186
1789,64725.0,299.10772837858497,1.0755552253258842,4877.4849587882745,-266437.6798184358,72.5504652927375,0.07340723165735567
1790,64750.0,299.10193611967264,1.0755506430299644,4879.353818610094,-266437.6801484273,72.57938191438681,0.07340043085799368
1791,64775.0,299.1063541277904,1.0755473954613093,4881.222842509679,-266437.6805826823,72.60832525334828,0.0733964880952381
1792,64800.0,299.1136975237035,1.0755456393381668,4883.09200443968,-266437.68083054473,72.63713593846447,0.07339557966164714
1793,64825.0,299.1200026155706,1.07554532664437,4884.961294496291,-266437.6807471665,72.66587874786332,0.07339742196209587
1794,64850.0,299.1329401660169,1.0755459459610026,4886.830700147824,-266437.68091922003,72.69457032776238,0.07340083342618384
1795,64875.0,299.1366408632148,1.0755468832590942,4888.700183311068,-266437.680777886,72.72329349313297,0.07340447011878248
1796,64900.0,299.1384699920239,1.075548039695789,4890.569666042114,-266437.68085118715,72.75172713541095,0.07340830124281209
1797,64925.0,299.13009273303686,1.0755497081942897,4892.439248685954,-266437.68077377643,72.77998272858738,0.0734132530589544
1798,64950.0,299.1287671806561,1.0755518501019083,4894.309111553647,-266437.6813391699,72.80828079080977,0.07341931332221605
1799,64975.0,299.12257903944464,1.0755547748148147,4896.17909353834,-266437.6818402778,72.83657996814823,0.073426955
1800,65000.0,299.11665366851764,1.0755586751804551,4898.049278561176,-266437.682444938,72.86497526522311,0.07343641828613734
1801,65025.0,299.1104690177582,1.0755635016648168,4899.919519290609,-266437.6829679985,72.89339377950432,0.07344762800591936
1802,65050.0,299.1056354379739,1.0755691575152522,4901.78992536107,-266437.68336915324,72.92177641412468,0.07346025716398595
1803,65075.0,299.1007049881746,1.0755755157058386,4903.660372411684,-266437.6834984756,72.95022736474507,0.07347381485587583
1804,65100.0,299.10419081089583,1.0755823023084023,4905.531016292895,-266437.6837142198,72.978553987073,0.07348752853185596
1805,65125.0,299.10888701919544,1.0755891293835362,4907.40169089111,-266437.6837220838,73.00698810668149,0.07350071686969362
1806,65150.0,299.1123775058109,1.075595333333333,4909.272352062724,-266437.6836204114,73.03543926932305,0.07351217284633832
1807,65175.0,299.11219720612115,1.0756006782817107,4911.143042308081,-266437.6833632928,73.06386214067113,0.07352165781710916
1808,65200.0,299.11001894711643,1.075605097107057,4913.013805124752,-266437.6831007002,73.09235054449977,0.07352952865303115
1809,65225.0,299.1130155261511,1.0756085071823203,4914.884679780301,-266437.6832527624,73.12096823112343,0.0735359217311234
1810,65250.0,299.1095181478006,1.0756109839867474,4916.755607332603,-266437.683237852,73.14974901840608,0.07354102135100316
1811,65275.0,299.1132180805741,1.0756129928256069,4918.626489450889,-266437.68369435245,73.1785769729581,0.07354567641648273
1812,65300.0,299.11149897720185,1.0756153485934912,4920.497470171545,-266437.683966492,73.20735736992098,0.07355141184041186
1813,65325.0,299.1085606089675,1.0756188895626606,4922.368612317719,-266437.6842785281,73.23607561484752,0.07355971646453512
1814,65350.0,299.10669981726375,1.0756239298438932,4924.239778150051,-266437.68463039486,73.2645843730028,0.07357129752066119
1815,65375.0,299.1048764520927,1.0756302626651981,4926.111103246885,-266437.68493598566,73.29304299412632,0.07358585664464026
1816,65400.0,299.1027811491471,1.0756376998715829,4927.982513322331,-266437.68515524676,73.32135216987713,0.07360315611814348
1817,65425.0,299.1000244305099,1.0756463971397137,4929.854030893295,-266437.6852711313,73.34967022735611,0.07362376127612764
1818,65450.0,299.09971686476104,1.0756560373831774,4931.725614201948,-266437.6854269745,73.3780328546821,0.07364690874106654
1819,65475.0,299.09576234816865,1.0756663097069594,4933.597329571435,-266437.68534226186,73.40625443681323,0.07367147216117217
1820,65500.0,299.09815322112405,1.0756764651290498,4935.469221835445,-266437.68552077614,73.43445853468793,0.07369512667032767
1821,65525.0,299.0978196211124,1.0756857733260152,4937.34132615533,-266437.68548184226,73.4627129849982,0.07371578100987926
1822,65550.0,299.10216223404655,1.075693915889559,4939.213489391302,-266437.68567151215,73.49105992320355,0.07373239696471019
1823,65575.0,299.101125424525,1.0757008424707601,4941.085822363127,-266437.6856154057,73.51943998336992,0.0737451288377193
1824,65600.0,299.1009491017353,1.0757063589041096,4942.958319206581,-266437.68572488584,73.5479279863014,0.0737540785388128
1825,65625.0,299.0961611964222,1.0757101619204088,4944.830915002196,-266437.6857372672,73.57651272088357,0.07375912486308872
1826,65650.0,299.08893548823227,1.0757122714833058,4946.703484285537,-266437.68570402294,73.60533304251052,0.07376056832694763
1827,65675.0,299.0940057700585,1.0757125109409191,4948.5761712058775,-266437.6863888129,73.63413406856313,0.07375816994894238
1828,65700.0,299.0901870430109,1.0757110134864225,4950.4489555604205,-266437.686645708,73.66314103863681,0.07375236376890834
1829,65725.0,299.0827239879783,1.0757083805100183,4952.321952518585,-266437.686651867,73.69232668160295,0.07374451438979965
1830,65750.0,299.08454880466064,1.0757050709994538,4954.195092425274,-266437.68697660655,73.72164662461317,0.07373570944838888
1831,65775.0,299.08151172107,1.075701472525473,4956.068477383557,-266437.68684611534,73.75098019068416,0.07372684115720526
1832,65800.0,299.0894222744137,1.0756976661211128,4957.941863057652,-266437.6870567376,73.78033846026554,0.07371817039461721
1833,65825.0,299.0970981777537,1.0756935401672119,4959.81532885006,-266437.6871137768,73.80977023246095,0.07370956561250457
1834,65850.0,299.1004436675751,1.0756891091734786,4961.689072552594,-266437.68690962764,73.83918183742055,0.07370119782016352
1835,65875.0,299.10119982770533,1.075684287218591,4963.562942947536,-266437.6866716594,73.86845575635442,0.0736931846405229
1836,65900.0,299.0993321388134,1.0756786766467066,4965.436804452373,-266437.68647364364,73.89779308582837,0.07368523806931594
1837,65925.0,299.09321449782385,1.0756721131664853,4967.310790833338,-266437.68620783463,73.92721546971349,0.07367716122597029
1838,65950.0,299.0948681656699,1.0756649849555917,4969.184926760019,-266437.6864067881,73.95664582581117,0.07366903190139572
1839,65975.0,299.0968279153987,1.0756578701086956,4971.059313191671,-266437.68663949275,73.98619073695656,0.07366101902173916
1840,66000.0,299.0959329138151,1.0756510405576678,4972.9337507228,-266437.68667956727,74.01589364910377,0.07365281930110448
1841,66025.0,299.0966214771988,1.0756452471950777,4974.808336667214,-266437.6867591839,74.04556127886359,0.07364524466159972
1842,66050.0,299.1008617854948,1.0756413402061855,4976.683164058605,-266437.68696871045,74.07536545541693,0.07363957514921325
1843,66075.0,299.1030799193783,1.0756399338394793,4978.558053495124,-266437.6871271692,74.10504926825743,0.07363702838033262
1844,66100.0,299.1016935730805,1.0756412330623304,4980.433036624937,-266437.687195122,74.13475485130988,0.07363830605239387
1845,66125.0,299.09560417569537,1.0756451572769952,4982.308259939152,-266437.6870711448,74.16445146876131,0.0736437091007584
1846,66150.0,299.0979538009386,1.0756515582024904,4984.183684678042,-266437.6873420863,74.1940605656019,0.0736537114239307
1847,66175.0,299.09516915855,1.0756603497474746,4986.059276397191,-266437.6873308983,74.22359558152961,0.0736690652958153
1848,66200.0,299.09259983108007,1.0756713023255813,4987.934954197949,-266437.6872859204,74.25284219650264,0.07369019488011538
1849,66225.0,299.0965716030633,1.0756838618018016,4989.810822324509,-266437.68744369375,74.28201723459462,0.07371641783783785
1850,66250.0,299.10029108319856,1.0756973439582207,4991.686791435444,-266437.6874437242,74.31116783522423,0.07374619899153612
1851,66275.0,299.10262929931633,1.075711011159107,4993.562789256844,-266437.6872750181,74.3403270403168,0.0737771398488121
1852,66300.0,299.10287327936703,1.075724176470588,4995.438869950714,-266437.6869940637,74.36932924141034,0.07380679492714518
1853,66325.0,299.10538251510275,1.0757360821646889,4997.315087017444,-266437.6868651115,74.39839035652643,0.07383267547644733
1854,66350.0,299.10822632129407,1.0757462975741239,4999.1913607080005,-266437.6868261456,74.42739993207549,0.07385353890386344
1855,66375.0,299.11235098796726,1.0757549542025862,5001.0676745010815,-266437.6870285561,74.456373970546,0.07386971318247128
1856,66400.0,299.1116376013286,1.0757625105008075,5002.94400514522,-266437.6872251392,74.48533868659129,0.07388271656794113
1857,66425.0,299.1080152283821,1.075769714926444,5004.820494910482,-266437.6874887873,74.51419076498027,0.07389484391819161
1858,66450.0,299.09791399910375,1.0757773159404695,5006.697180528246,-266437.6875112068,74.54299731755424,0.07390836417428726
1859,66475.0,299.0913099498211,1.0757858903225803,5008.574047134234,-266437.68771281367,74.57169149390681,0.07392488046594983
1860,66500.0,299.08785848450685,1.0757955891097972,5010.451043990153,-266437.6879701774,74.60029576123948,0.073944782195952
1861,66525.0,299.0835875716079,1.0758060606874327,5012.328228503585,-266437.6880146796,74.62873627873255,0.07396689742212675
1862,66550.0,299.08342368867443,1.0758166276614778,5014.205550347115,-266437.68805913406,74.65721010109142,0.073989166935051
1863,66575.0,299.08996189896305,1.0758263685622316,5016.083088857301,-266437.6882432493,74.68565348175964,0.07400894957081545
1864,66600.0,299.0940999764078,1.075834763717605,5017.960760127618,-266437.6882037534,74.71434855692581,0.07402482877569258
1865,66625.0,299.0957537725976,1.075841807967131,5019.838419200433,-266437.68799124693,74.74344987959984,0.0740370444801715
1866,66650.0,299.0951130449923,1.0758475713265487,5021.715696312984,-266437.6877064364,74.77282106963041,0.07404630030351723
1867,66675.0,299.0974187546398,1.0758525253390434,5023.592470392938,-266437.68765056215,74.80242234618129,0.07405419503925768
1868,66700.0,299.0943906773678,1.0758572355983589,5025.468820309439,-266437.6874442661,74.83215546103084,0.07406224326734441
1869,66725.0,299.0936559253122,1.0758620664884133,5027.3448581556195,-266437.6874777184,74.86185420570409,0.07407122228163995
1870,66750.0,299.0932399355071,1.0758671241760198,5029.220722788888,-266437.6876336184,74.89141615303758,0.07408111811865316
1871,66775.0,299.0876081351498,1.0758724211182333,5031.096554707092,-266437.6875500802,74.9210972184829,0.07409169533475787
1872,66800.0,299.08778766684486,1.0758778973126888,5032.972546032573,-266437.68776695145,74.9509752295782,0.07410275369282794
1873,66825.0,299.08644555122754,1.0758830291711132,5034.84860735575,-266437.6878613038,74.98074407274991,0.0741134331198862
1874,66850.0,299.08152047235575,1.0758876888888886,5036.724892281605,-266437.6876888889,75.01042379786666,0.0741238835555556
1875,66875.0,299.08077228731366,1.0758919303482586,5038.6013599276885,-266437.6876110519,75.04029646375267,0.07413464036958071
1876,66900.0,299.0835549273666,1.0758954553365299,5040.4779616924225,-266437.68761099275,75.07018232978157,0.074145104954715
1877,66925.0,299.0849528812569,1.0758979132055377,5042.3546778239315,-266437.6874611733,75.10005195793399,0.07415445172168979
1878,66950.0,299.0837950363671,1.0758990241263082,5044.231432468871,-266437.68717846373,75.12990548288099,0.07416189870498496
1879,66975.0,299.08904295868825,1.0758986647163118,5046.108315980325,-266437.6873116135,75.15982881471633,0.07416661578014189
1880,67000.0,299.0908460400499,1.0758966833244725,5047.985407323237,-266437.68741139467,75.18983437302855,0.07416782473861425
1881,67025.0,299.087300882572,1.0758933790294012,5049.862661620799,-266437.687450186,75.21961468508681,0.07416604303931991
1882,67050.0,299.0862155165519,1.0758892145512478,5051.739878236507,-266437.6878429811,75.24938456771112,0.07416235138962653
1883,67075.0,299.0819855203471,1.0758845764331209,5053.61724727973,-266437.68815242394,75.2790567262916,0.07415751114649687
1884,67100.0,299.07724255649896,1.0758795315649867,5055.494716754735,-266437.6884504863,75.30876220618924,0.0741515586206897
1885,67125.0,299.0768376090494,1.0758740874867443,5057.372264682579,-266437.6888642188,75.33850379356666,0.07414433209614708
1886,67150.0,299.07609749072634,1.075868362480127,5059.249869516346,-266437.68915606785,75.36820196007776,0.07413575887652361
1887,67175.0,299.0843172485879,1.075862460628531,5061.127596104349,-266437.68974002474,75.39786879290257,0.07412591384180794
1888,67200.0,299.08403054843865,1.0758566253749777,5063.005540492153,-266437.6897719252,75.42745564972651,0.07411505982001061
1889,67225.0,299.08702127425073,1.075851155026455,5064.883617156267,-266437.68988646386,75.45711548641977,0.07410389541446209
1890,67250.0,299.08611972395585,1.075846461660497,5066.761925635296,-266437.68968689407,75.48681182689937,0.0740934248193196
1891,67275.0,299.088126398168,1.0758425796335447,5068.640307725165,-266437.68952056905,75.51646434689924,0.07408418393234674
1892,67300.0,299.09395420549424,1.0758392981158653,5070.518811623708,-266437.6894754799,75.5462435397077,0.07407631907025887
1893,67325.0,299.0995049384023,1.075836716121084,5072.397487263294,-266437.6894799367,75.57615294561774,0.07407033157338967
1894,67350.0,299.1011848146001,1.0758347032541775,5074.276446287782,-266437.68944591034,75.60618121970097,0.07406614248021111
1895,67375.0,299.10130412007766,1.0758331397679324,5076.155443654895,-266437.6895272943,75.63616004905063,0.0740633915260197
1896,67400.0,299.0988839168866,1.075831890528905,5078.034564678974,-266437.68968546833,75.66598252521524,0.07406143173431737
1897,67425.0,299.0902421094137,1.0758310014049877,5079.913763501412,-266437.68962394627,75.69572821847558,0.07405992957499125
1898,67450.0,299.0878621056699,1.0758303105143057,5081.793150397234,-266437.6899245217,75.72550285992627,0.0740582197647885
1899,67475.0,299.0902248710529,1.075829504736842,5083.67269277071,-266437.6904221492,75.7552418645614,0.0740555157894737
1900,67500.0,299.09164481676333,1.0758285514641415,5085.552411319139,-266437.6908370595,75.78507692986148,0.07405187585481326
1901,67525.0,299.0947068748688,1.075827137924991,5087.432226532254,-266437.691278917,75.81494410322466,0.07404699754644235
1902,67550.0,299.0965971320724,1.0758250437905061,5089.3120610241795,-266437.6916327291,75.84475603135398,0.07404083709931687
1903,67575.0,299.09624457860673,1.0758220894607842,5091.191913728474,-266437.69182204135,75.87455628431371,0.07403331109943978
1904,67600.0,299.097953690114,1.0758179665791774,5093.071992090297,-266437.6921314524,75.90436881487312,0.07402399772528434
1905,67625.0,299.09885181392127,1.0758125115424972,5094.952261913264,-266437.6923530955,75.93436855753758,0.07401269499825114
1906,67650.0,299.0974368185635,1.0758061518965214,5096.832700257655,-266437.69243248564,75.96440879321796,0.07400012725048069
1907,67675.0,299.09582305520644,1.075799614954577,5098.713212899903,-266437.6924626573,75.99430220213137,0.07398743728162126
1908,67700.0,299.0959577499566,1.0757935613759384,5100.5938177017715,-266437.69258010306,76.02412252645362,0.07397567155578838
1909,67725.0,299.0955191260038,1.0757885452006979,5102.474493672783,-266437.6926483421,76.05378796614309,0.07396559912739965
1910,67750.0,299.09102987720246,1.0757849365079362,5104.355183834126,-266437.692487572,76.08338278213849,0.07395778684807255
1911,67775.0,299.0947571900282,1.0757832832984655,5106.235957000008,-266437.6926974373,76.11291566457461,0.07395312622036261
1912,67800.0,299.0942164878902,1.0757836769472031,5108.116881545922,-266437.69258581643,76.14243259313469,0.07395172364523435
1913,67825.0,299.09551094688294,1.0757858058167884,5109.9978790485975,-266437.69248519687,76.17187971612677,0.07395311337513061
1914,67850.0,299.1015680750221,1.075789352654482,5111.87895252429,-266437.69254242827,76.20124258938206,0.07395698868581375
1915,67875.0,299.1036970471472,1.0757933723034097,5113.760109221303,-266437.6923549496,76.23053781871953,0.07396185699373695
1916,67900.0,299.10449612171834,1.0757971065901581,5115.641337122422,-266437.69215679885,76.25983823578507,0.07396640253868891
1917,67925.0,299.1038152497397,1.0758000564824468,5117.522623882176,-266437.69196971675,76.28926602276675,0.0739696762252346
1918,67950.0,299.10739973128403,1.0758020826819523,5119.403954928789,-266437.6920650947,76.31882156956746,0.073971442417926
1919,67975.0,299.1072694569448,1.0758033833333331,5121.285379335424,-266437.6920789931,76.34833682638887,0.07397211423611111
1920,68000.0,299.1112646807222,1.0758040579559256,5123.16702035989,-266437.6924399185,76.37774454398748,0.0739718053097345
1921,68025.0,299.10879154058307,1.0758042311827956,5125.04875813008,-266437.69259451964,76.40719020482135,0.07397031841831424
1922,68050.0,299.1093254243373,1.0758038817819378,5126.930812810374,-266437.6930198042,76.43656800450682,0.07396732119951463
1923,68075.0,299.1087744045395,1.0758030829868328,5128.813014920833,-266437.69348795916,76.46597862820511,0.07396300294525293
1924,68100.0,299.1075168612991,1.0758020664935064,5130.695369024424,-266437.6940097403,76.4955136498701,0.07395809298701299
1925,68125.0,299.1038165619595,1.0758011263412943,5132.57796241728,-266437.69440658536,76.52506263153339,0.07395356940117688
1926,68150.0,299.0976633502858,1.0758002570489533,5134.46072010812,-266437.6945597648,76.55449615343365,0.07394977737415671
1927,68175.0,299.1002308163905,1.0757993433609956,5136.343579926356,-266437.6949775242,76.58389417392806,0.07394644657676348
1928,68200.0,299.10491930153836,1.0757983424917918,5138.226438352003,-266437.69540565065,76.61315138880246,0.0739433412821842
1929,68225.0,299.11067629464634,1.0757968639032813,5140.109424871682,-266437.69583333336,76.64231582400689,0.07393960397236615
1930,68250.0,299.11444777576423,1.075794663214224,5141.9924649824,-266437.69623899536,76.67168834369063,0.07393454790264113
1931,68275.0,299.1124959641136,1.075791622153209,5143.875625114051,-266437.69649866293,76.701044971187,0.07392787111801243
1932,68300.0,299.11077141748615,1.075788010174168,5145.75893354648,-266437.6968766167,76.73042278737711,0.07391996689084326
1933,68325.0,299.1098418462603,1.0757843333333335,5147.642411082219,-266437.6973295847,76.759773445536,0.07391154015856603
1934,68350.0,299.10748959896677,1.0757809757105943,5149.525857788809,-266437.6977390181,76.78915108268733,0.0739031521102498
1935,68375.0,299.10556550792046,1.075778204717631,5151.40933279305,-266437.6981372676,76.81846383333331,0.07389538223140497
1936,68400.0,299.10338792204476,1.0757759359834798,5153.292984136815,-266437.6984490621,76.8479503951127,0.07388832679401137
1937,68425.0,299.1015984466808,1.0757743439972483,5155.176680501382,-266437.6986530358,76.8773827853457,0.07388242999656004
1938,68450.0,299.10055311947775,1.0757736537734228,5157.060459963045,-266437.69878158846,76.9066422583806,0.07387815918858519
1939,68475.0,299.09822398110003,1.075774136941581,5158.944356039354,-266437.6986844932,76.93581113865979,0.07387609536082475
1940,68500.0,299.0980801155765,1.075776384509703,5160.828337864166,-266437.6984801649,76.96485400343465,0.07387746986089645
1941,68525.0,299.1056682703402,1.0757809689323723,5162.712334878826,-266437.6984530553,76.99351082303465,0.07388358050120152
1942,68550.0,299.1103306877684,1.0757884788128327,5164.5964344915155,-266437.69823297305,77.02176232715729,0.07389590478641277
1943,68575.0,299.11200806447226,1.0757985718449934,5166.4806996380385,-266437.6979595336,77.04977940243482,0.07391401714677641
1944,68600.0,299.11243451876646,1.0758102346186806,5168.365105858448,-266437.6978523993,77.07754651053982,0.07393583136246787
1945,68625.0,299.10675435748584,1.0758228108941421,5170.249673408709,-266437.6977239637,77.10503374940045,0.07395993508050704
1946,68650.0,299.1040096603325,1.0758357512412262,5172.134456985112,-266437.69800226844,77.1325504680705,0.07398507772641673
1947,68675.0,299.09513311208116,1.0758486707734434,5174.019225288679,-266437.6981733402,77.1601249358316,0.0740104476386037
1948,68700.0,299.0930589965798,1.075860965794425,5175.903540747398,-266437.6988092184,77.18779396733366,0.0740347838207628
1949,68725.0,299.0909377909406,1.0758719822222227,5177.787545121032,-266437.69944444444,77.21553390717948,0.07405677196581197
1950,68750.0,299.0876179929955,1.0758808106953703,5179.671199874088,-266437.69994554075,77.24351210165725,0.07407462463693833
1951,68775.0,299.08150743630506,1.0758868473360659,5181.554528452705,-266437.7001419484,77.27156125956282,0.07408712124316941
1952,68800.0,299.0798054456396,1.0758893990442058,5183.43764211402,-266437.7002901519,77.3000747653183,0.0740927055811572
1953,68825.0,299.08196428795674,1.0758884176049133,5185.32096246316,-266437.70036890137,77.32898314636641,0.07409149454111226
1954,68850.0,299.0834033836321,1.0758840172208015,5187.20448285491,-266437.7001651747,77.35817100750212,0.0740840589940324
1955,68875.0,299.0835114991483,1.0758760771983642,5189.088059814084,-266437.6996581032,77.38775661809815,0.07407058725289707
1956,68900.0,299.08841402520903,1.0758649151762905,5190.971692550511,-266437.6991941322,77.41770726911939,0.07405207937319025
1957,68925.0,299.09384368488287,1.0758510520939737,5192.855276708894,-266437.69868807454,77.44765571671772,0.07402971859039836
1958,68950.0,299.10081857104,1.0758348187850948,5194.738844963595,-266437.6983633231,77.47781372009527,0.07400425880551302
1959,68975.0,299.10205783214326,1.0758167302721091,5196.622518565824,-266437.69799638604,77.50786550068027,0.07397662295918367
1960,69000.0,299.10098223032503,1.075797127146014,5198.506382727867,-266437.6978369879,77.53780877868434,0.0739475537990821
1961,69025.0,299.09625290519915,1.0757765394155625,5200.390387813293,-266437.6977308444,77.56776494087664,0.07391776656472987
1962,69050.0,299.0863973229754,1.07575600815079,5202.2745719184995,-266437.69745500083,77.59782344880283,0.0738883289183223
1963,69075.0,299.0764699974545,1.0757367433808558,5204.158883804149,-266437.6970998812,77.62777988374064,0.07386042871690428
1964,69100.0,299.076587605768,1.0757195703138256,5206.043322228506,-266437.6969730704,77.65764883002542,0.07383511891433418
1965,69125.0,299.0796937051547,1.0757048404543916,5207.927813515946,-266437.6966927348,77.68731329891486,0.07381301288572396
1966,69150.0,299.08099170361,1.0756927725809189,5209.812472004075,-266437.6960155058,77.71669210913403,0.07379435214370444
1967,69175.0,299.0912394329273,1.0756833106368566,5211.697342283375,-266437.69561949524,77.74599004285228,0.07377907774390242
1968,69200.0,299.09730731589684,1.075676316065685,5213.5823249802015,-266437.6950281446,77.77543297612999,0.07376688115794819
1969,69225.0,299.1037862071071,1.0756715098138752,5215.467421252293,-266437.6946912013,77.8049611368866,0.07375734483925549
1970,69250.0,299.10636287924956,1.0756685334009812,5217.352577216481,-266437.6945712836,77.83442321106034,0.07375020852359208
1971,69275.0,299.10359247498354,1.0756671712305614,5219.237841552746,-266437.694609956,77.86396283062876,0.0737456685260311
1972,69300.0,299.0983920577805,1.0756673157627978,5221.123186387236,-266437.694880892,77.89344848758232,0.07374408886636256
1973,69325.0,299.09042324265494,1.0756688098615335,5223.008477906966,-266437.69528347685,77.92282922998983,0.07374554390408646
1974,69350.0,299.0844305611819,1.0756714221097048,5224.893856666337,-266437.6959388185,77.9520060783122,0.07374978481012658
1975,69375.0,299.07781644213946,1.0756750077597843,5226.779299309219,-266437.6965302378,77.98111000742237,0.07375668505398111
1976,69400.0,299.0715811967632,1.0756795299274997,5228.664848865629,-266437.69691030175,78.01023478738827,0.07376640633957174
1977,69425.0,299.0731425261211,1.075684498651837,5230.550413199199,-266437.6973689754,78.03937109184359,0.07377812571621166
1978,69450.0,299.0752668287018,1.0756893961596767,5232.43612985566,-266437.6975534781,78.06848840256019,0.07379071584975577
1979,69475.0,299.08150573030343,1.0756937774410775,5234.321894963307,-266437.6976325757,78.09754664747472,0.07380286481481481
1980,69500.0,299.08384300286093,1.075697229850244,5236.207899538289,-266437.69730144704,78.12682943345109,0.0738132465084974
1981,69525.0,299.0901861160449,1.0756994680457452,5238.094033111007,-266437.69704948703,78.15605377043389,0.07382072468886647
1982,69550.0,299.0934339606661,1.0757009241889395,5239.980238813759,-266437.69671373337,78.18512057320555,0.0738256486804505
1983,69575.0,299.096501132729,1.0757021045026882,5241.866494525042,-266437.69650432625,78.21416428612228,0.07382860198252689
1984,69600.0,299.0908359558359,1.0757034213266163,5243.752960251898,-266437.6960694794,78.24309583005875,0.07383034021830395
1985,69625.0,299.0909157042637,1.075704817556227,5245.6394679543555,-266437.6961333501,78.27201225360857,0.07383092430345756
1986,69650.0,299.090056255159,1.0757063871833585,5247.526095233358,-266437.6963911256,78.30104064552924,0.07383116977017282
1987,69675.0,299.08159230835065,1.075708291750503,5249.412906812215,-266437.6963709339,78.33000221629774,0.0738319805499665
1988,69700.0,299.0755443385291,1.0757104149488854,5251.299808471937,-266437.69646597956,78.35899976403549,0.07383353578012404
1989,69725.0,299.07421911892845,1.0757128329983248,5253.1869171784,-266437.69667608873,78.38823751876042,0.07383619313232834
1990,69750.0,299.0778133616278,1.0757158039511132,5255.074161268717,-266437.69701155194,78.41750549321945,0.0738406184496903
1991,69775.0,299.081870968374,1.0757194805890224,5256.961550863294,-266437.69726301037,78.44672202125163,0.07384712884872827
1992,69800.0,299.0857924417131,1.0757238812510452,5258.849019289354,-266437.6974567235,78.47576768121755,0.07385547934437199
1993,69825.0,299.0910673528925,1.0757289460046806,5260.736587453703,-266437.6977233784,78.50486866232025,0.07386509478435307
1994,69850.0,299.09400243558946,1.0757347243107769,5262.624195219557,-266437.6979532164,78.53386025363405,0.07387568137009191
1995,69875.0,299.09829905227167,1.0757410823313291,5264.511854277896,-266437.6983393871,78.56254429959915,0.07388695273881098
1996,69900.0,299.09705676781886,1.0757484261392087,5266.399551994165,-266437.69857911865,78.59130900267063,0.07390009130362211
1997,69925.0,299.09574686953664,1.0757574838171504,5268.287384495838,-266437.6990062979,78.61995586536531,0.07391716182849517
1998,69950.0,299.092181040354,1.075768509087877,5270.175255413215,-266437.69944347173,78.64830581390689,0.07393915190928799
1999,69975.0,299.0884519271671,1.0757810456666665,5272.063286927842,-266437.69992708333,78.6765065871666,0.07396541366666667
2000,70000.0,299.08573510344877,1.0757946666666667,5273.951500483933,-266437.7004362402,78.70476029651834,0.07399515892053975
2001,70025.0,299.08395949800246,1.0758087022977023,5275.839865875966,-266437.70091366966,78.73304637362631,0.07402667965367966
2002,70050.0,299.08782257979743,1.0758220785488435,5277.728353172084,-266437.7015830421,78.76161409568974,0.0740570517556998
2003,70075.0,299.0859405129745,1.075833754657352,5279.61706900949,-266437.7018515053,78.79037001314032,0.07408365485695279
2004,70100.0,299.08960849177106,1.0758429075644222,5281.505986360275,-266437.70224958437,78.81934362394009,0.07410474081463012
2005,70125.0,299.0908708379865,1.07584968444666,5283.395046141417,-266437.70239801425,78.84859106763037,0.07412073246925892
2006,70150.0,299.0881436349448,1.0758545700049826,5285.284240199809,-266437.70217779436,78.87789382660681,0.0741325198472015
2007,70175.0,299.0863463588982,1.0758583318393096,5287.173432036197,-266437.70184366696,78.9073014983399,0.0741415315405047
2008,70200.0,299.08894766152355,1.0758618445329353,5289.062717481674,-266437.70157209225,78.93669953940594,0.07414944532935129
2009,70225.0,299.0916331900502,1.075865594029851,5290.951994042628,-266437.7012282338,78.96596884792697,0.07415710563847433
2010,70250.0,299.09875080590126,1.0758695368804907,5292.841373685902,-266437.70116442896,78.99532490154145,0.07416415183159294
2011,70275.0,299.1006791307161,1.075873504970179,5294.730875897622,-266437.7010385603,79.02460816550689,0.07417025811795895
2012,70300.0,299.0982805603581,1.0758774507368771,5296.620441921021,-266437.7009179914,79.05365158536175,0.07417565954628254
2013,70325.0,299.09858773518744,1.0758815011585567,5298.510101288489,-266437.7011130421,79.08251565590858,0.07418093445878852
2014,70350.0,299.09269257121633,1.0758859808105872,5300.399886716633,-266437.7011528123,79.11114276062855,0.07418695996691485
2015,70375.0,299.0896570299277,1.0758912443783069,5302.289827172462,-266437.7014353919,79.13973086590602,0.0741945856481482
2016,70400.0,299.08886375723074,1.0758975042141792,5304.179841121805,-266437.70188811776,79.16823430788293,0.07420433201123786
2017,70425.0,299.08380273736424,1.0759047205153616,5306.069923908498,-266437.7021184341,79.19670343078948,0.07421622216716225
2018,70450.0,299.08201277034885,1.0759129367673765,5307.960090639598,-266437.70247750543,79.22497942793454,0.07423049512960216
2019,70475.0,299.0792403463701,1.0759221793729372,5309.85049118004,-266437.7026763614,79.25311601996692,0.07424740198019807
2020,70500.0,299.0811847382489,1.0759322488866896,5311.740958257801,-266437.7030193387,79.28121173923792,0.07426661009401292
2021,70525.0,299.08467304665396,1.0759428110781402,5313.631576889062,-266437.703356825,79.30946907978891,0.0742871539729641
2022,70550.0,299.08706176668363,1.0759532659416704,5315.522317387551,-266437.7036321882,79.33783799653972,0.07430728011204486
2023,70575.0,299.08988715744454,1.075963035079051,5317.41312701236,-266437.7039793314,79.36626946063893,0.07432564476284591
2024,70600.0,299.08343017382765,1.075971819423868,5319.303971557867,-266437.703894033,79.39460543588471,0.07434168131687248
2025,70625.0,299.08291659986884,1.0759791701217503,5321.194913888457,-266437.7041481573,79.42276379236584,0.07435440885159597
2026,70650.0,299.08519562423993,1.0759852053938492,5323.0859433215,-266437.70456133864,79.45100751208676,0.07436417135339587
2027,70675.0,299.08634093787026,1.07599051660092,5324.977128974201,-266437.70497411245,79.47929789842203,0.07437230078895468
2028,70700.0,299.0821400915069,1.0759954938393292,5326.868480665688,-266437.70516058814,79.50759124478392,0.07437963610974213
2029,70725.0,299.08059652725825,1.0760001032840716,5328.7600315254585,-266437.7054084565,79.53590607799667,0.07438612101806245
2030,70750.0,299.0837276487777,1.0760045921549313,5330.6517331109535,-266437.7057843017,79.5643130320039,0.07439222451994097
2031,70775.0,299.0828408307091,1.0760092445866136,5332.54360413813,-266437.70579068246,79.59275375672568,0.07439853412073497
2032,70800.0,299.08597268224344,1.0760141719954088,5334.435505340719,-266437.7058892852,79.62116252533198,0.07440539891785544
2033,70825.0,299.08625203097387,1.0760193418551292,5336.327538767952,-266437.70576245495,79.64956682104226,0.07441287561455268
2034,70850.0,299.0866636879611,1.0760243176085174,5338.219736992636,-266437.70562551194,79.67795816740374,0.0744200360360361
2035,70875.0,299.09482709823226,1.076028429436804,5340.112101482653,-266437.7059133514,79.70648528438112,0.07442539456450563
2036,70900.0,299.10059985108865,1.0760313354606446,5342.00460688546,-266437.7062264769,79.73511754279167,0.07442824104074626
2037,70925.0,299.0971840919206,1.0760330781812233,5343.896985648683,-266437.7062990677,79.76383925335294,0.07442877069021922
2038,70950.0,299.09991685074425,1.076033531960111,5345.788948361949,-266437.7068875674,79.79257102059832,0.07442704659146646
2039,70975.0,299.0974121947716,1.076032727124183,5347.680474876805,-266437.7073274101,79.82130807075161,0.07442354918300659
2040,71000.0,299.0945822841748,1.0760312289727259,5349.5716671657765,-266437.70773109584,79.84996401894495,0.07441955234362246
2041,71025.0,299.09577684949437,1.0760298757753837,5351.46248933432,-266437.70829252363,79.87857908472085,0.07441648922624883
2042,71050.0,299.0979317766361,1.076029536139664,5353.35302313135,-266437.70882790827,79.90700477549353,0.07441575934083869
2043,71075.0,299.10214619699974,1.0760308295825178,5355.243324244299,-266437.70938825014,79.9353183938356,0.07441818183300723
2044,71100.0,299.10153843667524,1.0760340994295028,5357.133298014514,-266437.7095812958,79.96345761923389,0.0744240037489813
2045,71125.0,299.1036251241451,1.0760392145650048,5359.022967681174,-266437.7097486966,79.99138360166177,0.07443286070381236
2046,71150.0,299.1074509882759,1.0760460146555935,5360.912349254363,-266437.70988540136,80.01912627927047,0.0744445867122619
2047,71175.0,299.11394076416053,1.0760540791015623,5362.801503459154,-266437.7100779215,80.04671986100259,0.0744586490885417
2048,71200.0,299.1201730683264,1.0760623863673333,5364.690393519772,-266437.71027533757,80.07429645680817,0.07447304896697579
2049,71225.0,299.124806240163,1.0760696762601623,5366.579064804722,-266437.7105081301,80.10205803186989,0.07448509626016263
2050,71250.0,299.12628074532785,1.0760752046156343,5368.467514841873,-266437.7107914838,80.1299491311555,0.07449331675605397
2051,71275.0,299.1212209819692,1.0760788791423,5370.355701759754,-266437.71094765264,80.15792495224169,0.07449773489278755
2052,71300.0,299.117557292418,1.0760807476863123,5372.243641825628,-266437.71129647666,80.18613654521835,0.07449873226173083
2053,71325.0,299.1135141332363,1.0760815877961696,5374.131250629186,-266437.71164496103,80.21443169685163,0.07449809461213895
2054,71350.0,299.11421101784305,1.0760824588807782,5376.018603862944,-266437.7121603812,80.24251597680451,0.07449800908353613
2055,71375.0,299.11123075551274,1.0760846220817117,5377.905683739145,-266437.7123459793,80.27043097778855,0.07450094860570691
2056,71400.0,299.10969980116715,1.076089011181332,5379.792519327993,-266437.7124453087,80.2983585655485,0.07450878901312595
2057,71425.0,299.10967898331756,1.0760959795918366,5381.679084773413,-266437.71244331065,80.32619839860703,0.07452239763524462
2058,71450.0,299.11365051044237,1.076105376234418,5383.565432054727,-266437.7124514327,80.35391135308399,0.07454145944633321
2059,71475.0,299.117745831392,1.0761169561488673,5385.451421625089,-266437.71234324435,80.38145128576049,0.07456541423948224
2060,71500.0,299.1206814885982,1.076130297266699,5387.337118496855,-266437.71214923984,80.40883231732165,0.07459326863981888
2061,71525.0,299.1211574909478,1.0761448750404137,5389.222481488693,-266437.7118796476,80.436071875687,0.07462373795667639
2062,71550.0,299.12088277298477,1.0761600008078849,5391.1074942040805,-266437.7117466473,80.46340341816122,0.07465522006786235
2063,71575.0,299.1236145503881,1.0761753084625323,5392.992245347069,-266437.7119418201,80.49092483123381,0.0746869492894057
2064,71600.0,299.1241461168689,1.0761907158999193,5394.876723120913,-266437.71222255856,80.51842519935428,0.07471876577885393
2065,71625.0,299.12420568134934,1.0762056255243628,5396.760928665223,-266437.7126845353,80.54588133962565,0.0747491886092288
2066,71650.0,299.1180475383008,1.0762197318174487,5398.64487742752,-266437.7128991292,80.57334218819541,0.07477752185131432
2067,71675.0,299.1191038726633,1.0762330435203096,5400.528501612517,-266437.71345099935,80.6008648839458,0.07480387395228888
2068,71700.0,299.12098064314534,1.0762454364427259,5402.411897087974,-266437.71392178186,80.62846667117766,0.0748280085387466
2069,71725.0,299.1254988929152,1.0762564252818034,5404.29503029405,-266437.7143870773,80.65612424380029,0.07484877938808378
2070,71750.0,299.12403638709213,1.0762655346853371,5406.177923224698,-266437.71443948173,80.68394589940445,0.07486517157572835
2071,71775.0,299.1282285606504,1.0762724395109395,5408.060491187911,-266437.7146376287,80.7119281578185,0.07487664720077225
2072,71800.0,299.1325445369036,1.0762773601865252,5409.9428998192725,-266437.71474011097,80.73998294034408,0.07488403328509412
2073,71825.0,299.1324923931217,1.0762806014143362,5411.824955489562,-266437.71455118933,80.76806753825133,0.07488842783670852
2074,71850.0,299.1314691686752,1.0762823299598394,5413.706749408683,-266437.71428714856,80.79625563887546,0.07489070650602415
2075,71875.0,299.1321239733467,1.0762832149967887,5415.58828050065,-266437.71417389205,80.82451413150287,0.07489256759794483
2076,71900.0,299.128616093244,1.0762841421922644,5417.469581858458,-266437.7139002567,80.85263711202052,0.07489567790081855
2077,71925.0,299.12678842829695,1.0762861806223933,5419.35059419988,-266437.7137121029,80.88057125473209,0.07490158854667957
2078,71950.0,299.1260527434669,1.0762904749078082,5421.231363603183,-266437.7135842552,80.90827910181173,0.07491169953503293
2079,71975.0,299.1249629724364,1.0762976788461538,5423.111880227572,-266437.7134465144,80.9358250884615,0.0749269270833334
2080,72000.0,299.1240346109247,1.0763077912862407,5424.992160824292,-266437.7133739788,80.96304845218641,0.07494749287201673
2081,72025.0,299.1245719487677,1.0763202359910342,5426.872151123127,-266437.71350664424,80.9901656066282,0.07497263704771061
2082,72050.0,299.12332555176874,1.0763345567290767,5428.75182125861,-266437.7136641862,81.01705637045923,0.07500187373979844
2083,72075.0,299.1225503067823,1.0763501807421625,5430.631205144283,-266437.71391154826,81.04412735668582,0.07503423944337818
2084,72100.0,299.121902521823,1.0763661496402879,5432.510318584342,-266437.71416366904,81.07122041806551,0.07506750967226226
2085,72125.0,299.126622508949,1.0763816046660275,5434.389244867379,-266437.7147700942,81.09815485458608,0.0750995212527965
2086,72150.0,299.12774481887925,1.0763957311931,5436.267855592407,-266437.71530606126,81.12496642692857,0.07512821354416235
2087,72175.0,299.1287233373249,1.0764078679757345,5438.146346586216,-266437.71592632495,81.15185373738822,0.07515196487867185
2088,72200.0,299.1264986221483,1.0764176202329663,5440.024509614497,-266437.71647119825,81.17898365820965,0.0751699816499123
2089,72225.0,299.12137172185055,1.0764249295055823,5441.902423917712,-266437.7168959329,81.20629465311002,0.07518236204146737
2090,72250.0,299.11750124199,1.0764305297305916,5443.780113709718,-266437.717310298,81.23349467001431,0.07519091965566721
2091,72275.0,299.1152426381458,1.0764353011472279,5445.657469744114,-266437.7176595362,81.26054550031864,0.07519762651370307
2092,72300.0,299.1201217908908,1.076439915910177,5447.534507246705,-266437.71817267867,81.28756083835002,0.07520397292562517
2093,72325.0,299.1214973221909,1.0764450111429482,5449.411334864862,-266437.71834706294,81.31441017064625,0.0752113721744668
2094,72350.0,299.11977165250653,1.0764505963404936,5451.287892948141,-266437.7182229514,81.34131685998406,0.07521992776451876
2095,72375.0,299.1224183662537,1.076456288008906,5453.164190373738,-266437.7182331424,81.36840044433839,0.07522879770992372
2096,72400.0,299.1243150543639,1.0764619508822129,5455.04021713878,-266437.718223454,81.39557528930214,0.07523765522174541
2097,72425.0,299.125300089133,1.0764675088973628,5456.915841745641,-266437.7182634254,81.42299415506828,0.07524625357483324
2098,72450.0,299.12659648165845,1.076473117833889,5458.791121206298,-266437.7184671271,81.45049810973475,0.07525488026044154
2099,72475.0,299.1236912014291,1.0764789985714285,5460.666052436834,-266437.71861111105,81.47790579380948,0.07526410047619055
2100,72500.0,299.12432137188694,1.0764853702998571,5462.540681083779,-266437.71901772957,81.50523864921462,0.07527450817071242
2101,72525.0,299.1236924367275,1.0764926230574055,5464.415068150026,-266437.7194190057,81.53236650459874,0.07528697446875998
2102,72550.0,299.11681959074394,1.0765009253447453,5466.289228679991,-266437.7195672848,81.55931271358372,0.07530184688540187
2103,72575.0,299.11330587294105,1.076510127217997,5468.163071035815,-266437.7198490969,81.58618645801644,0.07531874081115343
2104,72600.0,299.11025288677814,1.0765199472684084,5470.036683683778,-266437.7199623911,81.61300396500391,0.07533700095011883
2105,72625.0,299.10968347182717,1.0765300851535295,5471.909913839991,-266437.7199370845,81.63981028774924,0.07535602437480221
2106,72650.0,299.11431438190226,1.0765400117070083,5473.782896962515,-266437.7199315772,81.66667279908239,0.07537475367821554
2107,72675.0,299.1170610374769,1.0765491797912712,5475.655640308358,-266437.719723474,81.69362795461728,0.07539198450347888
2108,72700.0,299.1166980082194,1.0765573508771928,5477.5281274608915,-266437.7193229413,81.72067957246716,0.07540719535324805
2109,72725.0,299.1175147382313,1.076564541706161,5479.400340365728,-266437.71904127166,81.7478150761453,0.07542049099526073
2110,72750.0,299.1219069764731,1.0765711083214904,5481.27226954888,-266437.71903619927,81.77496354239693,0.07543265750828998
2111,72775.0,299.1225847335865,1.0765774278724747,5483.143905253639,-266437.71898181026,81.80228624779036,0.0754443535353536
2112,72800.0,299.1288378504502,1.076583469316927,5485.015260504505,-266437.7193760845,81.82961199085025,0.07545529594573283
2113,72825.0,299.1298738631353,1.0765892847682117,5486.886398115272,-266437.7196911463,81.85684035036262,0.07546547745190799
2114,72850.0,299.1295733594963,1.0765950591016547,5488.75734502097,-266437.7201142632,81.88406268778562,0.07547526729708438
2115,72875.0,299.12558037287397,1.0766008371140516,5490.62800575883,-266437.7204434467,81.91133984310015,0.07548477930056718
2116,72900.0,299.12463225728294,1.0766066575342466,5492.498469708401,-266437.7209986616,81.93860438970236,0.07549425114155259
2117,72925.0,299.1200527810834,1.0766125761724896,5494.368776491195,-266437.7213369531,81.96594645829394,0.07550401416430602
2118,72950.0,299.1184237372981,1.076618407110272,5496.238883944164,-266437.72175849456,81.99324140144718,0.07551379801793306
2119,72975.0,299.11908843427733,1.076623679874214,5498.108794768405,-266437.7222189465,82.02042883207542,0.07552264292452839
2120,73000.0,299.11707894185196,1.076628122898004,5499.978507928501,-266437.72250707215,82.0476571986484,0.0755300568914035
2121,73025.0,299.1150519187879,1.0766315186930568,5501.847963402615,-266437.72271638387,82.07491349622993,0.075535745366007
2122,73050.0,299.1156157481557,1.0766339423771392,5503.717198723826,-266437.7229696577,82.10217987910185,0.07553985303815365
2123,73075.0,299.1134909227878,1.0766356322975517,5505.586218399098,-266437.7230020009,82.1296013462021,0.07554258317639682
2124,73100.0,299.11126224596137,1.0766369278431371,5507.455056670752,-266437.7230049019,82.15693767780388,0.07554435466666674
2125,73125.0,299.11078753433736,1.0766381059893382,5509.323636632181,-266437.7231106929,82.18442368501094,0.07554554562558805
2126,73150.0,299.1144558752552,1.076639267042783,5511.191979961456,-266437.7234416627,82.2119332480802,0.07554639617614803
2127,73175.0,299.1140343786033,1.0766405997807016,5513.060035578485,-266437.72361078474,82.23941533881575,0.07554740131578956
2128,73200.0,299.1120018864887,1.0766423032722716,5514.9277103295835,-266437.7237210349,82.26696189682164,0.07554896273680924
2129,73225.0,299.1094585358378,1.076644618309859,5516.795075986705,-266437.7237627151,82.29454758278557,0.07555139499217536
2130,73250.0,299.1091348499927,1.076647642577819,5518.6621662435555,-266437.7238190208,82.32216676411697,0.07555490427029572
2131,73275.0,299.10699637523504,1.0766515437773605,5520.528960277681,-266437.72367983893,82.34990262054407,0.07556000891181996
2132,73300.0,299.11006648726413,1.0766562401937798,5522.395490708556,-266437.7237019456,82.37765861103294,0.07556674792936405
2133,73325.0,299.1105956850989,1.076661142924086,5524.2618381321545,-266437.7235336614,82.40547509418928,0.07557401233989387
2134,73350.0,299.11540418719795,1.0766655032006243,5526.127926143022,-266437.72363875876,82.43345841733017,0.07558027119437948
2135,73375.0,299.1133635933213,1.076669028870162,5527.993715535745,-266437.72351942887,82.4614455884831,0.07558498158551819
2136,73400.0,299.109938857433,1.0766717927000464,5529.859199266581,-266437.7234392061,82.4894650910934,0.0755883252222743
2137,73425.0,299.1127328043347,1.0766742477393199,5531.724349773004,-266437.72377319145,82.51747044200182,0.07559115107577183
2138,73450.0,299.1115056998602,1.0766771337073395,5533.589304197764,-266437.72400946706,82.54526062848679,0.07559488842138078
2139,73475.0,299.1093543942372,1.0766810462616818,5535.4538724981385,-266437.724230919,82.57303611713391,0.07560072881619946
2140,73500.0,299.1082352308894,1.0766862427214694,5537.318143106967,-266437.7244570294,82.60073514074415,0.07560917842129854
2141,73525.0,299.1094183210399,1.0766926252723308,5539.182128057119,-266437.72470724396,82.62830026719571,0.07562013538748841
2142,73550.0,299.11560324685064,1.0767000273759524,5541.04584436896,-266437.7251079095,82.65588543334883,0.07563332306735114
2143,73575.0,299.12111271719573,1.0767080965485072,5542.909341215182,-266437.72540131374,82.68344467801612,0.07564784359452743
2144,73600.0,299.1218206708629,1.0767164895104893,5544.772583982758,-266437.7254759129,82.71095150909085,0.07566284739704747
2145,73625.0,299.1247678446727,1.0767252969866417,5546.635561287364,-266437.7257882883,82.73837319338298,0.07567870378999697
2146,73650.0,299.1237197992553,1.0767344258655487,5548.498217336136,-266437.7260712622,82.76587894457377,0.07569553469958089
2147,73675.0,299.1264722329303,1.0767438097454995,5550.3605733761715,-266437.7266643389,82.79327899146487,0.07571353615766613
2148,73700.0,299.12369705940796,1.076753393361253,5552.222664350559,-266437.72709205834,82.82066118752903,0.07573283977043595
2149,73725.0,299.12384984263616,1.0767628607751936,5554.084480675357,-266437.7277131783,82.84801528976739,0.07575300558139543
2150,73750.0,299.12290141624095,1.0767717889353787,5555.946048433139,-266437.7282852937,82.87541500898801,0.07577313916008066
2151,73775.0,299.1207195443003,1.0767796717781906,5557.807395126401,-266437.7287213445,82.90295810517343,0.07579189684014878
2152,73800.0,299.12436357547654,1.076785992568509,5559.668490159785,-266437.7293698715,82.93070780291062,0.07580761588481197
2153,73825.0,299.124462789694,1.0767904857629216,5561.529334503567,-266437.72972763854,82.95857465088204,0.07581897353760453
2154,73850.0,299.12515434818295,1.0767932510440834,5563.389917947262,-266437.72997873166,82.98640222088163,0.07582569945862344
2155,73875.0,299.1266452787574,1.0767946940321582,5565.250323432753,-266437.7300943105,83.01425352458251,0.0758285350958566
2156,73900.0,299.12665453129387,1.0767954603616132,5567.110465038951,-266437.72998280794,83.04218131957961,0.07582892551383102
2157,73925.0,299.1282275909797,1.0767960698177323,5568.9703655483545,-266437.72981831175,83.07005880769225,0.07582826212542486
2158,73950.0,299.1355166696006,1.0767968959394782,5570.8299329922875,-266437.7298324842,83.09799998811172,0.07582758020688599
2159,73975.0,299.14187559259307,1.0767983938271606,5572.689307346613,-266437.72980324074,83.12595855740736,0.07582796003086428
2160,74000.0,299.149915871819,1.07680056008021,5574.548384087158,-266437.72996201605,83.15401464877367,0.07582954774024381
2161,74025.0,299.1512955467165,1.0768028194572927,5576.407258978731,-266437.72994237585,83.18204034489665,0.07583126379895168
2162,74050.0,299.1514122974269,1.07680509955309,5578.265764877338,-266437.7300431499,83.21011617475723,0.07583298381877032
2163,74075.0,299.1500422356752,1.0768077101047446,5580.124047942707,-266437.73024491675,83.23817820178675,0.07583538693776966
2164,74100.0,299.1457542321791,1.0768109564280217,5581.982099304241,-266437.73046093143,83.26603612209385,0.07583925450346429
2165,74125.0,299.1439490026167,1.0768151358879656,5583.839865206225,-266437.7309027777,83.29368707648501,0.07584543305632512
2166,74150.0,299.14352019873917,1.0768209387786496,5585.697356805422,-266437.7314355483,83.32120867174275,0.07585565574527005
2167,74175.0,299.1381976545208,1.0768289752460025,5587.554586186969,-266437.7317131764,83.34864386100855,0.07587148631611325
2168,74200.0,299.13444500461094,1.0768392747810052,5589.411548244821,-266437.7319137082,83.37603368741351,0.07589325080682349
2169,74225.0,299.1328365125965,1.0768513176651306,5591.268591384339,-266437.7319844469,83.40337847788014,0.07591971167434723
2170,74250.0,299.1346182622452,1.076864282204821,5593.125841703216,-266437.7320071395,83.43082589160137,0.07594856533087678
2171,74275.0,299.1350320821061,1.076877580724371,5594.983169486041,-266437.73181879206,83.45800886402697,0.0759781247697975
2172,74300.0,299.14206148749855,1.0768907281791686,5596.8406163765985,-266437.73189906415,83.48516740604384,0.07600710737843235
2173,74325.0,299.1447904211903,1.076903009199632,5598.6982164058645,-266437.73184030957,83.51258199386687,0.07603369027905559
2174,74350.0,299.14319148352536,1.0769139699616859,5600.556017618857,-266437.73171455925,83.54017361701145,0.07605694957854414
2175,74375.0,299.1449890064343,1.0769235991115196,5602.413880184137,-266437.73194316775,83.56804342371319,0.07607707230392165
2176,74400.0,299.14210305604087,1.0769322531005971,5604.2718376803,-266437.73208065366,83.59607159608018,0.07609511713367027
2177,74425.0,299.13914010514276,1.0769401626874808,5606.129980196976,-266437.7322993188,83.62398954101617,0.07611164585246412
2178,74450.0,299.13931503686746,1.0769474658100044,5607.9881960035245,-266437.73270900245,83.65198819183107,0.07612672678598754
2179,74475.0,299.1379283625386,1.0769545761467887,5609.846543593584,-266437.73303230107,83.67990264938834,0.07614109021406737
2180,74500.0,299.13338353431186,1.0769618014672167,5611.7049581647625,-266437.7331260506,83.70766436160777,0.07615530398899596
2181,74525.0,299.1340721296979,1.0769688866483347,5613.563613271623,-266437.7333438358,83.73543923220282,0.076168586770547
2182,74550.0,299.132450787907,1.0769757567567566,5615.422438021384,-266437.7332178576,83.76312721102454,0.0761806975110705
2183,74575.0,299.1352761381262,1.076982334249084,5617.28134669384,-266437.73311107286,83.79086260256405,0.07619168208180718
2184,74600.0,299.1388867700996,1.0769884565980166,5619.140269356222,-266437.7329090388,83.81868500442405,0.07620151456903138
2185,74625.0,299.1413198078687,1.0769937296431837,5620.999226442977,-266437.73258806026,83.8466886268679,0.07620962366575186
2186,74650.0,299.1432312952298,1.0769978978814203,5622.858368431343,-266437.73224832333,83.87472914830052,0.07621556271909781
2187,74675.0,299.14713524543004,1.0770009608470443,5624.7175982692015,-266437.73210885125,83.90278554021933,0.0762193060633761
2188,74700.0,299.14525614116076,1.077003267702147,5626.577042022391,-266437.7318505405,83.93072008299066,0.07622152398355424
2189,74725.0,299.1392549362257,1.0770050290715372,5628.436664340188,-266437.73153063154,83.95876556362248,0.07622252359208534
2190,74750.0,299.1413580432075,1.077006548455804,5630.296409497344,-266437.7317054617,83.98667596987671,0.07622286779248451
2191,74775.0,299.14239168978145,1.0770083683090024,5632.156256592311,-266437.73189914075,84.01455919464715,0.07622371152676409
2192,74800.0,299.1413105917317,1.0770106084511324,5634.016239117957,-266437.7320308937,84.04244671606622,0.0762253868369054
2193,74825.0,299.1401248837744,1.0770134633849895,5635.87631325069,-266437.7321862655,84.07041016180487,0.07622835171680349
2194,74850.0,299.13883678511814,1.0770170344722856,5637.736505169179,-266437.7322845481,84.09837723629455,0.07623287319665915
2195,74875.0,299.1418254168189,1.0770211730418944,5639.596756973899,-266437.73249184113,84.1262536616575,0.07623867714025509
2196,74900.0,299.14193217827386,1.0770257030799577,5641.457087938711,-266437.7324666211,84.15408692444235,0.07624539508420583
2197,74925.0,299.1427439504099,1.077030576584774,5643.317465703525,-266437.73239877156,84.18191808674547,0.07625294540491365
2198,74950.0,299.140107018039,1.077035843262089,5645.177872905872,-266437.7321036077,84.20969135137177,0.07626145172047909
2199,74975.0,299.13783365500046,1.077041431818182,5647.038422222733,-266437.7318276515,84.237640500606,0.07627075606060614
2200,75000.0,299.13396096910543,1.0770471800696655,5648.899078683029,-266437.7314951537,84.26575464288953,0.07628045040133281
2201,75025.0,299.1337678555863,1.0770530158946414,5650.7597876070295,-266437.73133325763,84.29402624735083,0.07629026188313663
2202,75050.0,299.1317782666066,1.07705895763353,5652.62059010804,-266437.7310532985,84.32217126993487,0.07630017007111523
2203,75075.0,299.1323482401699,1.0770649795825773,5654.481575700551,-266437.7309153811,84.35034200756195,0.07631013082274661
2204,75100.0,299.13624528450543,1.0770710009070295,5656.342675055335,-266437.73094765685,84.37865430944817,0.0763200745275889
2205,75125.0,299.14055742203135,1.0770769268661229,5658.203979310372,-266437.7310129571,84.40710612904195,0.07632992097310375
2206,75150.0,299.14432860625334,1.0770824747017067,5660.065475127329,-266437.73110651714,84.43572635009812,0.07633906751246045
2207,75175.0,299.1448294051938,1.077087469504831,5661.927034139197,-266437.7311197917,84.46430917980068,0.07634707367149768
2208,75200.0,299.1399090756003,1.0770919993964088,5663.78868080052,-266437.7308642674,84.49304487641461,0.07635410321412413
2209,75225.0,299.13980350588287,1.0770961536953243,5665.6504057172015,-266437.73087292607,84.52182182428352,0.07636034645550537
2210,75250.0,299.1392448358214,1.0770999202472487,5667.512226434953,-266437.7308438866,84.55050667902906,0.07636575621890555
2211,75275.0,299.1398882441235,1.0771034166666664,5669.374142055311,-266437.7308384192,84.579300204792,0.07637054460518394
2212,75300.0,299.1432437324903,1.0771068040367524,5671.236207089779,-266437.73088473413,84.60807219987946,0.07637503464377175
2213,75325.0,299.1430970778385,1.077110490364348,5673.098302339964,-266437.7306581225,84.63669685380906,0.07638007949412837
2214,75350.0,299.1470640665167,1.0771148009029343,5674.960579304296,-266437.73061982694,84.66531098886378,0.07638637501881124
2215,75375.0,299.15431500421226,1.0771195953670276,5676.822998505121,-266437.73079779634,84.69391013673282,0.07639366185318903
2216,75400.0,299.1553534118182,1.0771243521274996,5678.685456241023,-266437.73076417076,84.72231962336488,0.07640084167794327
2217,75425.0,299.1569660882181,1.0771286086564473,5680.548009158557,-266437.7309043432,84.75058747249773,0.07640691208295772
2218,75450.0,299.15461031996443,1.0771319364578638,5682.410679284369,-266437.7310256121,84.77887581027487,0.07641103379900867
2219,75475.0,299.1456809552557,1.0771339333333332,5684.273429121327,-266437.73094500747,84.80741836966965,0.07641252237237248
2220,75500.0,299.1389740295667,1.0771346824253338,5686.1362857211525,-266437.731014558,84.83613606528588,0.07641169653309329
2221,75525.0,299.1390314266431,1.0771343243324332,5687.999308430099,-266437.7313137564,84.86503047449742,0.07640897659765987
2222,75550.0,299.13935914739886,1.0771331211575947,5689.862354696962,-266437.7314767956,84.89412139301243,0.0764050554805819
2223,75575.0,299.14433122856764,1.0771314189148682,5691.725472653932,-266437.731700577,84.9233990082434,0.07640066232014397
2224,75600.0,299.1444271550567,1.0771295623970039,5693.588782655886,-266437.73153089883,84.95269085842695,0.07639654831460684
2225,75625.0,299.1460063632829,1.0771280312967955,5695.452221940407,-266437.7313286163,84.98207704791852,0.07639383123689737
2226,75650.0,299.1481378667869,1.0771272195779076,5697.315877200725,-266437.73107974103,85.01150800928002,0.0763934924412514
2227,75675.0,299.14877003351336,1.0771271220825853,5699.179504434177,-266437.73077030963,85.04080065634348,0.07639534156193904
2228,75700.0,299.15136020397836,1.0771273895618365,5701.043230238827,-266437.73061537306,85.07008229953638,0.0763981516375057
2229,75725.0,299.14930435366267,1.0771276626307922,5702.907125189691,-266437.7302877428,85.09938071345289,0.07640067533632297
2230,75750.0,299.1509994707909,1.0771276461975199,5704.771108012855,-266437.7302031973,85.12866576004778,0.07640203436426127
2231,75775.0,299.15196448551427,1.0771272976403825,5706.635289397258,-266437.7301467293,85.15797758930702,0.07640226418757477
2232,75800.0,299.14821257874365,1.0771266497984777,5708.499625409917,-266437.72991304664,85.18735939453647,0.07640179280489635
2233,75825.0,299.1469819277833,1.0771255631154881,5710.364030634293,-266437.7298008056,85.21694447239628,0.0764005068636229
2234,75850.0,299.1496050671147,1.0771235545115587,5712.228587313801,-266437.7298331468,85.24669519806113,0.07639751513795685
2235,75875.0,299.1516695307102,1.0771201170244487,5714.0932812522415,-266437.7298095557,85.27670102176504,0.07639195855694703
2236,75900.0,299.1536756244977,1.0771148885412012,5715.958124952323,-266437.72973476374,85.3068749102965,0.07638351661451358
2237,75925.0,299.1513963894853,1.0771079341674115,5717.8231239687275,-266437.7294133526,85.33721579907653,0.07637256389633611
2238,75950.0,299.150085496502,1.077099291796933,5719.688263843387,-266437.72910153336,85.36754620440671,0.07635932678279005
2239,75975.0,299.15132017351254,1.0770891669642857,5721.553385893011,-266437.72885974695,85.39797268660712,0.07634392857142867
2240,76000.0,299.15747094868425,1.077078190093708,5723.418194810953,-266437.7288366428,85.42841514502452,0.0763270749665329
2241,76025.0,299.1622407811484,1.0770669818614331,5725.282641736401,-266437.72877174395,85.45873961626522,0.07630934151055616
2242,76050.0,299.1614693327395,1.0770558354881854,5727.146708396645,-266437.72848863126,85.48897337033732,0.0762910882746323
2243,76075.0,299.1661694783131,1.0770448247177657,5729.01045026783,-266437.7285632056,85.5190458940879,0.07627241859774223
2244,76100.0,299.16869887750613,1.0770340127691165,5730.874131233561,-266437.7286655531,85.54903106963619,0.07625348151447671
2245,76125.0,299.1676815330964,1.077023765360641,5732.737950372222,-266437.72873070644,85.57883426862567,0.07623490991392114
2246,76150.0,299.16336461385606,1.0770144367304555,5734.601847165855,-266437.7286891781,85.60841135736534,0.07621735840379776
2247,76175.0,299.1622161896506,1.0770059854685645,5736.465811872188,-266437.7287310943,85.637871090599,0.0762009280842231
2248,76200.0,299.1601754026981,1.0769983614939973,5738.329896806141,-266437.72855991544,85.66732265984878,0.0761856887505559
2249,76225.0,299.1646462040006,1.0769914671111112,5740.19414516919,-266437.72854629625,85.69680298740737,0.07617166237037047
2250,76250.0,299.1659597593668,1.0769853093439954,5742.058475706506,-266437.7281948763,85.72628223426621,0.07615899763068275
2251,76275.0,299.1651370189467,1.0769800999111903,5743.922954269247,-266437.7275754884,85.7556286736234,0.0761480669034933
2252,76300.0,299.16797612457526,1.076975770084332,5745.787534692416,-266437.72705374315,85.7849797064654,0.07613875321793175
2253,76325.0,299.1679908077498,1.076971902395741,5747.652229742685,-266437.72635222564,85.81442546465539,0.0761304874297546
2254,76350.0,299.17576369164874,1.076968040798226,5749.5170752563245,-266437.7261502217,85.84382544138946,0.07612261478196611
2255,76375.0,299.1802848843091,1.0769638943557918,5751.381996164603,-266437.7259807181,85.87314749645387,0.07611456427304975
2256,76400.0,299.18258823083795,1.0769591859400385,5753.247086731802,-266437.72590828536,85.90261181760444,0.07610574420321972
2257,76425.0,299.18402056775966,1.0769541510186005,5755.112331053887,-266437.7259697003,85.9321373340714,0.07609650280484215
2258,76450.0,299.1789277935671,1.0769491258669026,5756.977699525901,-266437.7258097241,85.96181805120254,0.07608732920171178
2259,76475.0,299.1768387007381,1.0769444131268433,5758.843238130388,-266437.7258573009,85.99151445958697,0.07607876651917415
2260,76500.0,299.176718345423,1.076940026831785,5760.708851807022,-266437.72597394226,86.02102378917877,0.07607098039215697
2261,76525.0,299.17730540421513,1.0769357316534038,5762.574612573391,-266437.7261181109,86.05052087282635,0.0760637210433246
2262,76550.0,299.1731755558999,1.0769311604065397,5764.44046726352,-266437.7259399397,86.08018899307699,0.0760566065694507
2263,76575.0,299.1725730017674,1.0769262499999996,5766.306439505011,-266437.72581713786,86.10984064193163,0.07604985674322744
2264,76600.0,299.1717790080948,1.0769212088300217,5768.172545005156,-266437.7255518764,86.1395964657836,0.07604398837380438
2265,76625.0,299.17285909767634,1.0769159872021181,5770.038743249638,-266437.72523628274,86.16936697440418,0.07603877625772297
2266,76650.0,299.17210598338534,1.0769105893250992,5771.905061054704,-266437.7246774372,86.19924020379351,0.07603373003970015
2267,76675.0,299.17680471311047,1.0769049820693708,5773.7714941458025,-266437.7243625074,86.22922423618455,0.07602820546737224
2268,76700.0,299.1808081004853,1.0768989355075655,5775.638017782877,-266437.7240570369,86.25927910107238,0.07602119670926998
2269,76725.0,299.1805195074895,1.0768922555066076,5777.504630045821,-266437.7236784141,86.28914701336265,0.07601198707782683
2270,76750.0,299.17664724247817,1.0768847641274033,5779.371356382069,-266437.7232817775,86.31901024189047,0.07600027242037292
2271,76775.0,299.1756740642611,1.0768765419600936,5781.238216088181,-266437.72308722127,86.34891042781686,0.07598657174295785
2272,76800.0,299.16929479058564,1.0768678464584247,5783.105255877993,-266437.7226362003,86.37897501334503,0.07597173632497445
2273,76825.0,299.17185742905355,1.0768586385224272,5784.972363653772,-266437.7226161683,86.40899437173846,0.07595603840515988
2274,76850.0,299.1747673062276,1.076848805421245,5786.839500714437,-266437.7225183151,86.43888008996333,0.07593960586080596
2275,76875.0,299.17247790333965,1.0768384961921498,5788.7067434502105,-266437.72212763625,86.4689005949033,0.07592279086116004
2276,76900.0,299.17190567896404,1.0768279777484993,5790.574092421027,-266437.7218425194,86.4990312630654,0.07590596603718353
2277,76925.0,299.1705372559267,1.0768171900790164,5792.441480161404,-266437.7215485075,86.52916117559259,0.0758889458589407
2278,76950.0,299.176632702209,1.0768058260933158,5794.308902232417,-266437.72162041103,86.55940517302908,0.07587125786163532
2279,76975.0,299.18091546388933,1.0767939707602339,5796.1764735353845,-266437.7216145834,86.58966106739763,0.07585298523391823
2280,77000.0,299.18212351381015,1.0767819520678066,5798.044110015641,-266437.7215174266,86.61990669837787,0.07583430717521565
2281,77025.0,299.1805015223493,1.0767703323108386,5799.911810246426,-266437.7213701432,86.65025310940692,0.07581563832895132
2282,77050.0,299.17693185822793,1.0767595593517303,5801.779734284426,-266437.7212275515,86.68049354037082,0.07579758125273774
2283,77075.0,299.17260768067763,1.0767495712200819,5803.647753360629,-266437.7210714026,86.71058196234672,0.07578031363105674
2284,77100.0,299.1691307845373,1.0767406418672503,5805.515912368786,-266437.7209153903,86.74063078161922,0.07576447804522257
2285,77125.0,299.1694793728497,1.0767330672207642,5807.384109667108,-266437.72086887585,86.77059291003205,0.07575077179935852
2286,77150.0,299.17019713831854,1.0767270364378372,5809.252453868973,-266437.72075408115,86.8004530960501,0.0757398140212798
2287,77175.0,299.17221595104945,1.0767223955419583,5811.120913903267,-266437.72067580867,86.83030768006991,0.07573176413170174
2288,77200.0,299.17345304528953,1.0767189847094802,5812.989460021702,-266437.7205794016,86.8600498909276,0.07572658031163546
2289,77225.0,299.17818954978213,1.0767167446870451,5814.8580984570635,-266437.7207150656,86.88964640305673,0.07572433114992731
2290,77250.0,299.1778261523357,1.0767155632183907,5816.726790374658,-266437.7206687401,86.91911406445509,0.07572490062563665
2291,77275.0,299.1710492946486,1.0767149714950552,5818.595610062685,-266437.7203997601,86.94851112798135,0.07572727646887736
2292,77300.0,299.1683542106416,1.0767145849687456,5820.464502416634,-266437.72038995504,86.9780790879488,0.0757306647768572
2293,77325.0,299.1633343609421,1.0767142319093288,5822.333468639644,-266437.7202984235,87.00759673365299,0.07573426068003497
2294,77350.0,299.15846954524375,1.0767137899782135,5824.202573643432,-266437.72014796664,87.037165842992,0.07573719404502552
2295,77375.0,299.1584846930899,1.0767132171893148,5826.071828404185,-266437.7201201365,87.06663013777583,0.07573885569105702
2296,77400.0,299.1602000754612,1.076712528515455,5827.941319339722,-266437.72011954006,87.09599123001014,0.07573903802060669
2297,77425.0,299.1619491544826,1.0767114199303744,5829.810978927477,-266437.7200872136,87.12530970597619,0.07573720612126497
2298,77450.0,299.1658111851534,1.0767099721618096,5831.680761551837,-266437.7201455344,87.1546310520516,0.07573372277801954
2299,77475.0,299.16831880739176,1.0767088076811595,5833.55060834551,-266437.7201177537,87.1839721543478,0.07573003608695662
2300,77500.0,299.1724777230195,1.0767084147472115,5835.420657004639,-266437.7202122266,87.21335774677674,0.07572731131392159
2301,77525.0,299.17502373284145,1.0767092127135824,5837.290806105853,-266437.72027494217,87.24266045467706,0.07572659383145101
2302,77550.0,299.1732161865687,1.076711295267043,5839.161077680709,-266437.7201521567,87.2719463796497,0.07572828079316843
2303,77575.0,299.1707108496822,1.0767145833333336,5841.031438453996,-266437.72005208343,87.30099727922452,0.07573239192708343
2304,77600.0,299.171739115691,1.076718742877802,5842.901905528854,-266437.72018257424,87.32980920939983,0.07573837657266821
2305,77625.0,299.17096992743615,1.0767231240242845,5844.772450494366,-266437.72028584866,87.35854755420638,0.0757449011274936
2306,77650.0,299.17327608611515,1.0767269859846844,5846.643162921836,-266437.7206147957,87.38734664022536,0.07575033463372356
2307,77675.0,299.1747574172448,1.0767300387059506,5848.5139808288595,-266437.72096151084,87.41623941897744,0.07575403018486436
2308,77700.0,299.1715947421688,1.076732545835138,5850.384964814064,-266437.72112747235,87.44513799913379,0.07575652302584103
2309,77725.0,299.16871526984175,1.0767345085137086,5852.256101155271,-266437.7212662339,87.4738836435786,0.07575784357864371
2310,77750.0,299.1682332638112,1.076736013702582,5854.127362228476,-266437.72147248674,87.50237336434441,0.07575820496177714
2311,77775.0,299.1701009658309,1.0767371608996543,5855.998681641729,-266437.7217596598,87.53072047505763,0.07575786043829309
2312,77800.0,299.16755483801745,1.0767380312725179,5857.870218068314,-266437.7217853798,87.55908177748951,0.07575704683672012
2313,77825.0,299.16578349308605,1.0767388269951026,5859.7418509870395,-266437.72178856964,87.58746830884468,0.07575624142898313
2314,77850.0,299.17169990612,1.0767397578113753,5861.613588440897,-266437.7220797337,87.61588974470838,0.07575588509719235
2315,77875.0,299.1730939044334,1.0767408087219346,5863.485435838951,-266437.7220603052,87.64443819645938,0.0757558960852045
2316,77900.0,299.1782117128476,1.076741746223565,5865.357159136532,-266437.72222072375,87.67308892677309,0.07575568781470306
2317,77925.0,299.17632253839565,1.0767423714408975,5867.228748895461,-266437.72203497996,87.70190510094905,0.07575477681909705
2318,77950.0,299.1742698893206,1.0767423330458534,5869.100165227402,-266437.72185388824,87.73092708811265,0.0757525042403336
2319,77975.0,299.1755102329028,1.0767412147988509,5870.971325682476,-266437.72187051014,87.75993872614939,0.07574826767241392
2320,78000.0,299.1767074473651,1.0767384101680313,5872.84226795175,-266437.7219544378,87.78914017937666,0.07574123323280209
2321,78025.0,299.1719977602647,1.0767336573356305,5874.713403435118,-266437.72188576666,87.81861963809929,0.07573126485788127
2322,78050.0,299.1702122044775,1.0767268725785626,5876.584641585885,-266437.7220548142,87.84828273410815,0.07571842488161873
2323,78075.0,299.1681107164377,1.0767183100975333,5878.455871573728,-266437.7221923408,87.8781495671256,0.07570311187607587
2324,78100.0,299.16653789978545,1.0767084001433695,5880.327189782944,-266437.72226254485,87.90827107641573,0.07568603283154135
2325,78125.0,299.17426893780504,1.0766975309544287,5882.198707409148,-266437.7226730439,87.93846808354826,0.07566798179994282
2326,78150.0,299.1750535512109,1.0766862016903027,5884.070327733567,-266437.72264897585,87.968820936542,0.07564970290789298
2327,78175.0,299.17524384307035,1.0766748994845368,5885.942033451035,-266437.72256228526,87.99923405254864,0.07563164103665534
2328,78200.0,299.17734067410953,1.0766636713897244,5887.81391299156,-266437.7224622514,88.0296009310147,0.07561365951051967
2329,78225.0,299.17868597711066,1.076652442489271,5889.6858704397755,-266437.7222728899,88.05980465722456,0.07559550958512173
2330,78250.0,299.17930230158777,1.0766410476190482,5891.557971244534,-266437.7220255971,88.08987800629197,0.0755768329758331
2331,78275.0,299.18021978802216,1.0766291866781024,5893.430134207551,-266437.72187232,88.12007730588904,0.07555705560320196
2332,78300.0,299.1807310178601,1.0766169111301622,5895.302314922421,-266437.72178614815,88.15041504657805,0.07553641577368209
2333,78325.0,299.18092959611585,1.0766044545844051,5897.1745728000615,-266437.7217714583,88.18068860725504,0.07551562639245943
2334,78350.0,299.18145711149225,1.076592147323341,5899.046912909354,-266437.72189061396,88.21081805424693,0.07549547980014287
2335,78375.0,299.17591962414434,1.0765804440639275,5900.919366639273,-266437.72180008574,88.24075794905818,0.07547662571347044
2336,78400.0,299.1727489701902,1.0765696702324925,5902.791897687067,-266437.7218745544,88.27056803180713,0.07545930052774225
2337,78425.0,299.1693561344459,1.0765597922725985,5904.664577822502,-266437.7219222271,88.30039524807525,0.07544310906757924
2338,78450.0,299.17111854139995,1.0765509226165035,5906.537340479839,-266437.72223261377,88.33011768590562,0.07542789154909517
2339,78475.0,299.170350398576,1.076543454273505,5908.410157158124,-266437.7223869303,88.35980767378913,0.07541411623931636
2340,78500.0,299.1697692538806,1.0765374898191664,5910.283042945469,-266437.7224788197,88.38954881261566,0.07540200085433588
2341,78525.0,299.16567630401414,1.0765330473953894,5912.156027152722,-266437.7222326005,88.41930032023909,0.0753919251352122
2342,78550.0,299.1693349241718,1.0765296298193208,5914.029177200459,-266437.72219554713,88.44900862171004,0.07538347417840388
2343,78575.0,299.17396926208806,1.0765265578782715,5915.902439714026,-266437.7221185297,88.4787234822241,0.07537579977246883
2344,78600.0,299.17619909068986,1.0765233775408678,5917.775756043358,-266437.72193496814,88.5082863431414,0.0753683366027009
2345,78625.0,299.1779499053713,1.076519787723786,5919.6491362559,-266437.7218581274,88.53784574538219,0.07536074850809901
2346,78650.0,299.1796778238891,1.0765155831558024,5921.522588333622,-266437.72196776036,88.56742865431045,0.07535269421957119
2347,78675.0,299.1772231432429,1.0765107035775134,5923.396115045291,-266437.7220418087,88.59701992461666,0.07534397913117559
2348,78700.0,299.17542169660896,1.0765051664538108,5925.269755416635,-266437.722306478,88.62683301348089,0.075334486022421
2349,78725.0,299.1724079642558,1.0764989958865254,5927.143515765677,-266437.72258865257,88.65669446553188,0.07532393503546111
2350,78750.0,299.16805911470345,1.0764923221324267,5929.017376127751,-266437.7227553879,88.68655829689492,0.07531236934637756
2351,78775.0,299.16900331165016,1.0764853861961459,5930.891380070582,-266437.72305484704,88.71654375042516,0.0753002233560092
2352,78800.0,299.1713554919965,1.0764783329083447,5932.765476148467,-266437.7232212425,88.74643027355148,0.07528779331350062
2353,78825.0,299.1726196073355,1.0764711270178429,5934.639705216374,-266437.72316624195,88.7762132939677,0.07527505437553113
2354,78850.0,299.1775007511682,1.0764637016277432,5936.513991392644,-266437.72320859885,88.80574507317762,0.07526177692852098
2355,78875.0,299.17904416228123,1.0764562212790048,5938.388282996467,-266437.7230475383,88.83525441426144,0.07524810243350323
2356,78900.0,299.17888063032154,1.0764488864375628,5940.262619631032,-266437.7228335809,88.86487646825059,0.07523422358930856
2357,78925.0,299.18008258043596,1.076441863726323,5942.137063274813,-266437.7227700029,88.89447339341247,0.07522042748091615
2358,78950.0,299.1814822383784,1.0764353211812927,5944.011549734355,-266437.72283895017,88.92398571612263,0.07520721407376019
2359,78975.0,299.18217672076327,1.0764293621468937,5945.886187110597,-266437.7230005297,88.95345374364405,0.07519511101694927
2360,79000.0,299.1758506353246,1.0764239915290141,5947.760993894541,-266437.72292372584,88.982631457998,0.07518433742764376
2361,79025.0,299.17322542337064,1.0764191697713812,5949.635942176408,-266437.7230410316,89.01161195935646,0.07517483601467694
2362,79050.0,299.17322628480804,1.0764150483848227,5951.510922058686,-266437.72325081116,89.04046245605866,0.07516671223021594
2363,79075.0,299.17449357007956,1.0764116675126916,5953.385980386355,-266437.72346481954,89.06911512027635,0.0751597669204739
2364,79100.0,299.17232194982444,1.0764090107117699,5955.261174032704,-266437.72344961244,89.09780121804086,0.07515377843551808
2365,79125.0,299.17184710566414,1.0764067664130752,5957.136465568334,-266437.7234960553,89.12660507974076,0.07514806973795446
2366,79150.0,299.1732592047605,1.0764045804816234,5959.011874856082,-266437.7235688636,89.15543972032107,0.07514195057034231
2367,79175.0,299.1691052108677,1.0764023467060821,5960.8873712783,-266437.7232940949,89.18432855686936,0.0751354062500001
2368,79200.0,299.17044938314393,1.076399887716337,5962.762919134942,-266437.7232174265,89.2132567188687,0.0751285244125511
2369,79225.0,299.1684031599162,1.076397118284108,5964.638590952045,-266437.7228902954,89.24216289142052,0.07512156315049236
2370,79250.0,299.170753991003,1.0763940570785895,5966.514331425284,-266437.72270402784,89.27111810501897,0.07511463067622673
2371,79275.0,299.17396613912365,1.0763906179033176,5968.390073817882,-266437.7224959598,89.29997470193928,0.075107233979764
2372,79300.0,299.17323953575,1.0763867127405546,5970.26594504594,-266437.72209053236,89.3289154655148,0.07509889197921066
2373,79325.0,299.17591656543163,1.076382159365348,5972.141873217501,-266437.7219004493,89.35793457357481,0.07508914223532724
2374,79350.0,299.1771317427374,1.076376880140352,5974.017848099656,-266437.7217061403,89.38704764322804,0.07507784042105273
2375,79375.0,299.17616746969753,1.0763712518237945,5975.893974792794,-266437.7214856902,89.41610734750277,0.07506571703142545
2376,79400.0,299.1747308516343,1.076366055952883,5977.770173367836,-266437.7213399242,89.44528946809702,0.07505419885009124
2377,79425.0,299.1713757422209,1.076362018222597,5979.646472390389,-266437.7211811396,89.47446126787213,0.07504469554247276
2378,79450.0,299.1641533131573,1.0763596749334465,5981.522891840975,-266437.72085172334,89.50335757306989,0.07503831049460566
2379,79475.0,299.157291058684,1.0763593969187686,5983.399415793983,-266437.72048319323,89.53208743991594,0.07503589341736704
2380,79500.0,299.15845213943777,1.0763613606327884,5985.275978604793,-266437.7203818423,89.56058770488588,0.0750380300993981
2381,79525.0,299.165790303527,1.0763649680940397,5987.152670934934,-266437.7204380072,89.58898982535682,0.07504376126504347
2382,79550.0,299.1661052938878,1.0763692640928813,5989.029453146739,-266437.7201007133,89.61747519848927,0.0750512833962793
2383,79575.0,299.1714578241057,1.0763734282718134,5990.906396587813,-266437.72008703847,89.64604327908275,0.07505902782438488
2384,79600.0,299.1740399217336,1.0763768845562556,5992.783507904268,-266437.72014325636,89.6748668415094,0.07506579175401827
2385,79625.0,299.17101852179434,1.0763791489242815,5994.660769940491,-266437.72020379285,89.70372145124333,0.075070408354289
2386,79650.0,299.1713740310018,1.0763801495601184,5996.538171695718,-266437.72065703105,89.73264306661078,0.07507264571987163
2387,79675.0,299.1674011709944,1.0763800556951437,5998.4157171368,-266437.7210488204,89.7617146342825,0.07507274162479072
2388,79700.0,299.1625199771179,1.0763790252546406,6000.293403318967,-266437.72141848045,89.79097096846657,0.0750711142737548
2389,79725.0,299.1618695262209,1.0763773595536972,6002.171231782292,-266437.72190115054,89.82019629414224,0.07506874435146454
2390,79750.0,299.163289453925,1.0763751150146394,6004.049245333616,-266437.7222091523,89.84939919503692,0.07506620158929328
2391,79775.0,299.16970179640526,1.0763721507803803,6005.927432629743,-266437.722464639,89.8785979272575,0.07506363782051292
2392,79800.0,299.1748503992205,1.0763682393090972,6007.805686011984,-266437.7223977921,89.90778354993729,0.07506101824766691
2393,79825.0,299.1785732703988,1.0763631751601237,6009.684076683938,-266437.72203512245,89.93723724477859,0.07505819005847963
2394,79850.0,299.1838861883095,1.0763568643006274,6011.562202317333,-266437.721677105,89.96691180626303,0.07505446527487832
2395,79875.0,299.18128406260485,1.076349638007792,6013.440056944496,-266437.72103244986,89.9967221074012,0.07504982415136348
2396,79900.0,299.17894156376076,1.0763417936309287,6015.3176430091835,-266437.72054477816,90.02662163565566,0.07504444639132259
2397,79925.0,299.17679183472393,1.0763332917709214,6017.195057066867,-266437.720192174,90.05646833430635,0.07503771823742017
2398,79950.0,299.1715461671535,1.0763239741558994,6019.072244696963,-266437.7197399958,90.08637561414476,0.0750288502153676
2399,79975.0,299.16995466597274,1.0763140572222232,6020.949563795422,-266437.71947482636,90.11634158458331,0.07501768319444455
2400,80000.0,299.1676653609612,1.0763041643759554,6022.826993095383,-266437.7191274468,90.14627541635427,0.07500477523254209
2401,80025.0,299.17094307854614,1.0762949611434924,6024.704564425623,-266437.7189841798,90.17601348834302,0.07499109714127125
2402,80050.0,299.1747090095718,1.0762871083368022,6026.582240710506,-266437.71873699536,90.20536999986126,0.0749780428630879
2403,80075.0,299.17515734830886,1.0762813011647263,6028.4599623530285,-266437.71825603157,90.23444158305598,0.0749672591514144
2404,80100.0,299.1755944056831,1.0762777099099108,6030.337847996401,-266437.71775814274,90.26329355800412,0.07495974275814286
2405,80125.0,299.1767108938769,1.0762760764754788,6032.215863802306,-266437.7173126212,90.291932757412,0.0749556012745914
2406,80150.0,299.17609408932327,1.0762761106494954,6034.094042193746,-266437.7169020911,90.32034703863728,0.07495459257720548
2407,80175.0,299.1719345692142,1.0762773949335556,6035.972305571572,-266437.71643133997,90.34880788233663,0.07495614174972326
2408,80200.0,299.1727795893183,1.0762793675107245,6037.850665337075,-266437.7163242009,90.37732291199666,0.07495918181818192
2409,80225.0,299.17438373222734,1.0762813459197795,6039.7291751782905,-266437.7163035961,90.40577137136927,0.074962239834025
2410,80250.0,299.1746464097889,1.076282615927002,6041.607708023924,-266437.71629596985,90.43433047850128,0.07496381459975124
2411,80275.0,299.1736921047545,1.076282442095081,6043.486296139724,-266437.7162753938,90.46318801920948,0.07496266210613609
2412,80300.0,299.16853622157805,1.0762806235667917,6045.365020233326,-266437.7160605746,90.49214666860061,0.0749585412349773
2413,80325.0,299.16574741259365,1.0762771496824088,6047.2439400984595,-266437.71589771466,90.52129752305991,0.07495149254349637
2414,80350.0,299.1667283896485,1.0762721828847488,6049.123006080889,-266437.7158298826,90.55073325479638,0.0749417933747413
2415,80375.0,299.16670269495074,1.076266001931568,6051.002110678124,-266437.7155551531,90.580235548979,0.0749298446467992
2416,80400.0,299.1683515902638,1.0762592476899744,6052.881230482147,-266437.7151901462,90.60986878140943,0.07491679671769422
2417,80425.0,299.1718272023715,1.0762525317066451,6054.760372485669,-266437.71475220565,90.63942861483316,0.07490372442790194
2418,80450.0,299.170503453907,1.0762461099627951,6056.639582031286,-266437.7140002756,90.66914416687334,0.0748910976987737
2419,80475.0,299.1733092771354,1.0762400745179068,6058.518836368601,-266437.71343405644,90.69886198112945,0.07487913374655658
2420,80500.0,299.174516269586,1.0762346254991055,6060.3982157744795,-266437.71280806826,90.728566845243,0.07486814332920291
2421,80525.0,299.1792071445091,1.076229679603634,6062.277681480326,-266437.712475055,90.7582821235893,0.07485798995320682
2422,80550.0,299.17879876503,1.0762251188609169,6064.15722672858,-266437.7120950268,90.78803124088594,0.07484839180079801
2423,80575.0,299.17509309268473,1.0762210460671073,6066.036777875557,-266437.71183993394,90.81776947964795,0.0748393642739275
2424,80600.0,299.17165561951936,1.0762175070790383,6067.916351382962,-266437.71178264596,90.84736024192438,0.07483088082474237
2425,80625.0,299.16974525776357,1.076214777273977,6069.796029610889,-266437.7119143308,90.87682793047539,0.0748235153888432
2426,80650.0,299.1642784752099,1.076213052465321,6071.675789017724,-266437.7118656434,90.90619466735336,0.07481790193654728
2427,80675.0,299.1604424682871,1.0762124498901708,6073.555634184932,-266437.71187705925,90.93545838454145,0.07481450370675463
2428,80700.0,299.1560348983125,1.0762127831755186,6075.435587855777,-266437.71175552346,90.96436606257717,0.07481313448607117
2429,80725.0,299.15425378395105,1.0762135423868318,6077.315561983408,-266437.7116555212,90.99307798093277,0.0748128854595337
2430,80750.0,299.1522399997262,1.076214092417387,6079.195630895385,-266437.71142705326,91.02175988591799,0.0748125545043193
2431,80775.0,299.15362394682063,1.0762139007675444,6081.075746682435,-266437.7112287554,91.0504726189693,0.07481123999451764
2432,80800.0,299.1542317775042,1.0762130293190855,6082.955930185511,-266437.7109107411,91.07926104178654,0.07480903753938906
2433,80825.0,299.1551612870451,1.0762117336346213,6084.836120939612,-266437.7105887085,91.1079266299644,0.0748062470556013
2434,80850.0,299.1553775842578,1.0762103659137583,6086.716430690766,-266437.7102498288,91.13654145954825,0.07480345284052028
2435,80875.0,299.15321331130315,1.0762088749315826,6088.596858272721,-266437.70986418985,91.16520742501369,0.07480050547345385
2436,80900.0,299.1511093448233,1.0762067402544118,6090.477359948167,-266437.7095686294,91.19394929736015,0.07479637710299558
2437,80925.0,299.151979862456,1.0762033007930003,6092.357963834844,-266437.70949548803,91.22265014027892,0.07478991864916608
2438,80950.0,299.1484459790902,1.0761982890528912,6094.2387156541,-266437.7093156348,91.2514783069564,0.07478082643159775
2439,80975.0,299.1440635292354,1.076191733469946,6096.119541533203,-266437.70914446714,91.2803763,0.0747692300546449
2440,81000.0,299.1423694416227,1.0761836628430976,6098.000461180533,-266437.709088659,91.30952487860168,0.0747553490372799
2441,81025.0,299.14140560933697,1.076174563609064,6099.881410581224,-266437.70893905265,91.33887426794978,0.07474003931203942
2442,81050.0,299.1384493956887,1.0761653512075322,6101.762489683183,-266437.7084783053,91.36833052121709,0.07472464497202902
2443,81075.0,299.1388005941084,1.0761565399618116,6103.6435826503075,-266437.7079795758,91.39782852100382,0.07470990220949274
2444,81100.0,299.1441299216091,1.0761483607361966,6105.524837853177,-266437.70758776413,91.42730020954329,0.07469610565780514
2445,81125.0,299.14573843799434,1.0761411103843013,6107.406173393983,-266437.7069279776,91.45680897601527,0.07468368492777333
2446,81150.0,299.1474637358674,1.0761351969758892,6109.2875953716175,-266437.7062346751,91.48616209576353,0.07467338850292886
2447,81175.0,299.1524582169121,1.0761307335239656,6111.169089945813,-266437.70574193215,91.51543105923203,0.07466563698257091
2448,81200.0,299.15613240819414,1.0761277567714718,6113.050747599298,-266437.70530913974,91.5446130449163,0.07466045202123325
2449,81225.0,299.1539855163269,1.076126371156463,6114.932548698782,-266437.704757653,91.57374702108845,0.07465792734693888
2450,81250.0,299.1520272793421,1.0761267403780774,6116.814540850135,-266437.7044063647,91.60278202080785,0.07465839330885363
2451,81275.0,299.1492837899678,1.076128871669386,6118.69658997105,-266437.704165817,91.63161462221316,0.0746617720228386
2452,81300.0,299.1463978446804,1.0761327366490017,6120.57866089578,-266437.7039934094,91.66029606250851,0.07466811618426426
2453,81325.0,299.14885424626505,1.0761382564520514,6122.460783575529,-266437.7041395001,91.68851751059495,0.07467762428687867
2454,81350.0,299.1480406640873,1.076145088391039,6124.342973193896,-266437.7041539375,91.71648276266124,0.07468997922606935
2455,81375.0,299.1467340042078,1.0761526707383284,6126.2252618467755,-266437.70418532845,91.74446445426167,0.07470409378393061
2456,81400.0,299.14537970506075,1.0761602827296166,6128.107712488678,-266437.7042718084,91.77253071130104,0.07471836575769919
2457,81425.0,299.144513344047,1.076167644561975,6129.99026353757,-266437.70439212094,91.80067978953079,0.07473219609438578
2458,81450.0,299.1420324575035,1.076174576928291,6131.872918628852,-266437.70443184895,91.82886474501831,0.07474523776602965
2459,81475.0,299.1429149246617,1.0761806678861794,6133.755674141876,-266437.704556233,91.85706878468837,0.07475667032520335
2460,81500.0,299.1431223885958,1.0761859471759452,6135.6384597950755,-266437.7045746986,91.88538119707438,0.07476662454286885
2461,81525.0,299.1446393449774,1.0761902724072574,6137.521171133908,-266437.7046016111,91.91386732087736,0.07477475223395623
2462,81550.0,299.14454936730317,1.0761935628637167,6139.403975488705,-266437.7045143118,91.94233232913793,0.07478093598592511
2463,81575.0,299.1425511896649,1.076195947510823,6141.286864763263,-266437.704300257,91.97087991341992,0.07478542397186155
2464,81600.0,299.14431431967586,1.0761976662609876,6143.169881316571,-266437.7042300541,91.99959764570657,0.074788705341447
2465,81625.0,299.14835422060054,1.076198879291701,6145.052997045288,-266437.7042739592,92.02834991308463,0.07479111814003793
2466,81650.0,299.14850848763723,1.0761996401837595,6146.936189394142,-266437.7041235982,92.057118775706,0.07479282542899617
2467,81675.0,299.1457031445169,1.0761999161264184,6148.819506694091,-266437.7038467383,92.085737341302,0.07479389478660191
2468,81700.0,299.14563643728945,1.0761995274740113,6150.702939518164,-266437.703713548,92.11435119684084,0.074793917780478
2469,81725.0,299.1463108093122,1.0761986148448046,6152.586455129155,-266437.7036816802,92.14283569244266,0.0747929063427801
2470,81750.0,299.14965774423354,1.07619741170916,6154.4700556646485,-266437.70381846087,92.17138044435451,0.07479131174962911
2471,81775.0,299.1470719902917,1.0761962479773466,6156.353751645636,-266437.7037275823,92.20001948718988,0.07478982200647256
2472,81800.0,299.1478134468262,1.0761950045828284,6158.23759176035,-266437.7039358404,92.22854072031272,0.07478827591319592
2473,81825.0,299.1480137095127,1.076193929399084,6160.121451372546,-266437.70422813937,92.25701311438966,0.07478709458367025
2474,81850.0,299.14481389117896,1.076193286599327,6162.005083592733,-266437.70440235693,92.28539662060606,0.07478684808080815
2475,81875.0,299.1446716270872,1.076193156300485,6163.888409418826,-266437.70471947367,92.3136354470921,0.07478764041464736
2476,81900.0,299.13912800282645,1.0761933840667477,6165.771413635182,-266437.70470831654,92.34179494374916,0.07478907832054912
2477,81925.0,299.13754620904,1.076193674334141,6167.65410074133,-266437.7047938526,92.36996747188593,0.0747906611514663
2478,81950.0,299.1351347583708,1.0761938039532075,6169.536731107845,-266437.70466922154,92.39830164542155,0.07479209815785942
2479,81975.0,299.13775775026926,1.0761936291666672,6171.419384592345,-266437.7046118952,92.42674339704303,0.07479310564516137
2480,82000.0,299.1389395945188,1.076193275157867,6173.302084257025,-266437.70431949483,92.45516409243585,0.07479406932688439
2481,82025.0,299.1388602073601,1.0761928635509004,6175.1848780464725,-266437.70386784856,92.48351630580179,0.07479530257856574
2482,82050.0,299.1405131648548,1.076192086320312,6177.067752410396,-266437.70347949397,92.51170698442746,0.07479610672573507
2483,82075.0,299.13980070464345,1.0761904601449281,6178.950657784359,-266437.7030201624,92.54006740297908,0.07479536003757388
2484,82100.0,299.1391854945678,1.076187853252851,6180.8337211990665,-266437.70264922874,92.56854995063718,0.07479264641180423
2485,82125.0,299.14280741727043,1.0761843037007246,6182.716911423846,-266437.70260542375,92.59691308876376,0.0747881378385627
2486,82150.0,299.1411592405848,1.0761798858061926,6184.600130629948,-266437.702440189,92.62534811017292,0.07478184599919589
2487,82175.0,299.1391365606917,1.0761743788853166,6186.483395695477,-266437.70238394296,92.65374010423368,0.0747734583333334
2488,82200.0,299.1352256471144,1.0761677316191247,6188.366688367221,-266437.70228589134,92.68216509629036,0.07476333882415971
2489,82225.0,299.13534591325345,1.0761600832663996,6190.250047289832,-266437.702371988,92.7106367091031,0.07475211044176715
2490,82250.0,299.13195384142955,1.0761516120701196,6192.133381886932,-266437.70222383924,92.73914418827782,0.07474030804228564
2491,82275.0,299.1276832883899,1.076142133627609,6194.016787742515,-266437.7018918874,92.76764652367578,0.07472807865168547
2492,82300.0,299.12922574889734,1.0761315467308468,6195.900284081434,-266437.70172733656,92.79618381321035,0.0747157440834337
2493,82325.0,299.12983545709744,1.0761198155573382,6197.783916532484,-266437.70143761695,92.82497736140073,0.0747040299385192
2494,82350.0,299.12946811823684,1.0761066840347366,6199.6676223044815,-266437.70099782903,92.85397053092855,0.07469370207080837
2495,82375.0,299.1320041668006,1.0760919819711543,6201.551447902783,-266437.70062516694,92.88304110937503,0.0746847297008548
2496,82400.0,299.13671784327903,1.076075616072621,6203.435378120951,-266437.7003320652,92.91247504285145,0.07467638005606736
2497,82425.0,299.1384715409665,1.0760577464638383,6205.319377090612,-266437.699934948,92.94227805537767,0.0746674395516414
2498,82450.0,299.1380255615584,1.0760388636788054,6207.203398942516,-266437.69957566366,92.97206815913034,0.07465686688008545
2499,82475.0,299.13521697173377,1.0760197752000005,6209.087486476006,-266437.6992333334,93.00174703773337,0.07464450053333342
2500,82500.0,299.13142227855565,1.0760011552712254,6210.971643283627,-266437.6989579169,93.03151991590035,0.07463048274023734
2501,82525.0,299.1271714926729,1.075983670530243,6212.855857484286,-266437.6986868839,93.06114947695181,0.07461502837729826
2502,82550.0,299.1255901210551,1.0759683860700497,6214.740092168072,-266437.6984909776,93.09059508296716,0.07459920442136114
2503,82575.0,299.12067753048495,1.0759561198083072,6216.6243811290005,-266437.698024827,93.11981412792869,0.07458447058040478
2504,82600.0,299.12016444870295,1.0759467477045912,6218.508757729747,-266437.6977045909,93.14863407052566,0.07457151976047914
2505,82625.0,299.121530317638,1.0759400951050815,6220.393231129562,-266437.69740955054,93.17717678172392,0.07456083359936164
2506,82650.0,299.1257810239333,1.0759359042680499,6222.277688743658,-266437.6972934119,93.20541509692865,0.07455269365775838
2507,82675.0,299.12314934728903,1.075933575225944,6224.16225159796,-266437.69687416946,93.23337655688468,0.07454676541733131
2508,82700.0,299.12413619038165,1.075933016075462,6226.046966729381,-266437.6967209713,93.26118091762991,0.07454347801248848
2509,82725.0,299.12139020464843,1.0759341407702527,6227.9317605718525,-266437.6964599935,93.28885232908371,0.07454319774236397
2510,82750.0,299.1213542616491,1.075936376742334,6229.816616907879,-266437.6964066442,93.31646010195145,0.07454518757467155
2511,82775.0,299.12265708028167,1.075939067807856,6231.701550490319,-266437.6964777403,93.34417965286627,0.07454825862526548
2512,82800.0,299.1186296775438,1.075941925984879,6233.586552638154,-266437.6963290888,93.37192722841229,0.07455177317946687
2513,82825.0,299.1197910575448,1.0759449492177144,6235.471700628222,-266437.6964498808,93.39971189101038,0.07455565672235491
2514,82850.0,299.1198663586485,1.0759479774685226,6237.357024834599,-266437.69647945673,93.427447158118,0.07455961630218698
2515,82875.0,299.12077074311117,1.0759506656067837,6239.24238380088,-266437.69651728944,93.45528155471652,0.07456305140434563
2516,82900.0,299.1212810455573,1.0759528982916173,6241.127746894589,-266437.6964888757,93.48320419798706,0.07456582598331357
2517,82925.0,299.1200637774693,1.0759547241196719,6243.0131637082395,-266437.69632396754,93.51111220598361,0.07456823523960826
2518,82950.0,299.11875825486345,1.0759558978430597,6244.898714301845,-266437.696068215,93.53902961042745,0.07456986052666413
2519,82975.0,299.12011511891575,1.0759558970899474,6246.784321676196,-266437.6958498678,93.56702095145506,0.07456962301587312
2520,83000.0,299.12042733161485,1.0759543253999737,6248.670036331488,-266437.6955573187,93.59527192291422,0.07456670897791894
2521,83025.0,299.120651933651,1.0759509614062914,6250.555946386472,-266437.69525261055,93.62364769362942,0.07456080266983887
2522,83050.0,299.1234625256974,1.0759457395957195,6252.441998119837,-266437.695063747,93.6520915127494,0.07455210146650824
2523,83075.0,299.1240861743269,1.0759388996302168,6254.328164928955,-266437.6947801111,93.68063178420499,0.07454097081352362
2524,83100.0,299.12487534759117,1.0759311423102313,6256.214376408455,-266437.69453795394,93.70924942957099,0.07452834640264037
2525,83125.0,299.1230394725526,1.0759231273423069,6258.100776360259,-266437.6942382556,93.737815000132,0.07451500065980482
2526,83150.0,299.12187685819856,1.075915336367234,6259.987256383729,-266437.69404597033,93.76624772061737,0.07450151457591359
2527,83175.0,299.126505272416,1.075908009229958,6261.873809134237,-266437.6942329247,93.79461917998421,0.074488241429325
2528,83200.0,299.1268196820882,1.0759015455384213,6263.760460552003,-266437.6942961646,93.82294760142352,0.07447592487149082
2529,83225.0,299.12099888063284,1.0758962565217394,6265.647109839927,-266437.6941411398,93.85117476403165,0.07446529683794477
2530,83250.0,299.11968766561347,1.0758923358356385,6267.533889947853,-266437.69423729106,93.87931686869487,0.07445697813775858
2531,83275.0,299.1189915086892,1.0758900914955243,6269.420708990527,-266437.6942716563,93.90728045510798,0.07445177856766731
2532,83300.0,299.1161139451247,1.0758895828398478,6271.307599868015,-266437.6940921504,93.93499989774972,0.07445005908672206
2533,83325.0,299.1196516010264,1.0758903121546965,6273.194604687062,-266437.694105992,93.96270101604843,0.07445099934227847
2534,83350.0,299.1238175412232,1.0758919005917162,6275.081743928606,-266437.6940951678,93.99031803984222,0.0744536871794873
2535,83375.0,299.1238971181654,1.0758938807833862,6276.969024449795,-266437.69385843864,94.01785129455838,0.07445710962145123
2536,83400.0,299.12684745880995,1.0758958800420448,6278.856362030357,-266437.6938025557,94.0453416384181,0.07446040901327039
2537,83425.0,299.12851950144506,1.0758973661675866,6280.7438127431105,-266437.6937590296,94.07278076188602,0.07446246703441041
2538,83450.0,299.1271274887755,1.0758976887225946,6282.631425002106,-266437.69363758713,94.10035069673101,0.07446201759222802
2539,83475.0,299.12777609015785,1.0758966681102367,6284.5190971462,-266437.6936884844,94.12810595209976,0.07445892782152241
2540,83500.0,299.1298692033324,1.0758946578774766,6286.406865065727,-266437.6938828219,94.1558922239276,0.0744539508067691
2541,83525.0,299.1280740052456,1.0758920301599797,6288.294720308817,-266437.6939008001,94.18371708510361,0.0744478046157882
2542,83550.0,299.1259323761965,1.0758892405295588,6290.182542653957,-266437.6939105717,94.21154487980077,0.07444122624197154
2543,83575.0,299.12817730935575,1.0758864730083864,6292.070404180036,-266437.69407183584,94.23940852803985,0.07443449620020975
2544,83600.0,299.1290404036677,1.0758833174852658,6293.958367949186,-266437.69408153254,94.26740423706615,0.07442694001309769
2545,83625.0,299.1335057833207,1.0758792009688405,6295.846381166279,-266437.69418123213,94.29542694003668,0.0744176149515581
2546,83650.0,299.13661422549444,1.0758739702918472,6297.734545630027,-266437.6941663396,94.32356985302972,0.07440634602800691
2547,83675.0,299.1332003422296,1.075867538461539,6299.622766247911,-266437.6937671705,94.35188400824178,0.07439316457352182
2548,83700.0,299.1354112695179,1.0758601176932137,6301.51111691762,-266437.69358081615,94.38050648711915,0.07437854688112996
2549,83725.0,299.13531218039253,1.07585189882353,6303.399571741573,-266437.69321078446,94.40917667464053,0.07436287843137265
2550,83750.0,299.13640285365256,1.07584332327192,6305.288138724165,-266437.69289412664,94.43788365529859,0.07434686698026928
2551,83775.0,299.1358073687308,1.0758346486415888,6307.176742621869,-266437.69247975457,94.46659495990075,0.07433098680773259
2552,83800.0,299.1358787863955,1.0758262719676204,6309.065456385695,-266437.6920942683,94.49520453779868,0.07431585533359455
2553,83825.0,299.13634887914424,1.0758186271208567,6310.9542713646615,-266437.69169276964,94.52387573309842,0.07430204293918047
2554,83850.0,299.13760471546027,1.075811974168298,6312.843150785524,-266437.6912915852,94.55257474520549,0.07428986849315078
2555,83875.0,299.1352234147109,1.075806394627022,6314.732026381852,-266437.69069509656,94.58137743231613,0.07427938914971319
2556,83900.0,299.1339841630821,1.0758017369313002,6316.620641524448,-266437.6901683289,94.61005740750882,0.07427044414026865
2557,83925.0,299.13560586291413,1.0757977898097477,6318.508998004957,-266437.68984965474,94.6386121372166,0.0742627600990358
2558,83950.0,299.13591623876556,1.0757944041943472,6320.3970737912,-266437.6895230885,94.66716040224048,0.07425604480917035
2559,83975.0,299.1360969148442,1.075791509895834,6322.284913459511,-266437.6892618816,94.69581011132816,0.07425009739583344
2560,84000.0,299.1392131761035,1.0757888823376291,6324.1727957990415,-266437.68922051945,94.72449074528183,0.07424446804633617
2561,84025.0,299.1398552711428,1.075786158079626,6326.060771358709,-266437.6891019387,94.75328924460061,0.07423853174603184
2562,84050.0,299.13984491052196,1.0757833018598004,6327.948853786063,-266437.689024093,94.78220484861494,0.07423241878007553
2563,84075.0,299.13989298986,1.0757805572022887,6329.837057687862,-266437.688958496,94.81115757098287,0.07422681240249619
2564,84100.0,299.1352340111765,1.0757784466536717,6331.7252976156,-266437.68866552965,94.8400537069526,0.07422281247563361
2565,84125.0,299.13281059521995,1.0757773578851655,6333.613660335936,-266437.68843774364,94.86896826669269,0.07422108521693956
2566,84150.0,299.1338138837817,1.0757773674847428,6335.502124112328,-266437.6882750618,94.89777167121157,0.07422150720685634
2567,84175.0,299.136947010774,1.0757783777258572,6337.390616018437,-266437.6881206193,94.92664365874873,0.07422373143821401
2568,84200.0,299.1408229618533,1.075780319190347,6339.279324700147,-266437.68795007793,94.95543123705725,0.07422758764759319
2569,84225.0,299.1421213443584,1.0757831639429318,6341.168196829965,-266437.68772292486,94.98402017016865,0.07423306874189374
2570,84250.0,299.1403303969925,1.0757868389731626,6343.057201064182,-266437.68749594846,95.01247580111503,0.07424008751458586
2571,84275.0,299.14194719193927,1.0757911329704515,6344.946301134141,-266437.6876255509,95.04081715694664,0.07424825285121833
2572,84300.0,299.13777724394396,1.0757956254696208,6346.835509735462,-266437.6876295505,95.0690328876798,0.07425670553180472
2573,84325.0,299.13078758560005,1.0757999962444966,6348.724851659807,-266437.6875930783,95.09727897694901,0.07426472986272994
2574,84350.0,299.1331053338516,1.0758041048543694,6350.614308443887,-266437.6880542072,95.12559004090619,0.0742719855016182
2575,84375.0,299.1281154280543,1.0758078571428575,6352.503893596924,-266437.6881267793,95.15411214725677,0.07427826190476199
2576,84400.0,299.1266034947618,1.0758110021989398,6354.393525335277,-266437.6882154638,95.18270847781662,0.07428304048635373
2577,84425.0,299.13012808107106,1.0758134009568145,6356.283367792997,-266437.68842125684,95.21148940354284,0.07428617649340583
2578,84450.0,299.1319004654263,1.0758149503683603,6358.173353268713,-266437.68842493865,95.24045564469436,0.07428771681530318
2579,84475.0,299.1334223457369,1.0758157253229979,6360.063350121452,-266437.68835998065,95.26949829728686,0.07428788733850138
2580,84500.0,299.128519849542,1.0758158553532227,6361.953473447118,-266437.6879278058,95.29880080524349,0.07428704830169194
2581,84525.0,299.1320224065329,1.0758156276788022,6363.843684026341,-266437.6878872967,95.32805787477412,0.07428575135553843
2582,84550.0,299.13388469299315,1.075815188798555,6365.733988223259,-266437.68776213063,95.35724554510263,0.07428416195638156
2583,84575.0,299.1360209474979,1.0758144687822502,6367.624361536769,-266437.68769752973,95.38664440737878,0.07428205263157904
2584,84600.0,299.13477130818876,1.0758133650548036,6369.514804071056,-266437.6875926822,95.41605293900713,0.07427905506125089
2585,84625.0,299.1358564142825,1.0758119248517661,6371.405316331791,-266437.68774571415,95.44534415571027,0.07427522815158555
2586,84650.0,299.13465893853936,1.0758103007344417,6373.295904059404,-266437.6879187605,95.47458277451364,0.07427098917665258
2587,84675.0,299.1297606867599,1.075808846728491,6375.186529435219,-266437.68803532334,95.50383403709434,0.07426710458526542
2588,84700.0,299.1284218049445,1.0758076849491442,6377.077200286088,-266437.68837710837,95.53304277687658,0.07426386610016746
2589,84725.0,299.125455743115,1.0758068063063067,6378.967992364999,-266437.6885698199,95.5622645416989,0.07426141904761914
2590,84750.0,299.12241223118536,1.0758062144603115,6380.8589049440425,-266437.68859352893,95.59143975106142,0.07425977627685587
2591,84775.0,299.1239857808647,1.0758057449845682,6382.749935458467,-266437.6886694638,95.62052205735601,0.07425852674897128
2592,84800.0,299.1263040041142,1.0758049127137166,6384.6410508269755,-266437.6886248233,95.64953112765141,0.07425667026610114
2593,84825.0,299.1250738716274,1.0758033896170651,6386.532256775128,-266437.6883191982,95.6786277197379,0.07425341994345935
2594,84850.0,299.12900851291005,1.0758009987154786,6388.423515002446,-266437.6882185293,95.70773011599235,0.07424843468208102
2595,84875.0,299.1308872826149,1.0757980225988701,6390.314837640734,-266437.6880136107,95.73697525808942,0.07424231856702627
2596,84900.0,299.1319416553722,1.0757947648568864,6392.206176884359,-266437.6878168721,95.76623607714035,0.07423581311769999
2597,84925.0,299.1345438292282,1.075791484988453,6394.09762840506,-266437.6878007122,95.79548784180145,0.07422966564023617
2598,84950.0,299.13081111273624,1.0757884433756575,6395.98916328255,-266437.687588175,95.82472989752475,0.07422425715018605
2599,84975.0,299.1289004670519,1.0757858765384618,6397.880895303595,-266437.6875761219,95.8539395884616,0.07421986474358983
2600,85000.0,299.131122344099,1.0757839500192237,6399.7727097856005,-266437.687872453,95.88313874561072,0.07421672895040378
2601,85025.0,299.13039634588836,1.0757827018959776,6401.664608159755,-266437.68813252635,95.91225767371259,0.0742150199846273
2602,85050.0,299.12643895620494,1.0757821755666541,6403.556630602259,-266437.68827634794,95.94131554078633,0.07421492290946352
2603,85075.0,299.1271740367389,1.0757825688684077,6405.448827981701,-266437.68865207385,95.97013214093708,0.07421667997951878
2604,85100.0,299.1244797927069,1.0757839710812542,6407.341072177869,-266437.68874360214,95.99875209085099,0.07422045412667955
2605,85125.0,299.1254457729604,1.0757860822460992,6409.233372392946,-266437.68889102084,96.02727170324897,0.07422559324635465
2606,85150.0,299.12705624268057,1.07578820457742,6411.125818725617,-266437.6889704003,96.05573512581518,0.07423033985423867
2607,85175.0,299.12933646613044,1.0757897147239268,6413.018381720993,-266437.68904971896,96.08435816666672,0.07423326393149292
2608,85200.0,299.1303196934975,1.0757902965376265,6414.911067683793,-266437.68912498414,96.11311341050217,0.07423388411907508
2609,85225.0,299.12797082784226,1.07578984559387,6416.8038625387035,-266437.68908445095,96.14187583205624,0.07423216960408693
2610,85250.0,299.12845345231773,1.075788303715052,6418.6968063638515,-266437.6891636348,96.17065201710716,0.07422818141197506
2611,85275.0,299.1328704414248,1.0757854300663605,6420.589845271063,-266437.68939031404,96.19964767062282,0.07422165569167952
2612,85300.0,299.13281380290914,1.0757811856104096,6422.482927420724,-266437.6893656718,96.22892919275424,0.07421271271845907
2613,85325.0,299.1338241216532,1.0757757797755676,6424.376112380011,-266437.68934503326,96.25832409589397,0.07420184978321864
2614,85350.0,299.13385563671187,1.0757695207138307,6426.2694175488905,-266437.68925270886,96.2877645240281,0.07418967839388153
2615,85375.0,299.13349239870087,1.0757629266055047,6428.162850652019,-266437.6890648892,96.31713614526001,0.07417697668195727
2616,85400.0,299.136327303274,1.075756693032735,6430.056455464533,-266437.6889727424,96.34643581085218,0.07416476474334488
2617,85425.0,299.1365347147956,1.0757513379169852,6431.950106228808,-266437.68871753255,96.37572130634078,0.07415390705373066
2618,85450.0,299.137364611939,1.075747334733359,6433.843796919443,-266437.6884704723,96.40496703525525,0.07414529973272249
2619,85475.0,299.13860674872836,1.0757449770992369,6435.737658580923,-266437.68826733466,96.4339821068703,0.07413960165394409
2620,85500.0,299.13994765178745,1.075744555767519,6437.631680119173,-266437.6881557613,96.46287564580956,0.07413741383695799
2621,85525.0,299.1397207276894,1.0757462442156116,6439.525743149511,-266437.68808400084,96.49164416692099,0.07413906801423857
2622,85550.0,299.13962598767375,1.0757497750667178,6441.419913112474,-266437.6881274623,96.5202544133944,0.07414417283009285
2623,85575.0,299.1367246363065,1.075754713795732,6443.314175953259,-266437.68810737436,96.54864170630088,0.07415208993902447
2624,85600.0,299.13541837079424,1.07576074768254,6445.208479551118,-266437.6882222223,96.57712888012706,0.07416231746031754
2625,85625.0,299.1327929413563,1.075767579080985,6447.102871249436,-266437.6882655815,96.60567322467638,0.0741742972835746
2626,85650.0,299.1293239597773,1.075774933003426,6448.997353509461,-266437.68826132483,96.63414841619091,0.07418749194264695
2627,85675.0,299.13027776154297,1.0757824776763065,6450.8918892106885,-266437.68843940273,96.66251899581438,0.07420116045154751
2628,85700.0,299.1284224986693,1.0757897871180424,6452.786454172698,-266437.6884192343,96.69064037923172,0.07421426917712699
2629,85725.0,299.1285004996204,1.0757964470215462,6454.681166348171,-266437.6884624526,96.71867429961985,0.07422584588086192
2630,85750.0,299.1285981593823,1.075802205751932,6456.575953307877,-266437.6884106172,96.74675166476632,0.07423538793867993
2631,85775.0,299.1344013504312,1.0758069413627152,6458.470796261281,-266437.68855274835,96.77498495959988,0.07424268414387039
2632,85800.0,299.1370391506526,1.0758107795923533,6460.365753359929,-266437.6885088304,96.80315674819606,0.0742480468413724
2633,85825.0,299.137244415465,1.075813962667679,6462.260769755641,-266437.68838585186,96.83153312414586,0.07425201316122508
2634,85850.0,299.14153490929846,1.075816756230234,6464.155828714368,-266437.6885515498,96.8597839781152,0.07425518481973442
2635,85875.0,299.1406576068544,1.0758192530349013,6466.050931932989,-266437.6886262331,96.88809893854334,0.07425782675771378
2636,85900.0,299.1400079855903,1.075821282138794,6467.946065758701,-266437.6889062699,96.91636981582614,0.07425959878649989
2637,85925.0,299.13830594832,1.075822867955522,6469.841401166297,-266437.68924532493,96.94477568688409,0.0742605031589589
2638,85950.0,299.1320605529878,1.0758243290387772,6471.736888184423,-266437.6893788684,96.97331785032218,0.07426116811923716
2639,85975.0,299.1288712671723,1.075825956439394,6473.632493765794,-266437.68957149633,97.00169708446978,0.07426223333333343
2640,86000.0,299.12389136602354,1.0758283864697715,6475.528147332586,-266437.68953521404,97.0300483715765,0.07426512861289924
2641,86025.0,299.1224736585926,1.0758321472369416,6477.423880234933,-266437.6894871311,97.05830679926831,0.07427107607872832
2642,86050.0,299.12664256791584,1.0758377935426913,6479.319304132309,-266437.6895494389,97.08637649464,0.07428130747887511
2643,86075.0,299.12864079841205,1.0758455629097325,6481.214497043505,-266437.68933591794,97.11431140872423,0.07429648398890579
2644,86100.0,299.1342673395091,1.0758552691871455,6483.109479618031,-266437.68923676765,97.14203596446133,0.07431624536862012
2645,86125.0,299.13846061602476,1.0758663648274123,6485.004177919259,-266437.68914556573,97.16962754837499,0.07433923343411447
2646,86150.0,299.1406620604464,1.075878096839189,6486.898650536592,-266437.6891173972,97.19703115275162,0.07436356768668943
2647,86175.0,299.14393897432086,1.0758898327039275,6488.792954071258,-266437.68938821764,97.22442207439585,0.07438766717019143
2648,86200.0,299.14174816358434,1.0759009214798037,6490.687065407458,-266437.68961557833,97.25187517490885,0.07440997898578089
2649,86225.0,299.1335132787427,1.075911150188679,6492.580939268059,-266437.68974449695,97.2794549242768,0.0744301354716982
2650,86250.0,299.12889923286866,1.0759205790267823,6494.4746598730135,-266437.69013265445,97.30711452433052,0.07444844448635744
2651,86275.0,299.1231478311972,1.0759291693061839,6496.36817276836,-266437.6903948279,97.33481987380601,0.07446490837104082
2652,86300.0,299.12055315504523,1.0759368306319887,6498.261484937816,-266437.6906607301,97.3624992632241,0.07447936863927639
2653,86325.0,299.12184251281144,1.0759434697312231,6500.154629249193,-266437.69089895766,97.39035361065068,0.0744916902788245
2654,86350.0,299.1267274829887,1.0759490356559949,6502.047542113004,-266437.691082078,97.41837448939117,0.07450181644695551
2655,86375.0,299.12746091704383,1.0759538403614457,6503.940226113087,-266437.69086110074,97.4466482634288,0.07451046360441775
2656,86400.0,299.12811094630604,1.075958142892987,6505.832677329204,-266437.6905187556,97.4750331106512,0.07451820386400711
2657,86425.0,299.1309579300232,1.0759620413844995,6507.7249000977035,-266437.6902236959,97.50355718472545,0.07452525006270387
2658,86450.0,299.13437056662974,1.0759654615770338,6509.616859681344,-266437.68998370325,97.5320837954119,0.07453130036354527
2659,86475.0,299.1407435438603,1.0759681362155387,6511.5086583220655,-266437.6900375941,97.56073801791989,0.0745356885964913
2660,86500.0,299.1385567414512,1.075970043467368,6513.400229397104,-266437.6898761432,97.58938388989111,0.07453836064136297
2661,86525.0,299.13789306348673,1.0759713431004256,6515.29153329966,-266437.6899926435,97.61803812722273,0.0745397094916104
2662,86550.0,299.1363941883847,1.0759724954312178,6517.182657689457,-266437.69026552147,97.64680011678566,0.07454078595568915
2663,86575.0,299.13289594507074,1.0759736853103101,6519.073598018653,-266437.6905772962,97.67561015915925,0.07454210072572581
2664,86600.0,299.1295243857418,1.075974931081926,6520.964332421522,-266437.69092792383,97.70445454396507,0.07454383302063798
2665,86625.0,299.12746712515695,1.0759761384096023,6522.85480964692,-266437.6913173607,97.73330202863224,0.07454602313078278
2666,86650.0,299.121646413324,1.0759771701037368,6524.745016368837,-266437.6913940446,97.76235800912394,0.07454854580677424
2667,86675.0,299.1223276637938,1.0759779274112942,6526.634981157554,-266437.6915995129,97.79150908770622,0.07455120127436292
2668,86700.0,299.1278960266024,1.0759784423629322,6528.524721850389,-266437.6918243413,97.8207755044337,0.07455375858623714
2669,86725.0,299.13567448127407,1.0759786019975028,6530.414171850945,-266437.6920177904,97.8500459563047,0.07455570973782781
2670,86750.0,299.13807515088047,1.0759783510545362,6532.303302079505,-266437.6918757021,97.87935877898423,0.07455660289529524
2671,86775.0,299.14234145272025,1.07597785503992,6534.192193077977,-266437.6918038924,97.90862306462084,0.07455652756986038
2672,86800.0,299.14148951440393,1.07597731238309,6536.080861166488,-266437.6915178016,97.93774126013227,0.07455567614415773
2673,86825.0,299.1447425290458,1.0759766331338816,6537.969259254309,-266437.69156304555,97.96676501907262,0.07455388581401158
2674,86850.0,299.1413714736455,1.0759757771962615,6539.8574996748985,-266437.691433022,97.99583172772594,0.07455133021806863
2675,86875.0,299.1394131430001,1.0759748694569007,6541.745552174896,-266437.6915405457,98.02476597334338,0.07454847670652726
2676,86900.0,299.13294454538726,1.0759745121404556,6543.633435588976,-266437.6915234717,98.05367504221151,0.07454651637405064
2677,86925.0,299.1311632710985,1.075975202140901,6545.521115142776,-266437.69181369815,98.08242751356741,0.07454639656460055
2678,86950.0,299.1268683042186,1.0759772132636554,6547.4086067043745,-266437.69200261304,98.11113243187765,0.07454873460246371
2679,86975.0,299.12595362537377,1.0759804077114425,6549.295903370032,-266437.69236629363,98.13976606330854,0.0745533684079603
2680,87000.0,299.1217794717152,1.0759843094616435,6551.182988335329,-266437.6925509761,98.16829688188496,0.0745593644162627
2681,87025.0,299.12047573141996,1.0759885652498133,6553.069932662199,-266437.69279377966,98.1966849685559,0.07456603032562774
2682,87050.0,299.1170642176674,1.0759929101751766,6554.956673465158,-266437.69282674877,98.22508700173944,0.0745728166231831
2683,87075.0,299.11665197007017,1.0759968786636858,6556.843149073032,-266437.6928247642,98.25362633966726,0.07457869771485355
2684,87100.0,299.1167343211676,1.0760001659838605,6558.729428937312,-266437.6926365613,98.28219330105534,0.07458308988206093
2685,87125.0,299.1210064032024,1.0760027113427646,6560.615466687025,-266437.692522183,98.31063621258387,0.07458594700918353
2686,87150.0,299.12503596129574,1.0760043380473883,6562.501288822113,-266437.6923458629,98.33913346309402,0.07458698263242784
2687,87175.0,299.13044626178134,1.07600478062996,6564.3868528056855,-266437.6922898066,98.36779526698919,0.07458573102678583
2688,87200.0,299.1300976120001,1.0760043513077968,6566.272107036574,-266437.69209433504,98.39653642085048,0.07458280637163764
2689,87225.0,299.13002001214437,1.0760036317224284,6568.157076351678,-266437.69212747837,98.4252915275094,0.07457933903345736
2690,87250.0,299.1270114475418,1.0760029386845036,6570.041861958633,-266437.6921876936,98.45398809983908,0.07457599306329751
2691,87275.0,299.1238075406148,1.0760023751857353,6571.9264408220715,-266437.6923639488,98.48274030918783,0.07457305398712244
2692,87300.0,299.1220418293112,1.0760019300656019,6573.8108060722925,-266437.6926367744,98.5116593119199,0.07457051219210309
2693,87325.0,299.119398085623,1.0760015607522888,6575.695006713197,-266437.69282433187,98.54053429534778,0.07456829955456581
2694,87350.0,299.1176387224496,1.0760009177489176,6577.579044986649,-266437.6929421769,98.569462717749,0.0745657804576377
2695,87375.0,299.1140109280422,1.0759997979723044,6579.462895831239,-266437.6927933358,98.59836018941651,0.07456262326904066
2696,87400.0,299.1179037214195,1.0759980131009763,6581.346505604629,-266437.69282227167,98.62725353096042,0.07455850920776182
2697,87425.0,299.1224793414882,1.0759954138868295,6583.229870945028,-266437.6927508031,98.6562969650359,0.0745531571534471
2698,87450.0,299.1245483417322,1.0759920232184759,6585.112976916395,-266437.69256746327,98.68542434901823,0.07454650833642101
2699,87475.0,299.12703351160565,1.0759875732098763,6586.995905247167,-266437.69251543214,98.71467215604946,0.07453799098765443
2700,87500.0,299.1251235299279,1.0759818416635811,6588.878601755405,-266437.69240944716,98.74396359940769,0.07452723620881166
2701,87525.0,299.1243422631391,1.0759748023686155,6590.761138919078,-266437.6925040094,98.7732321218851,0.07451424623735514
2702,87550.0,299.1202857323968,1.075966707978789,6592.643448007774,-266437.6925291343,98.80252036749299,0.07449954963620678
2703,87575.0,299.11789800172653,1.075957804857002,6594.525613732377,-266437.69263899163,98.83182344317069,0.07448386538461549
2704,87600.0,299.1175501364147,1.0759484579174368,6596.4075979848485,-266437.6927718731,98.86112661601979,0.07446806025878014
2705,87625.0,299.1132085246373,1.075939477950234,6598.289332660883,-266437.6925351072,98.89022169586111,0.0744534906380883
2706,87650.0,299.1150979108491,1.0759314726018963,6600.170870931542,-266437.6924062616,98.91917972663471,0.07444110712966394
2707,87675.0,299.1164002610789,1.0759247605859183,6602.052146289396,-266437.692031327,98.94807522501237,0.07443129603643536
2708,87700.0,299.1201757637511,1.0759194620401134,6603.933184193682,-266437.69162590755,98.97684221533167,0.07442412476928767
2709,87725.0,299.12115542189485,1.0759156456334564,6605.814000332233,-266437.69099016,99.00550373886846,0.07441937416974181
2710,87750.0,299.1242296745365,1.075913302102545,6607.694673982547,-266437.69053931517,99.0341152848888,0.07441682724701842
2711,87775.0,299.12750695440087,1.0759120758357914,6609.575082447892,-266437.6903384649,99.06265460263036,0.07441595722713876
2712,87800.0,299.12354295884086,1.0759116776016708,6611.455353213177,-266437.69009168824,99.09118471384697,0.07441647929721107
2713,87825.0,299.1216662598877,1.0759117611152051,6613.33546213351,-266437.69025961077,99.1196426935643,0.0744178968312455
2714,87850.0,299.11755712400316,1.0759122047882135,6615.215369893438,-266437.6905194906,99.14811646580732,0.07442005230202589
2715,87875.0,299.11558085333894,1.0759129808541972,6617.09510069441,-266437.69095176744,99.17670604565545,0.07442298613156614
2716,87900.0,299.11309661354505,1.0759139776714515,6618.97459318894,-266437.6913415533,99.20516437332851,0.0744264081707767
2717,87925.0,299.1125082527601,1.0759151596762324,6620.8538519989015,-266437.6917272199,99.2334952097131,0.07442991366200649
2718,87950.0,299.11298969216693,1.0759166525683461,6622.732919042915,-266437.69197085337,99.26171144710074,0.07443358832904265
2719,87975.0,299.11597342144677,1.0759185225490195,6624.611742069246,-266437.6921377146,99.2897767620099,0.07443760575980403
2720,88000.0,299.11676759843266,1.0759205747886806,6626.4903798368305,-266437.69205561694,99.317802905427,0.07444166874923447
2721,88025.0,299.11724602620694,1.0759223875826598,6628.368811365055,-266437.6918702549,99.34596585684552,0.0744449840803332
2722,88050.0,299.1173865229534,1.075923415840372,6630.247010617707,-266437.69163529825,99.37434454988377,0.07444655159750287
2723,88075.0,299.1189024757717,1.0759232436368085,6632.125008892076,-266437.69149229093,99.40295371439068,0.07444576419481166
2724,88100.0,299.1206886714381,1.075921846116208,6634.002818984838,-266437.6914220185,99.4318919231805,0.07444278165137626
2725,88125.0,299.12374516544463,1.075919409391049,6635.880397961367,-266437.69149700436,99.46100761677678,0.0744380295915873
2726,88150.0,299.1223057646995,1.0759161806625106,6637.757767896963,-266437.69148025935,99.49011411490044,0.07443191174673033
2727,88175.0,299.1234050597515,1.0759124507575757,6639.634906951864,-266437.69172317954,99.51920552089447,0.07442488563049864
2728,88200.0,299.1205265613786,1.075908684255527,6641.511848469532,-266437.69183614285,99.54841373189208,0.07441754696470022
2729,88225.0,299.11532213431093,1.0759053455433454,6643.388575884622,-266437.691819292,99.5774913573871,0.07441054896214906
2730,88250.0,299.11368647052444,1.0759028199682654,6645.265091684493,-266437.6918711097,99.60631609935315,0.07440461491517159
2731,88275.0,299.1171002735489,1.075901465592972,6647.141377725726,-266437.69203346164,99.63508154184971,0.07440042118106403
2732,88300.0,299.12053021819816,1.0759012917428952,6649.017379526412,-266437.6921156545,99.663685654836,0.07439807952189302
2733,88325.0,299.1225567309201,1.0759020931480123,6650.89314465826,-266437.6920834859,99.69219281089983,0.07439738892952948
2734,88350.0,299.12402587751455,1.0759036747105422,6652.768738121884,-266437.69204372354,99.72063845581968,0.07439817586837304
2735,88375.0,299.12750520224256,1.075905996345029,6654.644094382682,-266437.69213724433,99.7490672083334,0.07440050816276814
2736,88400.0,299.1304570259416,1.0759088953842404,6656.519211965418,-266437.69230300834,99.77759712288399,0.0744041691633176
2737,88425.0,299.13069352386253,1.0759119291453614,6658.394146509624,-266437.6924382154,99.80626843851967,0.0744082843925007
2738,88450.0,299.1286713072906,1.0759146464646463,6660.268964045034,-266437.6925885361,99.8350292335403,0.07441184702446157
2739,88475.0,299.12633172591325,1.0759169004866178,6662.143627518618,-266437.6928147812,99.86375866678839,0.07441448637469597
2740,88500.0,299.1225942725291,1.0759184910616562,6664.0180777476635,-266437.6929952574,99.89258550662781,0.07441584713608183
2741,88525.0,299.1187939043285,1.0759192424021393,6665.892358557505,-266437.6930730308,99.92145650619993,0.0744157208849989
2742,88550.0,299.11922668477416,1.075919203791469,6667.7664631728085,-266437.6932115082,99.95043104800105,0.0744143199659741
2743,88575.0,299.1254305709435,1.0759184600340135,6669.640340603868,-266437.69346756575,99.9795130222304,0.07441184584548115
2744,88600.0,299.1295559322412,1.075917190285367,6671.513978055986,-266437.6935374926,100.0086668502733,0.07440861906496671
2745,88625.0,299.1293616996852,1.0759154400339885,6673.38743256434,-266437.6933759713,100.03790755838803,0.07440471582908482
2746,88650.0,299.12968742883226,1.0759132934109936,6675.26067705012,-266437.6932752398,100.0672744931441,0.07440005266351181
2747,88675.0,299.13133600752144,1.0759107587336243,6677.133714102867,-266437.6933072539,100.0969532212519,0.07439445257156731
2748,88700.0,299.1298417105623,1.075907869407057,6679.00657184419,-266437.69328240585,100.12678832957447,0.07438791451436896
2749,88725.0,299.1289211191524,1.0759047529696968,6680.879202620125,-266437.693378788,100.15648569551523,0.07438067575757587
2750,88750.0,299.130596157277,1.0759018198230945,6682.751706430272,-266437.6936644252,100.18614290209628,0.07437353519932156
2751,88775.0,299.1287143414495,1.0758995297965115,6684.62408824201,-266437.6937795241,100.21566319755337,0.07436744622093033
2752,88800.0,299.1268348729879,1.0758981112725512,6686.4962716172695,-266437.6938604856,100.24501643843088,0.07436292904710023
2753,88825.0,299.1237608841693,1.0758974371822803,6688.368247779234,-266437.6938203523,100.27430898172364,0.07435984325829108
2754,88850.0,299.1256466775568,1.0758970297640653,6690.240043688569,-266437.69395039335,100.3035205643074,0.0743573274047188
2755,88875.0,299.12554440046046,1.0758965483792937,6692.111602628451,-266437.6939291547,100.33282352237552,0.07435478592162566
2756,88900.0,299.1270257244598,1.075895808003869,6693.982954820703,-266437.69391548797,100.36205592600663,0.0743519432958531
2757,88925.0,299.12933537068005,1.0758947540488275,6695.8541152692815,-266437.6939131618,100.39120359777628,0.0743487003867538
2758,88950.0,299.13017968696477,1.075893282348677,6697.725036360521,-266437.69383910246,100.42024257895385,0.07434484897909882
2759,88975.0,299.1327779304356,1.0758911510869564,6699.595719440704,-266437.6938707731,100.44940067560398,0.07433988997584552
2760,89000.0,299.1304902046368,1.07588839297356,6701.46613046288,-266437.6937288726,100.47862967511783,0.074333838102137
2761,89025.0,299.1304537010629,1.0758852197682838,6703.336279824889,-266437.6937718744,100.5079340508087,0.0743269435191891
2762,89050.0,299.126803735554,1.075882196284232,6705.206213141636,-266437.6936753531,100.5371663320064,0.07432000458438905
2763,89075.0,299.12294895923867,1.075880080318379,6707.075913012063,-266437.69356382673,100.5663105677763,0.07431430197781004
2764,89100.0,299.1178700990967,1.0758795283905966,6708.945403741534,-266437.6933318266,100.59521834731778,0.07431120735382771
2765,89125.0,299.1177532134258,1.0758806765485658,6710.814700307307,-266437.6932807606,100.6237444613161,0.07431124041937825
2766,89150.0,299.1181508026752,1.0758834827129258,6712.68377429274,-266437.6932071439,100.65211717214805,0.07431455836646197
2767,89175.0,299.121745050338,1.0758878315269746,6714.552675791309,-266437.6932878735,100.6804230614163,0.074321117292871
2768,89200.0,299.12350010725976,1.0758931784037555,6716.421352710007,-266437.69332716404,100.70869488599988,0.0743298958709523
2769,89225.0,299.1191224028889,1.0758992241877252,6718.28975764164,-266437.6931633576,100.73693905679916,0.07434033959085448
2770,89250.0,299.1171328498745,1.0759059207265724,6720.157938878267,-266437.6931989055,100.76506546950573,0.07435241669674014
2771,89275.0,299.1147937570955,1.0759131006493503,6722.025915802553,-266437.6932494591,100.79328963684476,0.0743658229918231
2772,89300.0,299.114795477462,1.0759204452458224,6723.8939161069875,-266437.69344647817,100.8213059835318,0.07437993292463047
2773,89325.0,299.11283884571094,1.075927807137707,6725.761963157177,-266437.6935907837,100.8492821532085,0.07439443547224235
2774,89350.0,299.1112650945353,1.0759349031831829,6727.630114807571,-266437.69377252273,100.8773046344746,0.07440855795795806
2775,89375.0,299.1044524082621,1.0759413566282416,6729.498343933241,-266437.69364643394,100.90548245977438,0.07442126933237281
2776,89400.0,299.1037954119561,1.0759470703396947,6731.366654506545,-266437.69369298423,100.933759649622,0.07443220753811076
2777,89425.0,299.10521040508837,1.0759520149987996,6733.235051169429,-266437.69364950823,100.96201220434376,0.0744412807775379
2778,89450.0,299.1081873052665,1.0759559730118742,6735.103484788537,-266437.6935385932,100.99040423257777,0.07444798260765272
2779,89475.0,299.1113468356123,1.0759585059952033,6736.971988115711,-266437.69340527593,101.01878604604329,0.0744513540767387
2780,89500.0,299.1168135233138,1.075959264173558,6738.840589134247,-266437.693451846,101.04719170945715,0.07445087702265381
2781,89525.0,299.1167842751027,1.0759583236280847,6740.709239881622,-266437.693333633,101.07568600551174,0.07444707656362338
2782,89550.0,299.11710494418577,1.0759559823931004,6742.578039695534,-266437.69336522353,101.10428393939407,0.07444082572763214
2783,89575.0,299.1139087813705,1.0759526642720303,6744.44692225515,-266437.69331821735,101.1331062231802,0.07443310476532576
2784,89600.0,299.11238286128145,1.0759488701376418,6746.31593688486,-266437.6934657392,101.16212053357283,0.07442488916816287
2785,89625.0,299.1098298911231,1.0759453383584585,6748.185072379279,-266437.69362063304,101.1911522306773,0.0744174081119886
2786,89650.0,299.1082634134681,1.0759426927401026,6750.054336889728,-266437.69382774207,101.22008230450915,0.07441158581509398
2787,89675.0,299.11051387494103,1.0759413286704922,6751.923674725731,-266437.6941729437,101.24892180619334,0.07440806683405078
2788,89700.0,299.11388054906257,1.0759412527787735,6753.793035682923,-266437.69456645165,101.2776570472094,0.07440690474483097
2789,89725.0,299.1147595554369,1.0759422529271203,6755.662449471089,-266437.6948439368,101.30606862114708,0.07440781397849472
2790,89750.0,299.11476786958156,1.0759439147259042,6757.531881431388,-266437.6951174909,101.33443174835793,0.07441018977666318
2791,89775.0,299.1162326455356,1.0759459841212984,6759.401489317456,-266437.69549531414,101.36277837058275,0.07441363837153782
2792,89800.0,299.11306194545966,1.075948361857023,6761.271224987709,-266437.6956714705,101.3911942833275,0.07441793483709282
2793,89825.0,299.1137106836085,1.0759508814125502,6763.141028637797,-266437.69602272747,101.41960918217622,0.07442257635409219
2794,89850.0,299.11235856028696,1.075953646869409,6765.011000520098,-266437.69626192626,101.44796431902219,0.07442760131186653
2795,89875.0,299.112454919171,1.0759567575107292,6766.881068617074,-266437.6965233073,101.4761496793039,0.07443320517405827
2796,89900.0,299.1112043838644,1.0759602476462873,6768.751214395902,-266437.69665787765,101.50418173960209,0.07443946192348955
2797,89925.0,299.1141468495361,1.0759639982130087,6770.621500061831,-266437.69693754485,101.53227853764606,0.07444611889444851
2798,89950.0,299.1144744398007,1.075967932594974,6772.49187948053,-266437.6970234907,101.56035035226878,0.07445310217934986
2799,89975.0,299.1170587198817,1.0759718283333328,6774.362400191907,-266437.6971800597,101.58828357250012,0.074460011904762
2800,90000.0,299.11900871843466,1.0759752840652144,6776.2330469426415,-266437.69730304665,101.6161044672142,0.07446604426990369
2801,90025.0,299.1210371387112,1.0759777505353314,6778.103755105046,-266437.69745196897,101.64396269450405,0.07447011539376644
2802,90050.0,299.1269727166139,1.0759788090141509,6779.974544362947,-266437.69782747666,101.67198741277215,0.07447146866452618
2803,90075.0,299.12720608452287,1.0759782719923914,6781.845460708276,-266437.69799096545,101.70010897218273,0.07446977900618174
2804,90100.0,299.1292776709455,1.0759760569221624,6783.716423137851,-266437.6982991683,101.72839637076662,0.07446493178847305
2805,90125.0,299.1262954603239,1.0759722561178422,6785.587412185081,-266437.698325018,101.7568630760277,0.07445722487526737
2806,90150.0,299.1249837850619,1.075967131932074,6787.458370743144,-266437.6983545602,101.78564151003457,0.07444730803942534
2807,90175.0,299.1264629729352,1.075961476733143,6789.329354476617,-266437.6983618235,101.81454666298683,0.07443651103988613
2808,90200.0,299.13045360436763,1.0759561439420902,6791.200412904356,-266437.69833570684,101.84336239943053,0.07442610323958712
2809,90225.0,299.1371364231324,1.0759514695136412,6793.071596809374,-266437.6983170227,101.87218973748531,0.07441660403321479
2810,90250.0,299.140422476818,1.0759475446460327,6794.942816693706,-266437.69807971676,101.9007622602871,0.07440823941657781
2811,90275.0,299.145195584638,1.075944664651493,6796.814063473213,-266437.69797593664,101.92926907942166,0.07440168373636803
2812,90300.0,299.1464952823801,1.0759433264604803,6798.685355526486,-266437.697846309,101.95758349816343,0.07439806387012687
2813,90325.0,299.14846110281997,1.0759437264866138,6800.556733914714,-266437.6979092634,101.98568982823988,0.07439808161573094
2814,90350.0,299.149111447366,1.0759458961515682,6802.428256905508,-266437.6980572826,102.01353766335122,0.07440204511545301
2815,90375.0,299.14577826136434,1.0759499344223478,6804.299906433003,-266437.6981312147,102.04126729296887,0.07441019602272735
2816,90400.0,299.14235062868374,1.0759556437108027,6806.171578501954,-266437.69824576995,102.06872896450136,0.07442199716009947
2817,90425.0,299.14232872723045,1.0759628230423461,6808.043298713864,-266437.69854506763,102.09606657239188,0.07443683049444058
2818,90450.0,299.14318673879694,1.0759711226203137,6809.9150823707,-266437.69885893364,102.12321482180452,0.07445392243112221
2819,90475.0,299.142729798464,1.0759799034278954,6811.78692398558,-266437.6990543737,102.15021863652493,0.07447193049645397
2820,90500.0,299.14445116814437,1.0759885209736493,6813.658866030486,-266437.69929767837,102.17720676485891,0.0744894712276971
2821,90525.0,299.1444793681793,1.0759966243798718,6815.530903362036,-266437.6994005436,102.20408178065212,0.07450575950862279
2822,90550.0,299.141358599245,1.0760040382571725,6817.403026375487,-266437.69931145967,102.23091602892913,0.07452041138268987
2823,90575.0,299.1388876562802,1.0760105347025488,6819.27529462854,-266437.6992003071,102.25784240391889,0.07453290616147315
2824,90600.0,299.1389540862544,1.0760158488495568,6821.147673133332,-266437.69916666683,102.28469514879066,0.07454259221238944
2825,90625.0,299.1373639761743,1.0760197572540688,6823.0200960904685,-266437.69900035404,102.31179583427706,0.07454891236140605
2826,90650.0,299.13908299504845,1.076022068741893,6824.892643209761,-266437.69897417777,102.33902999858518,0.0745516149039029
2827,90675.0,299.14019575224023,1.076022977133427,6826.765313299739,-266437.698966437,102.36647805975966,0.07455135643564363
2828,90700.0,299.1377615178516,1.0760227238128897,6828.638032102744,-266437.6988224639,102.39420747166264,0.07454888193708031
2829,90725.0,299.1351778930514,1.076021642520612,6830.510821248055,-266437.6986859542,102.42207624252072,0.07454516454652539
2830,90750.0,299.1350290328513,1.0760202703402797,6832.383646158718,-266437.698645208,102.45007265971988,0.07454144177557996
2831,90775.0,299.1360851334753,1.076019206332391,6834.256556398068,-266437.69862655975,102.47800889830519,0.07453879284369122
2832,90800.0,299.1390955473592,1.076018522649723,6836.129465520412,-266437.6986888165,102.50592864384056,0.07453723096834929
2833,90825.0,299.13956966290357,1.0760180969183715,6838.002470627497,-266437.698651788,102.53392135321113,0.07453629287226542
2834,90850.0,299.13937286584434,1.076018009523809,6839.87554083386,-266437.6986441801,102.56196742974733,0.07453587078189307
2835,90875.0,299.1354415954403,1.0760183033615414,6841.748699198986,-266437.69849333004,102.58989538975094,0.07453592806770105
2836,90900.0,299.1359291079786,1.0760188552461514,6843.621963245914,-266437.69860695006,102.61803282328762,0.07453623663494309
2837,90925.0,299.1369798619927,1.0760196304909555,6845.495325408736,-266437.69876453513,102.64593241743022,0.07453673772609827
2838,90950.0,299.13496631889234,1.0760207654103553,6847.3687522350565,-266437.69877157477,102.6737046334391,0.07453778842315377
2839,90975.0,299.1359509455406,1.0760222199530511,6849.242227959856,-266437.698903316,102.7013966568076,0.07453932453051651
2840,91000.0,299.1359673058789,1.0760238674175755,6851.115800132931,-266437.6989543004,102.72904398286998,0.07454114971254261
2841,91025.0,299.1372066532965,1.0760256955195866,6852.989390248413,-266437.69905656256,102.75670325756519,0.07454342258972561
2842,91050.0,299.13687325759247,1.0760276761636762,6854.862818077614,-266437.69904883363,102.78449788967063,0.07454627025442614
2843,91075.0,299.13681209247613,1.0760299553445845,6856.735962277775,-266437.69901547144,102.81233855485242,0.0745501419362401
2844,91100.0,299.1395961219691,1.076032786643233,6858.608806904507,-266437.6990700061,102.84024376449922,0.0745555182190979
2845,91125.0,299.14151587374164,1.0760363560552817,6860.4814350959205,-266437.6990586205,102.8680567302648,0.07456266947762949
2846,91150.0,299.14413898115043,1.0760404121297265,6862.3538925344765,-266437.6991131017,102.89585625922032,0.07457093806345869
2847,91175.0,299.14530392708406,1.0760445509129206,6864.226528104748,-266437.6991638871,102.92367329318829,0.07457946102528097
2848,91200.0,299.14415843266715,1.0760487720837715,6866.099259138992,-266437.6991597931,102.95159614320822,0.07458831859131866
2849,91225.0,299.14013611415277,1.0760530346198824,6867.972082236604,-266437.6990497078,102.97943493543869,0.07459749333333342
2850,91250.0,299.1375627715429,1.0760574210218632,6869.8449425698545,-266437.6990529641,103.00717502817733,0.07460695697416118
2851,91275.0,299.13915554780345,1.0760621803412804,6871.717912824213,-266437.6992534481,103.03483761138389,0.07461698550724645
2852,91300.0,299.14095385115155,1.0760675978502154,6873.590909820653,-266437.6994683961,103.0624216292792,0.07462800502395146
2853,91325.0,299.1404851218181,1.0760737393132438,6875.463948001398,-266437.69954449916,103.08998889570202,0.07464007650081764
2854,91350.0,299.1426085786347,1.0760806052539398,6877.337093379915,-266437.6997263575,103.11755093788683,0.07465334757734975
2855,91375.0,299.14560309582237,1.0760883028711479,6879.210352652892,-266437.69995185593,103.14517884920643,0.07466822303921576
2856,91400.0,299.14620550344256,1.076096589429471,6881.083626567725,-266437.70003135595,103.1727343122157,0.0746843318165909
2857,91425.0,299.14727161313346,1.0761052344296704,6882.957049065544,-266437.7001217345,103.20034864870549,0.07470137252157694
2858,91450.0,299.1482060114266,1.0761139253818346,6884.830640166606,-266437.7002302672,103.22813089938215,0.07471868683688943
2859,91475.0,299.14960481853217,1.0761224737762232,6886.704333011186,-266437.7003787881,103.25586881142199,0.0747359192307693
2860,91500.0,299.15120978434186,1.0761308382849815,6888.578130900265,-266437.700490796,103.28356673191199,0.07475292065711298
2861,91525.0,299.15124368891287,1.0761387891917067,6890.452057363495,-266437.7005044552,103.31132053249483,0.0747689758909854
2862,91550.0,299.1518395020382,1.0761460607754096,6892.326065135287,-266437.70049627457,103.33915927162657,0.07478345360344633
2863,91575.0,299.15066105388803,1.076152562732774,6894.200190396528,-266437.70033170417,103.36703049860341,0.07479613838454383
2864,91600.0,299.15346892728394,1.0761578964514245,6896.074490846768,-266437.7003308612,103.3950290426993,0.07480609924374643
2865,91625.0,299.15678944335957,1.0761618531053727,6897.948821639797,-266437.70035909535,103.42297576343341,0.07481297231914405
2866,91650.0,299.1573827451466,1.076164459713986,6899.823235093241,-266437.700267411,103.45095007010818,0.07481694977328224
2867,91675.0,299.15810857577935,1.0761657724314266,6901.697744489304,-266437.70021937496,103.47911545525344,0.07481823221757329
2868,91700.0,299.1570636599286,1.076165899268037,6903.572311043681,-266437.7001641108,103.50742172348095,0.07481705634948305
2869,91725.0,299.1552823348439,1.0761650156794418,6905.446989780948,-266437.7001016263,103.53588736109181,0.07481388617886187
2870,91750.0,299.15691393660813,1.0761635268779743,6907.321761724714,-266437.70023510995,103.56437305781965,0.07480965888772793
2871,91775.0,299.1558703324055,1.0761618732590523,6909.196602380682,-266437.7002415567,103.5928571081709,0.07480529480037147
2872,91800.0,299.1533303347263,1.076160265692075,6911.07151968743,-266437.70015010465,103.62150906914961,0.07480130165912527
2873,91825.0,299.15095917467016,1.0761591215495239,6912.946488175824,-266437.70001522294,103.65005467745307,0.07479855915100912
2874,91850.0,299.1535932844065,1.076158837913043,6914.821519990372,-266437.7000688408,103.67829993031889,0.07479783594202906
2875,91875.0,299.15238976101136,1.076159558762169,6916.696622474613,-266437.6998797522,103.70642437992586,0.07479933414464542
2876,91900.0,299.15153682864167,1.076161330900243,6918.5718372718065,-266437.69965458836,103.73442033159544,0.07480308017610945
2877,91925.0,299.1549817834151,1.076164137016446,6920.447190992467,-266437.69957073807,103.76232748355343,0.07480896038915921
2878,91950.0,299.1554526224391,1.0761677839527608,6922.322701004395,-266437.6993132746,103.79036675095523,0.07481640129674663
2879,91975.0,299.1604526037044,1.0761721248842588,6924.198374468282,-266437.6992947052,103.81823246458339,0.07482492719907415
2880,92000.0,299.1594703888703,1.0761770437348137,6926.074136025796,-266437.69902666926,103.84617911396512,0.07483422168228632
2881,92025.0,299.1585630575996,1.0761825095998143,6927.949984125372,-266437.6988600223,103.8739969755957,0.07484427689104796
2882,92050.0,299.1588606549897,1.0761884683778467,6929.825873308124,-266437.6988488556,103.90177627193901,0.07485529147878374
2883,92075.0,299.15908423093,1.0761944690245024,6931.70183786153,-266437.69890632253,103.92962731495614,0.074866621705964
2884,92100.0,299.1568241959568,1.0762000341998839,6933.57781536129,-266437.6988987583,103.95750397608325,0.07487747279029469
2885,92125.0,299.1572350050827,1.0762049241164235,6935.453874969389,-266437.6990969338,103.98547501224306,0.07488734881034886
2886,92150.0,299.1523337290158,1.0762090671977826,6937.330038670704,-266437.69909291685,104.01345816418431,0.07489594400184742
2887,92175.0,299.1531249772629,1.0762123325253918,6939.206307184553,-266437.69940991496,104.04151925023089,0.07490279974607578
2888,92200.0,299.1517068876204,1.076214649013499,6941.082708750198,-266437.6995572289,104.06974227183575,0.07490761416868588
2889,92225.0,299.1511603364482,1.0762157476355243,6942.959186382926,-266437.69968281465,104.09800792779704,0.0749098592848905
2890,92250.0,299.14968450490096,1.0762156281563466,6944.835674696642,-266437.69970382255,104.12625170102622,0.07490981551942817
2891,92275.0,299.151799080683,1.076214433609958,6946.712199222911,-266437.69985448394,104.15470614557404,0.0749079414476718
2892,92300.0,299.1485561373437,1.076212329991934,6948.588734294731,-266437.69972779154,104.18342946364793,0.0749045982256021
2893,92325.0,299.14556102384313,1.0762095542501722,6950.465304704442,-266437.6995975873,104.21223552188441,0.07490022920985955
2894,92350.0,299.1452275211291,1.0762064614853188,6952.341939662979,-266437.6995790159,104.24108751341399,0.07489522498560744
2895,92375.0,299.14495601703567,1.076203219613259,6954.218670851861,-266437.69951369736,104.26997121500925,0.07488956721915292
2896,92400.0,299.14587935749694,1.0761999613393158,6956.095479909212,-266437.6994735937,104.2988037675757,0.07488342066505588
2897,92425.0,299.146091059582,1.0761969597423504,6957.972366377842,-266437.6993688179,104.32763075224297,0.07487747515527957
2898,92450.0,299.148718365529,1.076194364033574,6959.849386567663,-266437.6994258081,104.3563579157181,0.07487235621478677
2899,92475.0,299.14736181126506,1.076192155977011,6961.726443999077,-266437.69935344864,104.38509260402301,0.07486841954022995
2900,92500.0,299.1470965117783,1.0761904419165798,6963.603585375499,-266437.6994283584,104.41387935367118,0.07486612076295536
2901,92525.0,299.14948617551187,1.0761892688950143,6965.480808281756,-266437.69972935366,104.4426363936366,0.07486540190673105
2902,92550.0,299.14503933563054,1.0761887949247897,6967.3580795034995,-266437.6997574352,104.47119945309454,0.07486609932253996
2903,92575.0,299.14400714198877,1.076188899334251,6969.235431692835,-266437.69997560873,104.49977931818187,0.0748677226813591
2904,92600.0,299.1437069706261,1.0761893958691904,6971.112822343887,-266437.7001972178,104.52833080642574,0.07486990086058526
2905,92625.0,299.140832369925,1.0761901007111716,6972.990336795019,-266437.70018926397,104.5567941862813,0.07487241236522144
2906,92650.0,299.1416204757489,1.0761908468065582,6974.867940788554,-266437.70024939836,104.5852211169591,0.07487527405114099
2907,92675.0,299.1458123086894,1.0761917207702882,6976.745600799974,-266437.70039187913,104.6136497136635,0.07487904287024306
2908,92700.0,299.15137076097244,1.07619263607196,6978.623346470377,-266437.70059155533,104.64201630571795,0.0748835952790192
2909,92725.0,299.1520335405506,1.076193509965635,6980.501156420388,-266437.70063717104,104.67041692749147,0.07488863046964496
2910,92750.0,299.1518025506706,1.0761941533264623,6982.379115800181,-266437.7007435879,104.69869036127338,0.07489358696896833
2911,92775.0,299.153910388737,1.076194525755494,6984.257171246563,-266437.7011110638,104.7269376759387,0.07489811252289383
2912,92800.0,299.15022034294617,1.076194724453598,6986.135329599036,-266437.7013245226,104.75522281576843,0.0749020097265134
2913,92825.0,299.14840367204374,1.0761945955158996,6988.013523958474,-266437.7017344433,104.78356300709224,0.07490466495081223
2914,92850.0,299.1449432978852,1.0761943998856485,6989.891796775641,-266437.7020869072,104.81202589971416,0.07490632555746148
2915,92875.0,299.14607806515846,1.0761944910836756,6991.770163789777,-266437.70263203053,104.84060246250576,0.07490753223593971
2916,92900.0,299.14774344235013,1.0761949394354926,6993.648626641639,-266437.70311964385,104.86913763684154,0.07490854896583254
2917,92925.0,299.1493293526395,1.0761956969385418,6995.5271626424465,-266437.70349625923,104.89769656511312,0.07490957036783191
2918,92950.0,299.14632880575607,1.076196538083818,6997.40553362818,-266437.7035692878,104.92638851741467,0.07491043850633786
2919,92975.0,299.14578385810574,1.0761969808219172,6999.283693575681,-266437.703699344,104.95516143710049,0.0749104136986302
2920,93000.0,299.1477938395534,1.0761963119936089,7001.161609299096,-266437.7039148983,104.98404339301612,0.07490822058655718
2921,93025.0,299.1502183365282,1.0761941787588403,7003.039318733399,-266437.7041481295,105.01312643406347,0.07490328964179792
2922,93050.0,299.151331434942,1.0761905668833385,7004.916856500055,-266437.7043099274,105.04245548717076,0.07489576873075614
2923,93075.0,299.1487941751033,1.0761857392840852,7006.794472162446,-266437.70428636606,105.07178308253538,0.07488637528499778
2924,93100.0,299.14689621777853,1.0761800238176633,7008.67215767316,-266437.7042841884,105.10113932091171,0.07487582176638183
2925,93125.0,299.1452014106865,1.0761739488493955,7010.549913991908,-266437.70425353193,105.13047071941222,0.07486495670995676
2926,93150.0,299.1434709027453,1.0761681196902397,7012.427673278325,-266437.70414816117,105.15985255426494,0.0748546188361235
2927,93175.0,299.1431861013213,1.07616294023224,7014.305477496696,-266437.70404642,105.18932153961755,0.07484536748633884
2928,93200.0,299.1451370413118,1.076158501081142,7016.183330434616,-266437.70401231974,105.21871722203261,0.07483736371913058
2929,93225.0,299.14692033344784,1.0761549640500563,7018.061180939815,-266437.70397468755,105.24793951535842,0.0748308692832765
2930,93250.0,299.1497053789385,1.0761525677243255,7019.939129893436,-266437.704033038,105.27684704162408,0.07482646957807351
2931,93275.0,299.14804069599893,1.0761513867667114,7021.817211744768,-266437.7039456859,105.3055680965212,0.07482454524783998
2932,93300.0,299.1444365133545,1.0761515256279117,7023.695349609045,-266437.7038548418,105.33417511728612,0.0748253877713377
2933,93325.0,299.1420993946838,1.076153046807543,7025.573565344693,-266437.7039025225,105.36264252726659,0.07482905589638723
2934,93350.0,299.1413069283369,1.0761556547416236,7027.451910543894,-266437.7040850373,105.39112552595122,0.0748348998296423
2935,93375.0,299.1383279159862,1.0761587260445045,7029.330335063577,-266437.70418937365,105.41960940962768,0.07484152111716627
2936,93400.0,299.1379223077978,1.0761613795255924,7031.208818215865,-266437.70441068016,105.44828711996374,0.07484696697310186
2937,93425.0,299.1422222994108,1.0761629014068521,7033.087374946675,-266437.7048693843,105.47697601066491,0.07484968039482646
2938,93450.0,299.1381542723156,1.0761630356130196,7034.966044771576,-266437.70489182865,105.50575938868103,0.07484913712146994
2939,93475.0,299.13310267210966,1.0761618858276638,7036.844809900565,-266437.7048115083,105.53458482902501,0.07484572131519279
2940,93500.0,299.1326758949345,1.076159749518304,7038.723700486455,-266437.7048622921,105.56358545245389,0.07484023574747824
2941,93525.0,299.13224627872273,1.0761571322229768,7040.602688707,-266437.7048032805,105.5925851353955,0.07483377283027424
2942,93550.0,299.13317565737987,1.0761544738928523,7042.481816530862,-266437.7047549273,105.62147781356899,0.07482711179068982
2943,93575.0,299.13476380355604,1.0761518646965573,7044.36102811175,-266437.7047419897,105.65039273290314,0.07482044961503628
2944,93600.0,299.1313306435775,1.0761492674589692,7046.240330833048,-266437.7045097627,105.67920980577257,0.07481378800226378
2945,93625.0,299.13162629146944,1.0761467045711692,7048.119713872027,-266437.7045075247,105.70808348529087,0.07480719121973302
2946,93650.0,299.13141489537463,1.0761440645854534,7049.999178101004,-266437.7045158922,105.7369278445878,0.0748004802624138
2947,93675.0,299.13303804918667,1.0761413810492984,7051.878749774534,-266437.7046585259,105.76572712912717,0.0747936769561285
2948,93700.0,299.1317621720365,1.0761389498134954,7053.758403666664,-266437.7046456429,105.7945015841529,0.07478727591273883
2949,93725.0,299.12919738474653,1.076137095706214,7055.638098577737,-266437.7045409608,105.82333111288142,0.07478186915254242
2950,93750.0,299.12736842528034,1.076135751157799,7057.517892587368,-266437.70444340934,105.85222501434548,0.07477737862871348
2951,93775.0,299.1272194231037,1.076134690492321,7059.39769454234,-266437.7044411984,105.88115269162157,0.07477338821138216
2952,93800.0,299.1270386105663,1.0761337352974372,7061.277568442935,-266437.704424879,105.9099703570381,0.074769568122813
2953,93825.0,299.12710697731967,1.076132778492439,7063.157517021097,-266437.7043979917,105.93879453373962,0.07476573809523815
2954,93850.0,299.12563135149543,1.0761317454032708,7065.037618570441,-266437.70427242,105.96762080428658,0.07476177721376204
2955,93875.0,299.12386578371746,1.0761308548714474,7066.917778995709,-266437.70409407455,105.99637106698248,0.07475811028416784
2956,93900.0,299.12220193890283,1.0761301143050386,7068.797932741851,-266437.7039088043,106.02520108589793,0.07475478705895619
2957,93925.0,299.1235220922929,1.0761294267523098,7070.678153889335,-266437.70385043416,106.05401402242514,0.07475157550146501
2958,93950.0,299.1268625475957,1.0761288304607408,7072.558430966988,-266437.7038765915,106.08289804855252,0.07474849645150393
2959,93975.0,299.12562355304135,1.0761281992117113,7074.438791874656,-266437.7036880634,106.11176087207214,0.0747453183558559
2960,94000.0,299.1283045602845,1.076127228864122,7076.3192302519365,-266437.70374240156,106.1407495437353,0.07474154272205341
2961,94025.0,299.1266535676353,1.0761256984019802,7078.199750780211,-266437.7036595491,106.16978570402887,0.07473687699752425
2962,94050.0,299.1273173724836,1.0761233025087182,7080.080302028457,-266437.70375253155,106.1989664926314,0.07473088457644285
2963,94075.0,299.12622439878623,1.0761198576248308,7081.960979101546,-266437.70375759143,106.22812532816019,0.07472332962213231
2964,94100.0,299.1294443929182,1.0761154107925794,7083.841687345694,-266437.70398046693,106.25724550387864,0.07471432782462062
2965,94125.0,299.12737316059867,1.0761102960215774,7085.722427751286,-266437.7039538383,106.28656028478315,0.07470442470218032
2966,94150.0,299.1275185527477,1.0761047630603298,7087.60321732097,-266437.70401148783,106.31595851499836,0.07469398326030788
2967,94175.0,299.12614157906637,1.07609902661725,7089.484032961584,-266437.7039743377,106.3455723769093,0.07468337061994614
2968,94200.0,299.12684579319716,1.0760932736050293,7091.364959008638,-266437.7040179077,106.37519016851918,0.07467292938138548
2969,94225.0,299.1250295019088,1.076087753535353,7093.246008795392,-266437.7039176491,106.40484064567906,0.07466315476992148
2970,94250.0,299.12647159015,1.0760825180074043,7095.127090754621,-266437.703999776,106.43444885089201,0.07465423482553578
2971,94275.0,299.1273270901758,1.0760777691790033,7097.008259280837,-266437.7040643229,106.46398939019744,0.07464653667563934
2972,94300.0,299.1284706877461,1.0760737815898638,7098.889545355078,-266437.7041673678,106.49352103307551,0.07464049187128606
2973,94325.0,299.1304603028477,1.0760706256444736,7100.770897027564,-266437.704322882,106.52280571127555,0.0746359988791751
2974,94350.0,299.12784166308205,1.0760681038655455,7102.652438568732,-266437.70427521045,106.55186360493003,0.07463252246498603
2975,94375.0,299.12516647502326,1.076066014336917,7104.534059702277,-266437.7042975754,106.58077046124558,0.07462952732974913
2976,94400.0,299.125228047364,1.0760643731944906,7106.415710523338,-266437.7044843806,106.60970287728144,0.07462692240510585
2977,94425.0,299.12319981497734,1.0760628710543982,7108.297375292806,-266437.7045486348,106.63864484116864,0.0746240564137005
2978,94450.0,299.1241318751267,1.0760611779120504,7110.179106583633,-266437.7047142501,106.66745979154085,0.07462038883294174
2979,94475.0,299.1253014636473,1.0760592163310956,7112.060953496077,-266437.70483431243,106.69641225346763,0.07461598579418348
2980,94500.0,299.12674788616874,1.0760570079391698,7113.942903061157,-266437.7049473055,106.72550670669803,0.07461097282791013
2981,94525.0,299.1270351305619,1.0760543520008938,7115.82491176145,-266437.70499385236,106.75474463369109,0.07460505466130117
2982,94550.0,299.12717453872017,1.0760509652475132,7117.707074839527,-266437.7050683041,106.78423588088059,0.07459770298357361
2983,94575.0,299.12562517303473,1.076046571827524,7119.589291321037,-266437.70507637993,106.81393232864168,0.07458856400804292
2984,94600.0,299.1246233155786,1.0760414653266326,7121.471564524057,-266437.7051542438,106.84373986901177,0.0745782728084869
2985,94625.0,299.122477987498,1.076036192230408,7123.353811590302,-266437.7051518199,106.87359311833002,0.07456781792810899
2986,94650.0,299.12302505802995,1.0760311312353528,7125.236090549818,-266437.7052365811,106.90322584588777,0.07455785983707179
2987,94675.0,299.12263992938495,1.0760266290718423,7127.118435539928,-266437.70521321427,106.93277969846055,0.07454893418116915
2988,94700.0,299.12286595026285,1.0760230076948807,7129.000827565285,-266437.70517940813,106.96216011787669,0.07454157867737261
2989,94725.0,299.1275785843932,1.0760204607580819,7130.883229971898,-266437.7053372356,106.99143220200672,0.07453610969899668
2990,94750.0,299.1286378643716,1.0760190540510415,7132.765748123249,-266437.7053347546,107.02063393290987,0.0745326600913853
2991,94775.0,299.12900481807117,1.0760186178698745,7134.648453672562,-266437.7053879794,107.04967213992873,0.07453107787433158
2992,94800.0,299.1254215059591,1.0760188979841847,7136.531244535574,-266437.70536112075,107.07847905368084,0.07453106314734383
2993,94825.0,299.1238471127819,1.0760196937207742,7138.414039056326,-266437.7055291141,107.10720653629484,0.07453243798708531
2994,94850.0,299.12026191875424,1.0760208209237612,7140.296631694927,-266437.70564134704,107.13583602893715,0.07453489259877576
2995,94875.0,299.1206479108819,1.0760221954828655,7142.1790658400005,-266437.70598297764,107.16438546695598,0.07453823064085449
2996,94900.0,299.1206880539436,1.0760235237459677,7144.0613136297325,-266437.70630352607,107.19283150873098,0.07454163752641532
2997,94925.0,299.11742669401895,1.0760242501667772,7145.943422579599,-266437.70642233745,107.22144064876586,0.07454386913497889
2998,94950.0,299.11809007724867,1.0760239094142485,7147.825639333213,-266437.7066904249,107.25020175614095,0.07454394931643883
2999,94975.0,299.1156514450007,1.0760225264444438,7149.707989749435,-266437.70673611143,107.27917437211114,0.07454170822222224
3000,95000.0,299.1105663208937,1.0760201768299449,7151.5904056504405,-266437.7065769746,107.3082214081973,0.07453703809841167
3001,95025.0,299.110510231402,1.0760169219409277,7153.472867140675,-266437.70657408977,107.33743773362205,0.0745300303131246
3002,95050.0,299.1075978431575,1.0760130303030295,7155.355420429228,-266437.70631105034,107.36667119813524,0.07452147741147742
3003,95075.0,299.11070696327187,1.0760087349090095,7157.2379906798615,-266437.7062389039,107.3958590136485,0.07451213149134489
3004,95100.0,299.11291057282375,1.076004150083194,7159.120610852903,-266437.70610094315,107.42515384836389,0.07450237992235165
3005,95125.0,299.1150888697057,1.075998965513417,7161.00323746495,-266437.70607049816,107.4546072197827,0.07449179119538703
3006,95150.0,299.1144790105317,1.075992941026493,7162.885857128581,-266437.7060573941,107.48428976543626,0.07447999490078706
3007,95175.0,299.11077943040846,1.0759860634973397,7164.7684959431435,-266437.70605815074,107.51398822584225,0.07446701285460994
3008,95200.0,299.1083661432376,1.0759785694029016,7166.651218313496,-266437.7062285369,107.54364764728044,0.07445318200952698
3009,95225.0,299.1043556493916,1.07597106633444,7168.533985869981,-266437.7063953491,107.57323924152828,0.07443928549280178
3010,95250.0,299.0993582668002,1.0759640502601564,7170.416849329119,-266437.7064859407,107.60280597464855,0.07442603531495628
3011,95275.0,299.1012627529887,1.0759579775343064,7172.299741397735,-266437.7068393097,107.63234086664458,0.07441418780433821
3012,95300.0,299.104894345946,1.0759531953755939,7174.182667154766,-266437.7071475,107.66169181369624,0.07440441520079656
3013,95325.0,299.1058858565589,1.0759496438840956,7176.0656309141705,-266437.70719973487,107.69086927184254,0.0743968886308339
3014,95350.0,299.1087454478724,1.0759471055831944,7177.948712852949,-266437.70723466034,107.71988156915425,0.07439153764510781
3015,95375.0,299.112260381853,1.0759454676171523,7179.831850521654,-266437.7072384784,107.74889126038906,0.07438844131299736
3016,95400.0,299.1123372306934,1.075944591868301,7181.715000158096,-266437.7071145456,107.77771917567121,0.07438746315324275
3017,95425.0,299.1127621562852,1.0759440279434496,7183.598249067035,-266437.707118401,107.80656265805172,0.07438772652971065
3018,95450.0,299.1113644946457,1.0759433318979787,7185.48158205288,-266437.70714295603,107.83537178480736,0.07438813172132056
3019,95475.0,299.11074756214197,1.0759421630242818,7187.36501722858,-266437.7072606239,107.86425482384108,0.07438775077262695
3020,95500.0,299.1128982989083,1.0759403595939527,7189.248500285328,-266437.70758509904,107.89334910724928,0.0743858622972526
3021,95525.0,299.1111541404154,1.0759376490183095,7191.132095326377,-266437.707747353,107.92266730211782,0.07438172810500775
3022,95550.0,299.11080840963785,1.0759339647149624,7193.015811356592,-266437.7079336203,107.95218511577903,0.07437527632594555
3023,95575.0,299.10900242625723,1.0759297350088175,7194.899590229601,-266437.7079750885,107.98175529155645,0.07436734810405646
3024,95600.0,299.10917133553784,1.0759254295316796,7196.78338354666,-266437.7080268598,108.01145292672177,0.07435879592286504
3025,95625.0,299.111744384777,1.0759214076889174,7198.667266661923,-266437.7080751545,108.04105697664684,0.07435041440846003
3026,95650.0,299.115471626914,1.0759176265829746,7200.551230790985,-266437.7081062111,108.07062105131594,0.07434240447087327
3027,95675.0,299.1192366119557,1.075913727763099,7202.435273310099,-266437.7081131663,108.10029578830913,0.07433432551739323
3028,95700.0,299.1209746722797,1.0759094443710788,7204.319382580602,-266437.7080582153,108.12997106789922,0.07432574017827667
3029,95725.0,299.11999049417005,1.0759045438943886,7206.203644701642,-266437.70795517083,108.15968438602862,0.07431617953795382
3030,95750.0,299.1190490893001,1.0758989374243917,7208.087961968979,-266437.7079656057,108.18947228747389,0.07430547817002091
3031,95775.0,299.11493391479837,1.0758929803210193,7209.972362865427,-266437.7078867088,108.21933065655234,0.0742942238346526
3032,95800.0,299.10877990878186,1.0758870731948558,7211.856753566867,-266437.7077048305,108.24910654390594,0.0742830229695571
3033,95825.0,299.1089144004621,1.075881418918918,7213.741136711374,-266437.7077771372,108.27872741144805,0.07427219786860031
3034,95850.0,299.1113575361896,1.0758761773750678,7215.625533050512,-266437.7078837181,108.3083580231741,0.0742620213069742
3035,95875.0,299.1124408358592,1.0758715566534907,7217.50993099988,-266437.7078426936,108.33800413504612,0.07425288416776461
3036,95900.0,299.1142063155533,1.0758677820217313,7219.394396636364,-266437.70779826614,108.36745507562289,0.07424529963780048
3037,95925.0,299.11318501788526,1.0758649128812807,7221.278935471134,-266437.7076201452,108.39681968422208,0.07423942571867458
3038,95950.0,299.1147964372059,1.0758629348469884,7223.163572035199,-266437.7075998139,108.4261230191949,0.07423521432488758
3039,95975.0,299.11526247521994,1.0758616262061396,7225.0482639363945,-266437.70758977556,108.45537364089911,0.07423223859649124
3040,96000.0,299.1131008651766,1.0758609678833708,7226.93298647889,-266437.70751808654,108.48446778866601,0.07423052789652528
3041,96025.0,299.1133887946533,1.0758609093797933,7228.8177560892955,-266437.70762793155,108.5135858587552,0.07423006936226167
3042,96050.0,299.11556984226155,1.0758612508489422,7230.702561995609,-266437.70788147696,108.54272201500713,0.07423056577938439
3043,96075.0,299.11594789345224,1.075861878668418,7232.587414090004,-266437.7081109015,108.57192928033291,0.0742317226237407
3044,96100.0,299.118273423646,1.075862653530377,7234.472310373828,-266437.7084838536,108.60109395259991,0.07423315796387521
3045,96125.0,299.1180574624651,1.0758635711315379,7236.357318284846,-266437.70875396725,108.63028315211209,0.07423473484351062
3046,96150.0,299.1162285486277,1.0758647430259263,7238.242413198986,-266437.70897604234,108.65964389290014,0.074236573897823
3047,96175.0,299.112818282481,1.0758660189195093,7240.127577902551,-266437.70908519276,108.68908232633423,0.07423824507874016
3048,96200.0,299.1095435203899,1.0758670746692898,7242.0129049947445,-266437.7091225268,108.71859108516456,0.0742390752159178
3049,96225.0,299.10870739704984,1.0758677312568297,7243.898366114199,-266437.70919398934,108.74807158579237,0.07423878131147542
3050,96250.0,299.10998259455977,1.075867954441166,7245.783961463665,-266437.70927564765,108.77758517633565,0.07423741964383264
3051,96275.0,299.1101444763003,1.0758677972913926,7247.669628295972,-266437.7092207299,108.8072187280472,0.07423519932284842
3052,96300.0,299.113798148816,1.0758672083196845,7249.5553526693875,-266437.70930914977,108.83692566808604,0.0742321350584125
3053,96325.0,299.1116159070078,1.075866315542457,7251.441193376438,-266437.7090803048,108.8664758745907,0.0742286270464964
3054,96350.0,299.1120851515554,1.0758654130932888,7253.3271437903895,-266437.70894026215,108.89597796377524,0.07422538123295144
3055,96375.0,299.1147444233208,1.0758648998691092,7255.213218871938,-266437.70886507444,108.92532789888743,0.0742232279668412
3056,96400.0,299.11556408058067,1.075864996946897,7257.099418037393,-266437.70868430403,108.954450925199,0.07422265369098244
3057,96425.0,299.11930033017285,1.0758654809243506,7258.985651152597,-266437.7086501256,108.98359663625463,0.07422313930673642
3058,96450.0,299.11837761316394,1.0758662078021133,7260.871894326897,-266437.70842187013,109.01280719581563,0.07422412226217717
3059,96475.0,299.1185198785409,1.0758670574074067,7262.758153180821,-266437.70830610045,109.04191698071895,0.07422506034858387
3060,96500.0,299.1211783819019,1.0758680328868555,7264.6444510923375,-266437.70834354265,109.07101321605138,0.0742258267450724
3061,96525.0,299.1211346882218,1.0758691763553228,7266.530758987801,-266437.708316324,109.1002337349227,0.07422654724580884
3062,96550.0,299.1194370334101,1.0758704099466747,7268.417159794965,-266437.7082449126,109.12947381532264,0.07422725639351398
3063,96575.0,299.1197855318762,1.0758714892297643,7270.303646760437,-266437.70834693237,109.15867024793296,0.07422771083550912
3064,96600.0,299.1201990896145,1.075872139097335,7272.190206788248,-266437.70850666147,109.18778851506252,0.07422745470364328
3065,96625.0,299.1214447739732,1.0758722719069356,7274.076873192753,-266437.7087716082,109.21689340323982,0.07422631245923027
3066,96650.0,299.1200299343556,1.0758718273013796,7275.963613662314,-266437.70895826566,109.24604288653406,0.07422416161286817
3067,96675.0,299.1159354189489,1.0758708850499776,7277.850402108425,-266437.7090531293,109.27505489689264,0.07422113092133854
3068,96700.0,299.11056614630235,1.075869757358531,7279.737259657754,-266437.7090766539,109.30407001444553,0.07421780341044858
3069,96725.0,299.1039635141157,1.0758688963083598,7281.624188544836,-266437.708961048,109.33298307752443,0.07421497187839306
3070,96750.0,299.1022188889619,1.0758687095408657,7283.511211329311,-266437.7089540597,109.36180363508085,0.0742134283078259
3071,96775.0,299.1045159447706,1.0758692966579855,7285.398101270827,-266437.70898776606,109.3907505751953,0.0742134474826389
3072,96800.0,299.10592559409974,1.0758705575442016,7287.284752500482,-266437.7088519635,109.41956360190909,0.07421479205987636
3073,96825.0,299.11036803741115,1.0758720426154842,7289.171212165468,-266437.7088111312,109.44833572099327,0.07421639340707006
3074,96850.0,299.1156418205968,1.075873370840108,7291.057461872189,-266437.70881097583,109.47716815848237,0.07421735403794039
3075,96875.0,299.11627470156105,1.0758741911573468,7292.943574484606,-266437.7086753632,109.50613988090593,0.07421711074989164
3076,96900.0,299.11771752204584,1.0758740719315347,7294.829776974429,-266437.7086989494,109.53533888170294,0.07421510009749757
3077,96925.0,299.11819899036226,1.0758725695256657,7296.7160598435075,-266437.7087902049,109.56473771323368,0.07421077626164176
3078,96950.0,299.11991660485063,1.0758695805997613,7298.602410395903,-266437.70903025893,109.59437863667856,0.07420421511313198
3079,96975.0,299.12206372500054,1.0758653089826835,7300.488893774669,-266437.70934794395,109.62408909080085,0.07419592251082252
3080,97000.0,299.12167833852703,1.0758601340473868,7302.375435509569,-266437.7095842802,109.65391443816942,0.07418647517039922
3081,97025.0,299.1177717410778,1.0758545912827164,7304.262113023247,-266437.70964471146,109.68363906521739,0.07417653482587065
3082,97050.0,299.1191172346205,1.0758491826143362,7306.148841726234,-266437.7098943131,109.7133152212131,0.07416658352254299
3083,97075.0,299.11700857847006,1.0758444835711194,7308.035656942061,-266437.70984989754,109.74285802377862,0.07415734089926503
3084,97100.0,299.1160806782285,1.075840826364127,7309.922558805181,-266437.70974135626,109.77214978584547,0.07414940356564019
3085,97125.0,299.1165317234829,1.075838224994599,7311.80953708187,-266437.7095957552,109.8013102883992,0.07414297947720891
3086,97150.0,299.11827810808825,1.0758368954756503,7313.69655487625,-266437.7094772435,109.83029182982396,0.07413864010366052
3087,97175.0,299.1203755662786,1.0758369911485315,7315.583545195374,-266437.709402661,109.85903438266403,0.07413687111398964
3088,97200.0,299.12147794140554,1.0758384497679936,7317.4706318843155,-266437.7093382434,109.88779129772307,0.07413774997302255
3089,97225.0,299.1211966230858,1.0758411947141313,7319.357785055226,-266437.7092738675,109.91646674271841,0.07414127659115427
3090,97250.0,299.11969429192334,1.0758452612962361,7321.245066895821,-266437.7092432332,109.9451319094144,0.07414764919659227
3091,97275.0,299.1180730661929,1.0758505594006034,7323.132512672698,-266437.70930021035,109.97360711082361,0.07415674439413542
3092,97300.0,299.1153314842122,1.0758569765060886,7325.02001024237,-266437.70933694375,110.00192766936091,0.07416837385494128
3093,97325.0,299.11268057455345,1.0758642797888383,7326.90759066289,-266437.70933998615,110.03005359793147,0.07418206668821375
3094,97350.0,299.11286585578944,1.075872050403877,7328.795247651044,-266437.70945072715,110.05799977587506,0.07419688809908456
3095,97375.0,299.113859189923,1.0758797222222218,7330.682959594631,-266437.70957821934,110.0858327789621,0.0742114937553833
3096,97400.0,299.1096880452056,1.0758866818426431,7332.570754196528,-266437.70941637084,110.11358042471208,0.07422442277472824
3097,97425.0,299.1103963454923,1.0758925642349901,7334.458582702058,-266437.7094765442,110.14148053679793,0.0742349108026684
3098,97450.0,299.10813221394056,1.075897279229859,7336.346459859303,-266437.7093484459,110.16956415660964,0.07424293427987524
3099,97475.0,299.10832659946294,1.075900845376344,7338.234398995153,-266437.70930107543,110.1978044236559,0.07424872204301076
3100,97500.0,299.10920805267176,1.0759033598839083,7340.122418294305,-266437.7093007634,110.22600619370094,0.07425258207029992
3101,97525.0,299.1078671016554,1.07590497098646,7342.010440142695,-266437.7092265744,110.25429830560925,0.07425487911025146
3102,97550.0,299.10578287581967,1.0759055955526908,7343.898577657313,-266437.7091255776,110.28278465356105,0.07425548941884198
3103,97575.0,299.1060413570667,1.0759053609321303,7345.786804409893,-266437.7091555253,110.31134991333761,0.07425472079037801
3104,97600.0,299.1052482012888,1.0759048237251743,7347.675148719907,-266437.7091284221,110.34004401964572,0.07425363446054752
3105,97625.0,299.10636008499733,1.075904609358231,7349.563602818301,-266437.7091985943,110.36869138227087,0.07425329673749732
3106,97650.0,299.10678331176973,1.075904975753674,7351.452081693158,-266437.7092687214,110.39724286707433,0.07425401652183243
3107,97675.0,299.10506604633264,1.0759057941870438,7353.340563207306,-266437.7092650689,110.42578928903902,0.07425554879879881
3108,97700.0,299.10541302948485,1.0759069469282723,7355.22905674975,-266437.7093887372,110.45432641856972,0.07425774965154927
3109,97725.0,299.10533497502735,1.0759080700964625,7357.1175724253935,-266437.7095290731,110.48280992775989,0.07425996505894963
3110,97750.0,299.1039852885466,1.0759091070395368,7359.00611381452,-266437.7096257904,110.51126597524909,0.0742620465016608
3111,97775.0,299.10415176863813,1.0759101791988,7360.8946469838165,-266437.7097826962,110.53977662992715,0.07426424582262213
3112,97800.0,299.10434468744035,1.0759113518578003,7362.783265374656,-266437.70988930843,110.56827096423599,0.07426665467394798
3113,97825.0,299.1043214073009,1.0759129238921,7364.67198705865,-266437.7099021892,110.59676562599014,0.07426986673089277
3114,97850.0,299.10518899539915,1.0759151075441409,7366.560824962537,-266437.709841493,110.62514225457463,0.07427425200642056
3115,97875.0,299.1058682648701,1.0759180636499783,7368.449764088351,-266437.70967720385,110.6534322448652,0.0742800846170304
3116,97900.0,299.10721347920065,1.0759217133996362,7370.338746796803,-266437.7094729175,110.68163869554056,0.0742871153887285
3117,97925.0,299.10760403431743,1.0759256497754968,7372.227750757847,-266437.70919860504,110.70977204329695,0.07429454564892025
3118,97950.0,299.1095071855301,1.0759296400555731,7374.116867994753,-266437.7090780968,110.73790567158275,0.07430198001496208
3119,97975.0,299.1143690464749,1.0759335879273502,7376.006041400096,-266437.7092180824,110.7660724946581,0.07430930213675216
3120,98000.0,299.1120288740794,1.075937492256755,7377.895271975745,-266437.70915438444,110.79440133781907,0.07431661144932182
3121,98025.0,299.1122731061291,1.075941240123852,7379.784515010453,-266437.7093976886,110.82274791148836,0.07432374065769808
3122,98050.0,299.11069848874,1.0759447356174616,7381.673796778728,-266437.709684198,110.85110958885687,0.07433050816522577
3123,98075.0,299.10755563668425,1.075947807298335,7383.56311054267,-266437.70997719286,110.87947384965857,0.07433647748612891
3124,98100.0,299.10438342304053,1.0759502196266664,7385.4524849486825,-266437.71027000016,110.90792844853334,0.07434108906666669
3125,98125.0,299.10198646577146,1.075952121347835,7387.341897758253,-266437.71047931345,110.9363493607379,0.07434459138409044
3126,98150.0,299.09713545720126,1.0759538550261163,7389.231358928035,-266437.7103520415,110.96471260249442,0.07434772870696091
3127,98175.0,299.0948277839945,1.0759557108908777,7391.120870919852,-266437.71009164554,110.99303515931373,0.07435109878516627
3128,98200.0,299.0966887757542,1.0759579435389366,7393.010448422914,-266437.70975817635,111.02121424470013,0.07435510067114097
3129,98225.0,299.09949549733807,1.0759607155484554,7394.900079941628,-266437.70930511196,111.04930638040469,0.07436003194888181
3130,98250.0,299.10426326296226,1.075963886830618,7396.789831858287,-266437.7088989142,111.07736400883637,0.07436562333652723
3131,98275.0,299.1116990937638,1.0759674693486587,7398.67968541708,-266437.7087656983,111.10523893380163,0.07437182364836102
3132,98300.0,299.11319981370406,1.075971453984466,7400.569600224692,-266437.70858601993,111.13311629907437,0.07437865230343656
3133,98325.0,299.1124217003833,1.075975926292278,7402.459625139957,-266437.7086092056,111.1610063562008,0.07438635343543928
3134,98350.0,299.10914934332845,1.0759811331206801,7404.349681506846,-266437.7087885435,111.18871788048911,0.07439552089314197
3135,98375.0,299.1049573433253,1.0759872378826527,7406.239772243716,-266437.7091371707,111.21634631494473,0.07440659683248302
3136,98400.0,299.09963851163576,1.0759941783019868,7408.129902192102,-266437.7095353843,111.24394851854214,0.07441952523642548
3137,98425.0,299.0950150322928,1.0760017102188226,7410.020095426267,-266437.70994330273,111.27153341438283,0.07443379806670918
3138,98450.0,299.09083135021814,1.0760095139641073,7411.910405503758,-266437.7102447703,111.29904282616545,0.07444869310820856
3139,98475.0,299.0878081198518,1.0760174772823776,7413.800741329393,-266437.7103403664,111.3264368096603,0.074463974522293
3140,98500.0,299.0898407576148,1.076025593866072,7415.691197604997,-266437.71033972746,111.3538661274541,0.0744796341929322
3141,98525.0,299.0928853576283,1.0760337343517927,7417.58173355038,-266437.710073865,111.38142723456397,0.07449535349034586
3142,98550.0,299.10128577113204,1.0760417123767099,7419.47234401282,-266437.7098943421,111.40909775066284,0.07451067716618942
3143,98575.0,299.10804050487747,1.0760494149703137,7421.363056950369,-266437.70961222454,111.43671127512721,0.07452534520780324
3144,98600.0,299.1120896386862,1.0760566781134073,7423.253832404969,-266437.7093236621,111.46434032760995,0.07453902755696876
3145,98625.0,299.11599544490406,1.0760632333121423,7425.144692903887,-266437.70922401483,111.49204516168678,0.07455124200042383
3146,98650.0,299.11658463351387,1.0760688597606183,7427.035599498664,-266437.70920387167,111.51993020527485,0.07456166264166933
3147,98675.0,299.115766132042,1.076073489940703,7428.9265623770525,-266437.70933926327,111.5479362355993,0.07457031268530286
3148,98700.0,299.11099970212814,1.0760771731766696,7430.817589606953,-266437.70943818166,111.5761131886313,0.07457753233830848
3149,98725.0,299.1060035507941,1.076079963068783,7432.708750593745,-266437.70961309545,111.60430751830687,0.07458361788359791
3150,98750.0,299.10150943044584,1.0760819453083676,7434.600025911656,-266437.70977798075,111.63264031788849,0.07458869956627528
3151,98775.0,299.10007432043193,1.0760831835871403,7436.4914511885445,-266437.7099658949,111.66107209454313,0.0745925188240271
3152,98800.0,299.10015307675275,1.0760836261761284,7438.382753410602,-266437.7100413629,111.68959677777777,0.07459482112274027
3153,98825.0,299.1017438604951,1.0760834381737474,7440.273865962575,-266437.70996816235,111.71824024667087,0.07459576284083705
3154,98850.0,299.1060542275758,1.076082975171685,7442.1647371614245,-266437.70980916556,111.74690349033278,0.0745958759640782
3155,98875.0,299.11200176996243,1.0760821704689478,7444.055364121767,-266437.70958425774,111.77563263603716,0.07459491782847488
3156,98900.0,299.11333237218923,1.0760806687783757,7445.94576558736,-266437.70909222914,111.80447747502902,0.07459228328581989
3157,98925.0,299.11389714724555,1.0760781979100693,7447.836223815483,-266437.7085807211,111.83337976546335,0.07458755087608193
3158,98950.0,299.1135875349799,1.0760748091168089,7449.726757228013,-266437.70809591666,111.86250747346205,0.07458084784214417
3159,98975.0,299.1138578135026,1.076070672362869,7451.617350702942,-266437.7077498684,111.8916196570675,0.07457258554852324
3160,99000.0,299.11237532521403,1.076066427712749,7453.50799372518,-266437.7074336974,111.92059778097648,0.07456396140461882
3161,99025.0,299.1105469106056,1.076062982711364,7455.398732170871,-266437.7071836129,111.94938284218848,0.07455665886569685
3162,99050.0,299.1077293485093,1.0760611573400778,7457.28956433427,-266437.7069007537,111.9781874536832,0.07455227073453476
3163,99075.0,299.1083485560477,1.0760613347029075,7459.180440031594,-266437.7067925624,112.00678652560049,0.07455178592498948
3164,99100.0,299.1077809690368,1.0760634746708793,7461.071396753121,-266437.7066219065,112.035041345129,0.07455541558715115
3165,99125.0,299.10816711886764,1.0760673240682246,7462.962403515886,-266437.7065401929,112.06317185081068,0.07456293219625186
3166,99150.0,299.1100483603836,1.0760725918324385,7464.853525110923,-266437.70659338514,112.09120074507945,0.07457401484054312
3167,99175.0,299.1079626987589,1.0760786924452859,7466.744752199272,-266437.7065281726,112.11918117950334,0.0745874574915825
3168,99200.0,299.1069107983596,1.0760848683075626,7468.636088369609,-266437.70657147386,112.14706210844638,0.07460140138845063
3169,99225.0,299.1069323109363,1.0760904924290218,7470.527526349513,-266437.70666732406,112.17501480946369,0.07461426740273398
3170,99250.0,299.10321976148475,1.0760952078208763,7472.419106524111,-266437.7065495903,112.20312580163983,0.0746251733417429
3171,99275.0,299.1019915964696,1.0760987460067253,7474.310775355808,-266437.7064976095,112.23123771815885,0.07463328131567888
3172,99300.0,299.10226899264677,1.0761011184998421,7476.202498107877,-266437.706429247,112.25944160405501,0.07463832944637044
3173,99325.0,299.10004276097504,1.076102506196177,7478.09425435968,-266437.7061443239,112.28782457466914,0.07464068262969967
3174,99350.0,299.1009892685569,1.0761033125459316,7479.986063589383,-266437.7059284779,112.31640289123355,0.07464145354330712
3175,99375.0,299.10425340018935,1.0761040630772458,7481.877981582166,-266437.70573900634,112.34489302455914,0.07464211607892529
3176,99400.0,299.1058190367227,1.076105248032735,7483.769864958229,-266437.7054348969,112.37312508666452,0.0746439684188438
3177,99425.0,299.1079455494026,1.076107087895951,7485.66181141251,-266437.70521620015,112.4012324265785,0.07464754111600588
3178,99450.0,299.11082562965333,1.0761095496487363,7487.553854410494,-266437.70516803005,112.42919597158429,0.07465272486106744
3179,99475.0,299.113768069078,1.0761124430817608,7489.445941795061,-266437.70531315537,112.45709246740036,0.07465889297693921
3180,99500.0,299.11321476003394,1.076115678926962,7491.33809518756,-266437.7054581895,112.48495139809278,0.07466555276118622
3181,99525.0,299.109118235387,1.076119097632516,7493.230320209814,-266437.7056129533,112.51286224051952,0.07467222606327259
3182,99550.0,299.1069919847109,1.07612234610954,7495.122666511036,-266437.70594106737,112.54088552529055,0.07467820693266312
3183,99575.0,299.10122438190996,1.076125267169179,7497.0150990197735,-266437.70609885384,112.5689374581239,0.07468330674204356
3184,99600.0,299.1010722368398,1.0761278066980635,7498.907632770788,-266437.7064593147,112.5970629087388,0.07468783621140765
3185,99625.0,299.0969573361586,1.076129879786566,7500.8002221580755,-266437.706486059,112.62529826082856,0.07469224189160914
3186,99650.0,299.09678812906645,1.0761312489279362,7502.692815830549,-266437.70656181383,112.65360128919562,0.07469655454450373
3187,99675.0,299.0957108966964,1.0761317756168964,7504.585425154317,-266437.7064610782,112.68202107277284,0.07470097208281055
3188,99700.0,299.0967062776214,1.076131577401484,7506.478142193047,-266437.7063669386,112.71053548468687,0.07470591063029164
3189,99725.0,299.100697653292,1.076130696133751,7508.370914480969,-266437.7063544934,112.73910177314518,0.0747113248693835
3190,99750.0,299.10371791120906,1.076129121591977,7510.263813091181,-266437.7062571818,112.76772131682851,0.07471689282356629
3191,99775.0,299.1070061283421,1.0761269514411025,7512.156796376345,-266437.7061827748,112.7962628526524,0.07472214129072684
3192,99800.0,299.1060074082894,1.076124559974945,7514.0498814502425,-266437.70594529714,112.82469787827534,0.07472674057834848
3193,99825.0,299.1051659676481,1.076122498852014,7515.943016272582,-266437.7057829787,112.8529618166353,0.07473068252974328
3194,99850.0,299.1045168238919,1.0761210801251953,7517.836229074687,-266437.70568922814,112.88102400125189,0.07473402514345333
3195,99875.0,299.1026816959745,1.0761202291405922,7519.729545420095,-266437.70555968414,112.90890779912382,0.07473664685022946
3196,99900.0,299.1026820166827,1.0761199631946614,7521.622893029076,-266437.70552796905,112.93688980033357,0.07473884746116152
3197,99925.0,299.10420603669,1.0761202519282882,7523.51630454366,-266437.7056037629,112.96490308223882,0.07474089410047949
3198,99950.0,299.1015242795669,1.076121140356361,7525.409864875052,-266437.7055394916,112.99275082619562,0.07474314358653748
3199,99975.0,299.09878327010455,1.0761226449999997,7527.303547527904,-266437.70547526056,113.02049468468742,0.0747458382291667
3200,100000.0,299.1002280573783,1.076124727376861,7529.197333013942,-266437.7055640166,113.04816758669158,0.07474915713839428
3201,100025.0,299.1012725717264,1.076127202373516,7531.091200925868,-266437.70553885604,113.07584275421603,0.07475295096814494
3202,100050.0,299.1034021852434,1.0761298955146212,7532.9851744153275,-266437.70548118965,113.10348899968771,0.07475696981996048
3203,100075.0,299.1071376156891,1.0761323894090717,7534.879252540147,-266437.70542681037,113.13114608551801,0.07476038493549732
3204,100100.0,299.1081528075927,1.0761342229849191,7536.773391056671,-266437.7052132087,113.1588280248569,0.07476230421216852
3205,100125.0,299.1122536746729,1.0761353013100434,7538.667644637751,-266437.7051914381,113.1866872452692,0.07476261010605119
3206,100150.0,299.1141689210066,1.0761358631119422,7540.5620406970065,-266437.7051144633,113.21447467581324,0.07476183889408589
3207,100175.0,299.1162994850378,1.0761361543017451,7542.456559976922,-266437.70510572544,113.24235127639226,0.07476052389858691
3208,100200.0,299.1174237363669,1.076136400540147,7544.351118376223,-266437.70511971554,113.27027829116018,0.07475911540459129
3209,100225.0,299.11244714112195,1.0761366039460016,7546.245729632077,-266437.70489680703,113.29815625773614,0.07475762866043617
3210,100250.0,299.1082909015887,1.0761367021696246,7548.140392399347,-266437.70475189475,113.3260548160489,0.07475596958372266
3211,100275.0,299.1064785887302,1.0761367153383141,7550.035130122241,-266437.7046978779,113.3539190742008,0.07475420745122462
3212,100300.0,299.1044244759835,1.076136510218902,7551.92992200829,-266437.70453690755,113.38185040647359,0.07475210582010587
3213,100325.0,299.10548453764824,1.0761357331466497,7553.824796414428,-266437.70443437586,113.40992151099346,0.07474904075917864
3214,100350.0,299.10875369777136,1.0761343346811816,7555.719726900562,-266437.7043772682,113.43815861161212,0.07474496734059102
3215,100375.0,299.1106563502285,1.0761324644485901,7557.614760152458,-266437.7042748499,113.46630203036887,0.0747402903192372
3216,100400.0,299.1113312410118,1.076130196767174,7559.509942092727,-266437.70418220933,113.49445349290217,0.07473531530411362
3217,100425.0,299.1098569150616,1.0761276129065669,7561.405210123567,-266437.70411875925,113.52266951325863,0.07473029469649892
3218,100450.0,299.10854757046746,1.0761249107383242,7563.300526648536,-266437.70419126045,113.55082068882665,0.07472553070311697
3219,100475.0,299.1055788622158,1.0761221926501032,7565.195868937258,-266437.70423460164,113.5789440001034,0.07472108623188412
3220,100500.0,299.10502044158176,1.0761195754941526,7567.091286078227,-266437.7043975734,113.6071048223118,0.07471688181724108
3221,100525.0,299.1049129521006,1.0761172954686526,7568.986748753146,-266437.7045151823,113.63517243989229,0.07471294020277267
3222,100550.0,299.10543911531744,1.0761152878270759,7570.882263587744,-266437.7045680786,113.66325972334252,0.07470883597062784
3223,100575.0,299.1055004109806,1.0761131988213397,7572.7778487010855,-266437.70447231724,113.69135918734479,0.07470392814309353
3224,100600.0,299.10630716537514,1.0761106355555554,7574.67346520123,-266437.70433139557,113.71954203193788,0.07469775886304916
3225,100625.0,299.1073122816702,1.0761073001653232,7576.569143984387,-266437.7041324398,113.7477097098573,0.07469011779293248
3226,100650.0,299.10572728024005,1.0761028974279514,7578.464947991107,-266437.7037915765,113.77592805805176,0.07468079010432813
3227,100675.0,299.1087301796782,1.0760973533663774,7580.3608291208075,-266437.70371876314,113.8043213463444,0.074669806794713
3228,100700.0,299.10805933292085,1.0760908384432744,7582.256722022391,-266437.70353631175,113.83277723732829,0.074657444306803
3229,100725.0,299.1110532881325,1.0760836484004126,7584.152713401952,-266437.7036022964,113.8613731506707,0.07464412332301348
3230,100750.0,299.11401442112907,1.0760762648302895,7586.048773360148,-266437.7037488396,113.89000151614557,0.07463052439905093
3231,100775.0,299.1126995160895,1.0760692027640262,7587.944895989883,-266437.703756704,113.9187610429042,0.07461734663778885
3232,100800.0,299.1106718084343,1.076062828951438,7589.8411242506345,-266437.7037420097,113.94740148396733,0.07460511434168478
3233,100825.0,299.10783335786476,1.0760576011131722,7591.737358417842,-266437.7036564628,113.97573098546681,0.07459454504225939
3234,100850.0,299.1102296599695,1.0760539436373,7593.633641273766,-266437.7037641682,114.00387653797002,0.07458638299845448
3235,100875.0,299.11249765945655,1.0760519992789448,7595.530037723929,-266437.70378167514,114.03179329892863,0.07458104748660906
3236,100900.0,299.114953800021,1.0760517222737098,7597.426498605489,-266437.70373159327,114.05954374915035,0.07457869652970865
3237,100925.0,299.11643546757296,1.0760529655136912,7599.322984034991,-266437.70362363616,114.08708343092434,0.0745792946263126
3238,100950.0,299.119153274262,1.0760556791190694,7601.2196419113825,-266437.7036090102,114.11447760100843,0.07458295801173208
3239,100975.0,299.1196784878604,1.0760597965020573,7603.116269218097,-266437.7035493829,114.14159611378591,0.07458974578189308
3240,101000.0,299.12054410593475,1.0760649694538718,7605.012713358727,-266437.70359585533,114.16861122853018,0.07459903630566704
3241,101025.0,299.12213452128356,1.076070710158338,7606.908876634475,-266437.7037708207,114.19553710559315,0.07460979518815553
3242,101050.0,299.12050701593216,1.0760765010792472,7608.804838935338,-266437.7038139842,114.22247801253972,0.07462084582177003
3243,101075.0,299.1198565118171,1.0760818586107683,7610.700581942859,-266437.7039020758,114.24933503586095,0.07463116748869715
3244,101100.0,299.1196728380076,1.0760864381099122,7612.596097110724,-266437.7039869031,114.27633958551606,0.074640156343092
3245,101125.0,299.11950444690945,1.0760899367426573,7614.491407286907,-266437.7040203329,114.30343787102062,0.0746472996508524
3246,101150.0,299.120615202341,1.0760920412688633,7616.386491231486,-266437.70410186343,114.33070446720038,0.07465221681552209
3247,101175.0,299.1214184622336,1.0760924864532015,7618.281384538168,-266437.7041833438,114.35817443082911,0.07465462838669956
3248,101200.0,299.11888439047954,1.0760912671591254,7620.176161827527,-266437.7041204988,114.3859733194828,0.07465469190520166
3249,101225.0,299.1197512911799,1.0760885517948715,7622.07070661917,-266437.7042403848,114.413785052205,0.07465277548717954
3250,101250.0,299.11627500779286,1.0760848951091968,7623.965149358854,-266437.7041070698,114.44170931067352,0.07464953101609767
3251,101275.0,299.1131271819397,1.0760810041000406,7625.859405215755,-266437.70390336734,114.46958848759726,0.0746457223247233
3252,101300.0,299.1147169616768,1.0760773978891276,7627.753456586526,-266437.7037926531,114.4975106456603,0.0746419106465827
3253,101325.0,299.1130895183368,1.0760742627535338,7629.6473136105205,-266437.7033906988,114.52545168828098,0.07463822741241555
3254,101350.0,299.1157719081417,1.0760716576548897,7631.540959583605,-266437.7031298005,114.55332969165376,0.07463468847926273
3255,101375.0,299.1171490488333,1.0760697270679767,7633.434439612704,-266437.7028146757,114.58110022235861,0.07463171406633912
3256,101400.0,299.11802613110257,1.0760683970934395,7635.327703474966,-266437.7025189338,114.60871251744949,0.07462926967557063
3257,101425.0,299.11814794117083,1.0760673790669117,7637.220697235307,-266437.70226813504,114.63630093820329,0.07462678054020877
3258,101450.0,299.11945480004124,1.076066494834816,7639.1135070405935,-266437.70219328545,114.66397344369427,0.0746240435716478
3259,101475.0,299.1183681926384,1.0760656824130876,7641.006178923608,-266437.7021216771,114.69146396850705,0.07462114775051129
3260,101500.0,299.1149979380562,1.0760650166615553,7642.898714539189,-266437.7020181695,114.71893749463344,0.07461833241337018
3261,101525.0,299.11181115961614,1.0760645484365416,7644.791072893204,-266437.701930692,114.74644270549753,0.07461579910075623
3262,101550.0,299.11163951864376,1.0760642035958725,7646.683251822954,-266437.7019358466,114.77399586025119,0.07461347594238435
3263,101575.0,299.11436114389335,1.0760639552696076,7648.575251380197,-266437.70201120834,114.80175160580053,0.07461132169117651
3264,101600.0,299.1127376760596,1.0760637030117404,7650.467090572832,-266437.701786626,114.82953990076558,0.07460914201123027
3265,101625.0,299.11132209644865,1.076063409573382,7652.35878073075,-266437.7014824456,114.8575744560113,0.07460687221882022
3266,101650.0,299.11071451270317,1.0760631410060195,7654.250353582991,-266437.7011019286,114.88569615702465,0.07460463575145397
3267,101675.0,299.11309094186083,1.0760629484904116,7656.141709411046,-266437.70076945657,114.91385082976322,0.07460253906568752
3268,101700.0,299.11704250892257,1.0760626325073923,7658.032897173947,-266437.700456307,114.94194386876707,0.07460024645661266
3269,101725.0,299.1181877709484,1.0760620609582057,7659.923908035769,-266437.7000509686,114.97004673435256,0.07459754841997965
3270,101750.0,299.12046778742524,1.0760610022419237,7661.814723508905,-266437.69984332036,114.99813744675417,0.07459406654437994
3271,101775.0,299.12094431988623,1.0760593024653624,7663.705379092084,-266437.6996931034,115.02614589038292,0.07458952526487371
3272,101800.0,299.1189978432634,1.0760570901313775,7665.595818112831,-266437.6996034477,115.05419636439542,0.07458416009776966
3273,101825.0,299.11745554113253,1.0760545390959069,7667.486051740978,-266437.69966974674,115.0823904919567,0.07457835186316436
3274,101850.0,299.11563359877897,1.0760518220865136,7669.376111844365,-266437.69984096714,115.11072923949096,0.07457248325699749
3275,101875.0,299.110278647131,1.076048934371184,7671.265978478927,-266437.699868997,115.13908536752123,0.07456670197395202
3276,101900.0,299.1099145795955,1.07604584223375,7673.155698511432,-266437.7001004478,115.16737752202205,0.07456106408300278
3277,101925.0,299.1091552781171,1.0760426617856413,7675.045227638996,-266437.7001760476,115.19564323042492,0.07455581584299373
3278,101950.0,299.10968957751385,1.0760396163464467,7676.934583658624,-266437.70014359074,115.2238417017382,0.07455126359662502
3279,101975.0,299.1110219419719,1.07603708953252,7678.823804564116,-266437.69995553885,115.25179601656491,0.07454776951219516
3280,102000.0,299.11384718012835,1.076035280199126,7680.71286907324,-266437.699697755,115.27956859290855,0.07454560713197199
3281,102025.0,299.1144527170428,1.0760340593134265,7682.601775405027,-266437.699237,115.30740562858001,0.07454457261832219
3282,102050.0,299.120885421566,1.0760332607371303,7684.490496703412,-266437.6990716065,115.33521403919167,0.0745443231800183
3283,102075.0,299.12274635434466,1.0760327399512786,7686.379030576522,-266437.6987826078,115.36303141869658,0.07454461347949658
3284,102100.0,299.1244709899547,1.076032270826991,7688.267404266351,-266437.6986935568,115.39083443663102,0.07454509071537294
3285,102125.0,299.1260660311426,1.076031646480016,7690.15563841762,-266437.6988106109,115.41869231030621,0.07454542848447965
3286,102150.0,299.1225193175138,1.0760307601663113,7692.043681612098,-266437.69885470567,115.44653991542425,0.07454539275935507
3287,102175.0,299.1195230260547,1.0760295801905915,7693.931524661486,-266437.699063514,115.47444478862515,0.07454460766423361
3288,102200.0,299.1127708853759,1.076028193777237,7695.81918112029,-266437.6991265078,115.50234070791512,0.07454307033546168
3289,102225.0,299.1107057870318,1.0760267758865245,7697.706733257031,-266437.69936360203,115.53011161458952,0.07454123546099295
3290,102250.0,299.10877210908575,1.0760255241567909,7699.594109643968,-266437.6994897703,115.55790521128316,0.07453950511496003
3291,102275.0,299.1085516636294,1.0760245390846492,7701.481251185592,-266437.69951777055,115.5855083763668,0.07453800516403407
3292,102300.0,299.111417469886,1.0760238714444779,7703.368203429892,-266437.69948881486,115.61317098643572,0.07453676576576582
3293,102325.0,299.11674150323864,1.076023462355798,7705.254964473577,-266437.69942192896,115.64080478384926,0.07453559178303992
3294,102350.0,299.12008347779505,1.0760231596358114,7707.1415627698425,-266437.6991685637,115.66840916074847,0.07453418330804254
3295,102375.0,299.1245230905142,1.0760227461569574,7709.027975427275,-266437.6989374749,115.69594580764549,0.0745321297532363
3296,102400.0,299.1245231400267,1.0760221571125261,7710.914227812749,-266437.6985517139,115.72353406389634,0.07452940006066126
3297,102425.0,299.12834347766363,1.076021080654942,7712.800346470881,-266437.6984978272,115.75104383110963,0.07452562219526991
3298,102450.0,299.1282038740026,1.0760194372031924,7714.686299899555,-266437.69845976075,115.77865165585517,0.07452091128624841
3299,102475.0,299.12393755939434,1.076017284545454,7716.572068041302,-266437.6984090911,115.80622403848471,0.07451560737373743
3300,102500.0,299.12195347339235,1.0760148664041194,7718.4576754985255,-266437.69861090096,115.83381166151658,0.07451032252852677
3301,102525.0,299.12115630032343,1.0760125572380368,7720.343126726519,-266437.6989040735,115.8612904775892,0.07450575227135076
3302,102550.0,299.1207647926132,1.0760106702997267,7722.228432249157,-266437.69919076114,115.8886480545967,0.07450240760924418
3303,102575.0,299.1171003261707,1.0760093284907175,7724.113546509473,-266437.699234514,115.91598485028234,0.07450036309523815
3304,102600.0,299.11709933272857,1.0760081737771046,7725.9984707799185,-266437.69930975814,115.94334254180521,0.0744988938981342
3305,102625.0,299.1167063833438,1.0760069044162122,7727.883197258812,-266437.69921166083,115.9707736665657,0.0744973199233717
3306,102650.0,299.1190156208047,1.076005211773006,7729.76773121781,-266437.69910417317,115.99818850771078,0.07449493841346644
3307,102675.0,299.12138772198745,1.0760029226118493,7731.652070005632,-266437.69888653787,116.02584055290193,0.07449133625554218
3308,102700.0,299.1237390013099,1.075999728014505,7733.536219310858,-266437.6986344064,116.05363833544865,0.07448577586380584
3309,102725.0,299.1247597172209,1.075995315709969,7735.420157978539,-266437.69837928016,116.08159100493441,0.07447768257804638
3310,102750.0,299.1265423290047,1.0759896519681862,7737.303901254292,-266437.6982941963,116.10978717426747,0.07446721886640496
3311,102775.0,299.12443495642145,1.0759831286231878,7739.1874814193725,-266437.6981494064,116.13820287429537,0.07445524788647348
3312,102800.0,299.1208953700577,1.0759764311298916,7741.070901406266,-266437.69805501075,116.16666354361594,0.07444288399235341
3313,102825.0,299.1179914784755,1.0759702515590417,7742.954203338551,-266437.69806439866,116.19510425749334,0.07443117491450418
3314,102850.0,299.11691331603856,1.0759649170437398,7744.83729006404,-266437.6981586226,116.22346071080932,0.07442069944695832
3315,102875.0,299.1131927783478,1.0759608536389218,7746.720200864885,-266437.69807373354,116.25161717752299,0.07441226427422602
3316,102900.0,299.1125224531207,1.0759584110139677,7748.602941628467,-266437.69803914195,116.27950554466875,0.07440669580946643
3317,102925.0,299.1110342455298,1.0759576693791435,7750.485521317649,-266437.6978444597,116.30715008549313,0.07440447900341576
3318,102950.0,299.1128311428145,1.0759582892437476,7752.367908308112,-266437.69775032654,116.3347386331223,0.07440520357537415
3319,102975.0,299.11592674136585,1.0759599017068266,7754.250092471874,-266437.697740964,116.36226293604405,0.0744081368473896
3320,103000.0,299.1197496791131,1.0759622484191502,7756.13214559258,-266437.69781315885,116.38958040389429,0.07441271504566901
3321,103025.0,299.1226727957058,1.0759650677302823,7758.014021886803,-266437.6979417521,116.41677863505909,0.07441828456752965
3322,103050.0,299.12424735831115,1.0759680499548596,7759.895720630844,-266437.6981204234,116.4439106296518,0.07442403942220889
3323,103075.0,299.1223598086646,1.0759711687725626,7761.777239389378,-266437.69821750914,116.47104511141183,0.07442990272763743
3324,103100.0,299.12265010576476,1.0759745114786963,7763.658575353271,-266437.6984931079,116.49817515989963,0.07443611959899754
3325,103125.0,299.11861618290277,1.0759783267187808,7765.539747704037,-266437.69862134213,116.52524183644005,0.07444331268791346
3326,103150.0,299.11537476294995,1.0759827288848807,7767.420782935867,-266437.6988058563,116.55217847800809,0.07445186794910334
3327,103175.0,299.1168663337343,1.0759877687299673,7769.301733617476,-266437.69916241,116.57905293609763,0.07446199248798081
3328,103200.0,299.11637601922536,1.0759932392109737,7771.182526665654,-266437.6993247473,116.6058828284769,0.07447314378692305
3329,103225.0,299.11934989990027,1.0759985373373369,7773.063087117706,-266437.6995370372,116.6327633365364,0.07448380390390395
3330,103250.0,299.12167392294646,1.0760030749524663,7774.943439292594,-266437.6996491295,116.65972625687968,0.07449251165816076
3331,103275.0,299.1216044080636,1.0760064363745494,7776.823588967976,-266437.69964548334,116.68677395958369,0.07449836664665871
3332,103300.0,299.1196903651369,1.0760085078507846,7778.7035829412835,-266437.6995824584,116.71401225762563,0.07450125372537258
3333,103325.0,299.11685710697896,1.076009460907818,7780.583377303129,-266437.699500725,116.7413783273344,0.07450172055588886
3334,103350.0,299.114248722739,1.076009726636681,7782.463044809086,-266437.6994127938,116.76869732753609,0.0745007850074963
3335,103375.0,299.11233613639126,1.0760098078537164,7784.342553508583,-266437.6993093027,116.79616282683838,0.07449948371302961
3336,103400.0,299.1139473293381,1.0760099955049438,7786.221934290969,-266437.6992995207,116.82358893447193,0.0744983521126761
3337,103425.0,299.1173290183746,1.0760103710804867,7788.101113932684,-266437.69934279524,116.85097587008174,0.07449748971439987
3338,103450.0,299.1193156989122,1.0760109508834974,7789.980102497244,-266437.6992893333,116.87818869192357,0.07449693111710096
3339,103475.0,299.12120955838355,1.0760116217564863,7791.858921116456,-266437.699267091,116.90541828413158,0.07449649690618766
3340,103500.0,299.1231002638934,1.0760122695799654,7793.737542807832,-266437.6993134542,116.93269937942716,0.0744960005986232
3341,103525.0,299.1250898677442,1.0760129701775378,7795.616002371425,-266437.69945641345,116.96007152533399,0.07449558697386797
3342,103550.0,299.1246600356968,1.0760138593080062,7797.4942601502535,-266437.69961486704,116.987597086848,0.0744955131119753
3343,103575.0,299.122346492923,1.076014969098883,7799.372367542952,-266437.69980749115,117.01508380392728,0.07449586024720897
3344,103600.0,299.1197468536127,1.0760161818634773,7801.250271199292,-266437.70004048344,117.04251189935212,0.07449641026407577
3345,103625.0,299.11506191860957,1.076017669356445,7803.128007523201,-266437.7001986204,117.0698004513846,0.07449750478182908
3346,103650.0,299.11511319440325,1.076019632506722,7805.005536197381,-266437.70055584615,117.09696560561682,0.0744995665770342
3347,103675.0,299.1140495594388,1.076022151732377,7806.882835810324,-266437.70078218356,117.12405344812808,0.07450278634010359
3348,103700.0,299.11469304608374,1.0760248568726978,7808.7599261892,-266437.70103326876,117.1511389312231,0.07450640499651642
3349,103725.0,299.11554387781126,1.076027219701492,7810.636842028745,-266437.70124378125,117.17827630865656,0.07450932139303487
3350,103750.0,299.11760892360525,1.0760288594449412,7812.513620851973,-266437.70145727653,117.20542893205993,0.0745107677310256
3351,103775.0,299.1202645370926,1.0760295045743828,7814.390275512917,-266437.7016737521,117.23272495256548,0.07451025278440736
3352,103800.0,299.1189138408394,1.0760291394770847,7816.26679863037,-266437.70166952495,117.26015722566841,0.07450783765781892
3353,103825.0,299.1171741171739,1.0760279735639031,7818.143189555049,-266437.70164977154,117.28772288252819,0.0745039988073942
3354,103850.0,299.1195838495781,1.0760261799304516,7820.019448883943,-266437.7018225287,117.31526236522588,0.07449914475906612
3355,103875.0,299.1194879914584,1.0760239923520059,7821.895573099115,-266437.70188654657,117.34281641348812,0.07449376966626942
3356,103900.0,299.11760564363055,1.0760217435210002,7823.771513869813,-266437.701888467,117.37047172395972,0.07448847165127599
3357,103925.0,299.11718335844785,1.0760197724836207,7825.647312708645,-266437.70200826396,117.39815833601335,0.074483840083383
3358,103950.0,299.11512155165263,1.0760182720055567,7827.522928867013,-266437.7020907761,117.42574481155091,0.0744802157388112
3359,103975.0,299.1124012444448,1.076017106448412,7829.398384959117,-266437.7021515378,117.45319966339271,0.07447733472222226
3360,104000.0,299.11021731369664,1.0760159177824054,7831.273655441525,-266437.70224635536,117.48068478498449,0.07447457830010913
3361,104025.0,299.10811143704177,1.076014452210985,7833.148774469551,-266437.7023132313,117.50826078445357,0.07447149563751738
3362,104050.0,299.10585483060794,1.076012761819803,7835.023702000287,-266437.70228714455,117.53588773010196,0.07446814035087723
3363,104075.0,299.10495790338916,1.0760111296076094,7836.898451982846,-266437.7022177221,117.56334229865227,0.07446477675386448
3364,104100.0,299.1070209125313,1.0760095834571564,7838.773024077552,-266437.7022226351,117.59075486111925,0.07446131193660231
3365,104125.0,299.1105904496934,1.0760077899584068,7840.647374322032,-266437.7022461132,117.61814972410366,0.07445711477520305
3366,104150.0,299.11344524363966,1.0760054411444404,7842.521556930194,-266437.7022386399,117.64577015711303,0.07445167042867047
3367,104175.0,299.11644002345645,1.0760025512668243,7844.395566001077,-266437.7022961205,117.67341551662695,0.07444513628266038
3368,104200.0,299.1184037370143,1.0759990610467987,7846.269394770642,-266437.70240303763,117.70113815187482,0.07443765073711293
3369,104225.0,299.11781134075216,1.0759948437190894,7848.143150041234,-266437.7025717113,117.72900818298702,0.07442925034619194
3370,104250.0,299.1158594268767,1.075990075546326,7850.016981258367,-266437.7028268072,117.75698118965674,0.07442040423217645
3371,104275.0,299.1123409536382,1.0759850939106361,7851.89083243247,-266437.70310337597,117.78494424001569,0.07441163018979839
3372,104300.0,299.1077562217614,1.0759799805316725,7853.764745874876,-266437.7033272805,117.81303163178167,0.07440286490759962
3373,104325.0,299.1064239521838,1.0759748009286698,7855.638740518957,-266437.7036158864,117.84104595168927,0.07439394329183961
3374,104350.0,299.10818966469174,1.0759697862716044,7857.5127876843335,-266437.7039012347,117.8690163313579,0.07438496691358029
3375,104375.0,299.1099757603677,1.0759649186413898,7859.38689840135,-266437.70400745474,117.89692968740114,0.07437583353080574
3376,104400.0,299.11346068038733,1.0759601156845322,7861.261130476446,-266437.70404266624,117.92481756894668,0.0743664482282105
3377,104425.0,299.11433052279494,1.0759555694691134,7863.135462214315,-266437.7038311626,117.95265189332927,0.0743572224195777
3378,104450.0,299.1170715502618,1.0759514458912889,7865.0098218263665,-266437.70366294286,117.98048251593161,0.07434850419256195
3379,104475.0,299.11946464921147,1.0759480646942796,7866.88426833628,-266437.7034640041,118.00832045502948,0.074340892800789
3380,104500.0,299.1229723799669,1.075945487429754,7868.758745754499,-266437.7033822589,118.03603568470855,0.07433459824509518
3381,104525.0,299.1217196050664,1.075943866745515,7870.633338752797,-266437.7031650406,118.06350233017926,0.07433000798344179
3382,104550.0,299.1224477973203,1.075943348999901,7872.508075321301,-266437.70316964743,118.09083985042851,0.07432754635924725
3383,104575.0,299.12124700167493,1.0759440045311266,7874.3829543254415,-266437.703195799,118.11821631875482,0.07432746985815607
3384,104600.0,299.12141976986743,1.0759456283604134,7876.257928316974,-266437.7034096506,118.14550051354003,0.07432940482520929
3385,104625.0,299.11928632348923,1.0759478258515454,7878.132943453916,-266437.7036141467,118.17268536572149,0.07433256300452849
3386,104650.0,299.11650635124533,1.075949968999114,7880.007994587233,-266437.7038708052,118.1999129873043,0.07433560377915563
3387,104675.0,299.1148273724915,1.0759515298110978,7881.8831250807625,-266437.70420725126,118.227220619933,0.07433737701692252
3388,104700.0,299.11304878853184,1.0759521225533588,7883.758286162277,-266437.7044973937,118.25480105271949,0.07433708891511757
3389,104725.0,299.11340324021666,1.075951482104228,7885.633492809918,-266437.7047965833,118.28250009714837,0.07433432438544743
3390,104750.0,299.11573215364234,1.0759495040794258,7887.508767726223,-266437.70504644664,118.31032985304226,0.07432914135456604
3391,104775.0,299.11580728223305,1.0759462248427671,7889.384082565631,-266437.7050136352,118.338321663915,0.07432191479952834
3392,104800.0,299.1173641085572,1.0759418372138716,7891.259480296971,-266437.7048826016,118.36644542263473,0.07431322870615978
3393,104825.0,299.11701056982946,1.0759367271655862,7893.13491254045,-266437.704530667,118.39471872785296,0.07430398222353177
3394,104850.0,299.1192302097205,1.0759311675012273,7895.010398337247,-266437.7042249633,118.42302710721638,0.0742949813451154
3395,104875.0,299.12054384452335,1.0759254768354927,7896.885925989484,-266437.703848891,118.451386003239,0.07428692069100908
3396,104900.0,299.12418426023,1.0759200282602295,7898.761496365015,-266437.7036294281,118.47976778755753,0.07428023766068102
3397,104925.0,299.1254787078677,1.0759150407102216,7900.637127016173,-266437.70335491485,118.50807861222276,0.07427516637237595
3398,104950.0,299.12336264048287,1.0759106594096302,7902.512756456787,-266437.70304991683,118.53635346062556,0.07427183269589098
3399,104975.0,299.1222594111768,1.0759068375490195,7904.388481719202,-266437.7029810051,118.56453974362735,0.07426986127450984
3400,105000.0,299.1178686409883,1.0759035963932175,7906.264261906191,-266437.7028937569,118.59273123787112,0.07426881701460358
3401,105025.0,299.11387609847185,1.0759009820693708,7908.140098778548,-266437.702929037,118.62090430736812,0.07426831990985698
3402,105050.0,299.10821024958403,1.0758989446566753,7910.015996651667,-266437.70291838096,118.64916326016251,0.0742681540797336
3403,105075.0,299.1051761288684,1.075897287211124,7911.891928718651,-266437.7030148356,118.67733096895799,0.07426793948296125
3404,105100.0,299.10729895516437,1.075895639647577,7913.7679306254395,-266437.7032825503,118.70556640176203,0.07426701752325016
3405,105125.0,299.1104829344298,1.0758936029555686,7915.644002686324,-266437.7034981162,118.73397392503416,0.07426468986102959
3406,105150.0,299.1089965275417,1.0758907421974366,7917.520201443876,-266437.7033772382,118.76243028235976,0.07426026895607087
3407,105175.0,299.1104140028368,1.0758868127934271,7919.396489071974,-266437.70334507053,118.79093455731602,0.07425345989827858
3408,105200.0,299.11246460966106,1.0758818005280137,7921.272822692859,-266437.70332208875,118.81960271076552,0.0742444119487631
3409,105225.0,299.1148634019554,1.0758758366568912,7923.14917788288,-266437.7032869014,118.84834679022474,0.07423352600195506
3410,105250.0,299.1157193531715,1.075869181667155,7925.025589090772,-266437.70316011936,118.8770956718459,0.07422140369393142
3411,105275.0,299.11543246903125,1.0758620667252832,7926.902086420171,-266437.70297540555,118.90593061860092,0.07420857248925364
3412,105300.0,299.11889931526554,1.0758546637366928,7928.778648428544,-266437.70298307954,118.9347982335188,0.07419542953413422
3413,105325.0,299.1187694556731,1.0758473877172425,7930.655297403327,-266437.7028320886,118.96356922349142,0.07418253993360674
3414,105350.0,299.1194447465109,1.0758404955588088,7932.531976692423,-266437.7027787947,118.99230755109801,0.07417020136652028
3415,105375.0,299.1179602207264,1.0758342075526928,7934.408743359375,-266437.702652347,119.02097348799758,0.07415872765417644
3416,105400.0,299.11757932904146,1.0758287347575843,7936.285539400827,-266437.70257474895,119.04970785162415,0.07414841761779341
3417,105425.0,299.1166481672522,1.0758241644236393,7938.162422247208,-266437.70247281564,119.07835943748773,0.07413947825238934
3418,105450.0,299.1216632772745,1.075820459978551,7940.03932331236,-266437.7026634251,119.1069527619186,0.07413198469338016
3419,105475.0,299.1217739104293,1.0758176937621828,7941.916301755348,-266437.7025706629,119.13539688050675,0.0741261516569201
3420,105500.0,299.12225268303655,1.075815864464581,7943.793378063809,-266437.70249926933,119.1636704308681,0.07412194972230345
3421,105525.0,299.12142602893084,1.0758146794272352,7945.670501924204,-266437.7023305086,119.19177354315207,0.0741188043054744
3422,105550.0,299.12239755516646,1.0758136676404708,7947.547672253859,-266437.7022287955,119.21985919359228,0.07411582013828029
3423,105575.0,299.1247111465152,1.075812176791277,7949.424949320178,-266437.70216669113,119.24804535416658,0.07411181727024925
3424,105600.0,299.12425709372303,1.0758099122141116,7951.30231059989,-266437.7019708031,119.27629764126512,0.07410634841849151
3425,105625.0,299.12253539151624,1.0758070084646814,7953.179740779419,-266437.7017719889,119.30469278838287,0.0740997458649543
3426,105650.0,299.1209174079374,1.0758036185195987,7955.057240210667,-266437.7016188845,119.33311873669868,0.07409231271277117
3427,105675.0,299.11901867697435,1.0758000012640991,7956.934785813192,-266437.7014749856,119.3616941442045,0.07408452781019062
3428,105700.0,299.1162266326436,1.07579634334597,7958.812379451626,-266437.7012704143,119.39033967716527,0.07407671847963451
3429,105725.0,299.1180787332366,1.0757927909620986,7960.689914754506,-266437.70128462114,119.41894574275987,0.0740690943634597
3430,105750.0,299.11610367550804,1.0757896048771003,7962.5674795354,-266437.70107718854,119.44756716176033,0.07406201671038573
3431,105775.0,299.11796344813564,1.0757869493006986,7964.4451329390895,-266437.7010732325,119.47612181691912,0.07405572008547011
3432,105800.0,299.1206357987188,1.0757848660064078,7966.322802919784,-266437.70112086146,119.50462433110003,0.07405030847655114
3433,105825.0,299.121779993594,1.075783395068918,7968.20056582371,-266437.70114116214,119.53304890992034,0.07404591778295479
3434,105850.0,299.1212698219316,1.0757826576419207,7970.078387459375,-266437.701161451,119.56141086598731,0.07404282115477927
3435,105875.0,299.1190303331398,1.0757827664920443,7971.956242765508,-266437.70115141175,119.58973661961576,0.07404130529685685
3436,105900.0,299.11566711463536,1.075783860246338,7973.834218837733,-266437.70112016314,119.61795931684603,0.07404174619338574
3437,105925.0,299.1134895273419,1.0757858173356596,7975.712226812959,-266437.7011313508,119.64608225605966,0.07404403723094825
3438,105950.0,299.11047420054325,1.0757885003392451,7977.590292866226,-266437.7010395466,119.67402836095758,0.07404798749636525
3439,105975.0,299.11153113391515,1.0757918838178286,7979.4684370712075,-266437.7010537793,119.70173365571699,0.07405357538759692
3440,106000.0,299.1117900247994,1.0757958268914067,7981.34649633206,-266437.70094086044,119.72924014317537,0.0740604829991282
3441,106025.0,299.1134857862681,1.0757998292659299,7983.224335621427,-266437.7008431389,119.75670240228543,0.07406757621537868
3442,106050.0,299.11502494897906,1.0758032871526761,7985.101949372044,-266437.700712194,119.78430100464706,0.0740734469939007
3443,106075.0,299.1166023323659,1.0758058813395268,7986.97937295798,-266437.7006024973,119.81213256755706,0.07407742499032136
3444,106100.0,299.11715201374017,1.0758076636671496,7988.856624310774,-266437.7004898405,119.84006233633279,0.07407968582486699
3445,106125.0,299.1173511496425,1.0758088370090917,7990.733882801204,-266437.70040445466,119.86813994834586,0.07408064267750052
3446,106150.0,299.1191034190121,1.0758095078812484,7992.611191036635,-266437.7004430183,119.89627589343385,0.07408048389904268
3447,106175.0,299.1169407466168,1.0758099178267586,7994.488518412204,-266437.7003818641,119.92439457076561,0.07407973646558394
3448,106200.0,299.11361923929684,1.0758102848168543,7996.3658709633555,-266437.7003509474,119.9526910000966,0.07407897612834642
3449,106225.0,299.11249378753666,1.0758107110144919,7998.243343063462,-266437.70047403406,119.98101749526566,0.07407845603864738
3450,106250.0,299.11324423896497,1.0758109975852401,8000.120940539152,-266437.7006574184,120.00944676943877,0.07407775717183428
3451,106275.0,299.11368420731986,1.075810964078794,8001.998633769007,-266437.7007984504,120.03804617081882,0.074076460023175
3452,106300.0,299.11438963934785,1.0758105615406883,8003.876364697542,-266437.70093336736,120.06671388280719,0.07407442764745635
3453,106325.0,299.1096909177769,1.0758097859486577,8005.754114329265,-266437.70076360763,120.09536576153249,0.07407170160200736
3454,106350.0,299.111434745683,1.075808412831644,8007.631976759367,-266437.7008622771,120.12411591413408,0.07406797443318865
3455,106375.0,299.1118243618831,1.0758063801118818,8009.509925864278,-266437.7008614248,120.1528734398148,0.07406318576388891
3456,106400.0,299.1123052628488,1.0758037088998158,8011.387915205171,-266437.7008364673,120.18171827846878,0.0740573295728474
3457,106425.0,299.11266758415314,1.0758004922884123,8013.26600176295,-266437.7007874255,120.21062101918255,0.07405048322729905
3458,106450.0,299.11391301917746,1.075796944492627,8015.144063670891,-266437.70076250384,120.23956776958656,0.07404298111207482
3459,106475.0,299.1155717392105,1.0757931723506733,8017.02220169931,-266437.70076770254,120.2686489187861,0.0740351582851638
3460,106500.0,299.1159891515944,1.07578931734566,8018.900370005282,-266437.7007397912,120.29779874776074,0.07402749648463838
3461,106525.0,299.1167080848262,1.07578551867899,8020.778587100793,-266437.70078711753,120.32689876054302,0.0740204023685731
3462,106550.0,299.1171408897877,1.075781938588891,8022.656832404642,-266437.7009005922,120.3560673092694,0.07401432438155744
3463,106575.0,299.1157502926294,1.0757787014049258,8024.535196019999,-266437.7009929516,120.38526529695918,0.0740095547536567
3464,106600.0,299.1127540750365,1.0757757986531975,8026.413656499839,-266437.70102813875,120.41439733900911,0.07400586734006738
3465,106625.0,299.1100586835935,1.075773266108866,8028.292201604619,-266437.7010362572,120.44339704779763,0.0740030135603001
3466,106650.0,299.10875408451153,1.0757711919046233,8030.170834434076,-266437.70102033485,120.47238003134312,0.07400088558792428
3467,106675.0,299.1093921625341,1.075769649653978,8032.04957790425,-266437.70097138145,120.50123155901575,0.0739993270857363
3468,106700.0,299.11022828000426,1.0757686724320157,8033.9283282349215,-266437.7008083504,120.52991571451906,0.07399816584990876
3469,106725.0,299.1128532891455,1.0757682189241102,8035.807158601904,-266437.7006093902,120.55839888088376,0.07399729289145057
3470,106750.0,299.1135974258143,1.0757682861807345,8037.686023405918,-266437.70027549716,120.58661154787283,0.073996796792471
3471,106775.0,299.11646897206265,1.0757688595430095,8039.56496247003,-266437.70007980533,120.61477512970428,0.07399674020737332
3472,106800.0,299.12056043507096,1.0757698806027438,8041.444006060258,-266437.7000491892,120.64290283261349,0.0739971357136002
3473,106825.0,299.12068718058,1.07577133419689,8043.32309308941,-266437.6999796107,120.67096760410668,0.07399822059105743
3474,106850.0,299.1183347578901,1.0757732707913656,8045.202268227417,-266437.69994604343,120.69893060383691,0.07400037784172667
3475,106875.0,299.11448713693943,1.0757756315688518,8047.081482741832,-266437.6999364694,120.72672554459147,0.07400365726889149
3476,106900.0,299.1132558588826,1.075778260473587,8048.960765423144,-266437.7001036576,120.75445537973347,0.07400773156936061
3477,106925.0,299.11341770318234,1.0757808202031807,8050.840098658599,-266437.7002917148,120.78204560235767,0.07401175301897647
3478,106950.0,299.11249857775266,1.0757831543546983,8052.719459212401,-266437.7003598977,120.80965012283222,0.07401524077800138
3479,106975.0,299.1138051317054,1.0757852274904203,8054.598871611861,-266437.70044300787,120.83730528955938,0.07401805795019162
3480,107000.0,299.1142655807722,1.0757872423633041,8056.478401077164,-266437.7003525091,120.86505030135018,0.0740206050943216
3481,107025.0,299.11843447367454,1.0757891490522675,8058.358007205995,-266437.7003398432,120.89283107246793,0.07402278393643504
3482,107050.0,299.1237946626476,1.075790591826968,8060.237623116262,-266437.70036307327,120.92077944176476,0.07402391023064411
3483,107075.0,299.12575953511333,1.075791151262915,8062.11723898544,-266437.7002965942,120.94906500870647,0.07402326291618834
3484,107100.0,299.127640978097,1.0757904056432317,8063.996934217677,-266437.7003915593,120.97763239186992,0.07402025069344816
3485,107125.0,299.1260166905722,1.0757883220501039,8065.876749938116,-266437.70045658847,121.00634902772995,0.07401509342130431
3486,107150.0,299.12303019959893,1.0757850933945117,8067.756635372221,-266437.7005634024,121.03538916432461,0.07400845884714659
3487,107175.0,299.12113208945,1.075780985091742,8069.636597780658,-266437.70075974794,121.06453381288225,0.07400104080657498
3488,107200.0,299.121946401166,1.0757762031145492,8071.516619346307,-266437.701060476,121.09376833361993,0.07399327018247832
3489,107225.0,299.1206470376318,1.0757708491881555,8073.396641340096,-266437.7011909028,121.12303073686722,0.07398522387774599
3490,107250.0,299.1233683720046,1.0757650052515981,8075.276700415049,-266437.7014286739,121.15239292972403,0.0739768579203667
3491,107275.0,299.1229700886793,1.0757587224131337,8077.156813971058,-266437.70144556626,121.18178364280257,0.07396790626193209
3492,107300.0,299.1217632563226,1.0757521802652914,8079.037024989866,-266437.70136403776,121.2111186174253,0.07395837713522288
3493,107325.0,299.12079184249234,1.0757455957832462,8080.917351285041,-266437.70121994865,121.24048708347641,0.0739483053806526
3494,107350.0,299.1240900344306,1.0757389430615152,8082.797753013429,-266437.701221984,121.26990720410107,0.07393758664759185
3495,107375.0,299.1271327061408,1.075732117944316,8084.6782383349355,-266437.70119422214,121.29920005387106,0.07392614406941271
3496,107400.0,299.1295081667148,1.075725136688589,8086.558775496025,-266437.70114860375,121.32830556467445,0.07391403231341155
3497,107425.0,299.12939750409805,1.0757181862016378,8088.439322481304,-266437.7010672767,121.3572654152849,0.07390163207547175
3498,107450.0,299.12738236219917,1.07571159826617,8090.3199235577595,-266437.70096515684,121.38619133009429,0.07388956482804615
3499,107475.0,299.1241661663814,1.0757057813333322,8092.200562928933,-266437.70082142873,121.41499815066665,0.07387851638095241
3500,107500.0,299.1233077529282,1.0757010167571157,8094.081175005217,-266437.7007700182,121.4436986008759,0.07386900914024568
3501,107525.0,299.12550771949407,1.0756974671616206,8095.961829462382,-266437.7008495147,121.47235842194934,0.07386141252617555
3502,107550.0,299.123658655058,1.0756952089637442,8097.842552974193,-266437.70069702173,121.50089061737556,0.07385596298410889
3503,107575.0,299.1267443810887,1.075694269786909,8099.723283276617,-266437.70078243926,121.52927366856923,0.07385280013318116
3504,107600.0,299.12783550898763,1.0756945853542546,8101.604045011393,-266437.7008024253,121.55749848178789,0.07385191497860202
3505,107625.0,299.1301385849025,1.0756959356341498,8103.484855501311,-266437.70092935936,121.58559178094691,0.07385303375166384
3506,107650.0,299.1327230026618,1.0756979081836315,8105.365696408782,-266437.7011423583,121.613639069385,0.07385543455945254
3507,107675.0,299.1322246197268,1.0756999791904205,8107.246560259958,-266437.70132554177,121.64182755435192,0.07385806841505133
3508,107700.0,299.12841360919583,1.075701505937113,8109.127466599962,-266437.7014522182,121.67018401082926,0.07385962021468606
3509,107725.0,299.12452918005744,1.0757018816714137,8111.008428821728,-266437.70163224137,121.69866232535608,0.07385899449192784
3510,107750.0,299.1220606629645,1.0757008144877989,8112.889450388094,-266437.701877433,121.72732788066074,0.073855866229944
3511,107775.0,299.1185083365608,1.0756983310554278,8114.77057099979,-266437.7019593538,121.75612271298401,0.07385047826499623
3512,107800.0,299.1151078689633,1.0756944783186246,8116.651803939252,-266437.7018692477,121.78511363250777,0.07384307125913277
3513,107825.0,299.1150869060903,1.0756892681654322,8118.533047386529,-266437.7017525139,121.81421618857897,0.0738337980459116
3514,107850.0,299.1180155315319,1.075682602181127,8120.414362353987,-266437.70159732114,121.84342572811755,0.07382263802750119
3515,107875.0,299.1205458132351,1.0756746309252925,8122.29573779596,-266437.70129112166,121.87282831295028,0.07380983617747441
3516,107900.0,299.12262907193673,1.0756655799450274,8124.177115562486,-266437.7009317839,121.90237648308212,0.0737957295043124
3517,107925.0,299.12283867576315,1.075655665340154,8126.058321732403,-266437.7005252749,121.93208250691676,0.07378064174720486
3518,107950.0,299.121945669793,1.075645364118593,8127.939333547767,-266437.7001841197,121.96196843648758,0.07376516301979731
3519,107975.0,299.120844776705,1.0756352389204533,8129.820178604904,-266437.69994673313,121.9917226946969,0.07374998740530306
3520,108000.0,299.12305941730614,1.0756257842468984,8131.7008232608905,-266437.69996982405,122.02127428713428,0.0737356842753006
3521,108025.0,299.12219773405303,1.0756174475676685,8133.581449137118,-266437.69994262274,122.0505813467726,0.07372287469240964
3522,108050.0,299.1219298010223,1.0756103665436643,8135.462155505137,-266437.70003370725,122.07977514561446,0.07371193093007855
3523,108075.0,299.1195973434548,1.0756044607453639,8137.342930643946,-266437.70008040126,122.10891344135445,0.07370290796443438
3524,108100.0,299.11629918695076,1.075599545153663,8139.223787650856,-266437.7001034281,122.13798880671388,0.07369569749408987
3525,108125.0,299.1148089878053,1.0755954825108702,8141.104667597826,-266437.7002062065,122.1670766028549,0.07369029939497072
3526,108150.0,299.11424138795996,1.0755922164256673,8142.985580689614,-266437.7003089266,122.19615319525558,0.07368673556374637
3527,108175.0,299.113682941327,1.0755897548185929,8144.866545669199,-266437.70035844215,122.22511340863561,0.07368495190854123
3528,108200.0,299.1148063057528,1.0755878695570027,8146.747524832134,-266437.7003990745,122.25405672664581,0.0736845195050534
3529,108225.0,299.11819804523185,1.0755864145420195,8148.62850612982,-266437.7004957509,122.28304931133138,0.07368504844192639
3530,108250.0,299.121387739923,1.0755850970452172,8150.509546498518,-266437.7005776222,122.31200984093263,0.07368581893703394
3531,108275.0,299.1240666941303,1.0755834443186094,8152.390611320762,-266437.7006505995,122.3410595542657,0.07368582304643265
3532,108300.0,299.1251092035102,1.075581118501744,8154.271674842042,-266437.7006645676,122.37010708463056,0.07368436861968114
3533,108325.0,299.1259670837582,1.0755781240331999,8156.152804294548,-266437.7007286363,122.39923745406522,0.07368123882286365
3534,108350.0,299.1227360437534,1.0755748432814696,8158.033995605262,-266437.70065417275,122.42832796322483,0.07367693719943426
3535,108375.0,299.1184809814295,1.0755716164215672,8159.915306752999,-266437.70054734655,122.45723295446827,0.07367205109351435
3536,108400.0,299.11586487484726,1.075568691075298,8161.796660712451,-266437.7004759214,122.48621877259441,0.07366700565450951
3537,108425.0,299.11683299349954,1.0755662963067634,8163.678072352348,-266437.70047814224,122.51520178443558,0.073662358771434
3538,108450.0,299.1158872890651,1.0755645985683326,8165.559553414601,-266437.70029492816,122.5441244268625,0.07365858726570598
3539,108475.0,299.116976891055,1.075563581450093,8167.441068095557,-266437.7001500708,122.57304782796602,0.07365574171374768
3540,108500.0,299.119105435753,1.075563176409676,8169.322687858403,-266437.70002882916,122.60202752358083,0.07365381408265088
3541,108525.0,299.1203844742145,1.0755633124411808,8171.204389659685,-266437.6998900106,122.63105076134002,0.07365278900809338
3542,108550.0,299.121042392041,1.0755636745695727,8173.086206777101,-266437.69978067104,122.65997468021442,0.07365216897168128
3543,108575.0,299.11973941958274,1.075563851956357,8174.968057590464,-266437.699656697,122.6887830063957,0.07365119761098574
3544,108600.0,299.1184431885288,1.0755635821344607,8176.849985149208,-266437.6996180068,122.7176862077103,0.07364938909261874
3545,108625.0,299.1145328353077,1.0755626074450073,8178.731978703217,-266437.69949708617,122.74663556589576,0.07364633211129916
3546,108650.0,299.1142933904711,1.0755604763650022,8180.614066322415,-266437.69954069186,122.7757080015975,0.07364133088995399
3547,108675.0,299.1120424211765,1.0755572821307768,8182.496238485985,-266437.69942866894,122.8050243406613,0.07363458915821122
3548,108700.0,299.11147870320303,1.075553355687047,8184.378450332001,-266437.6993167092,122.83437527397379,0.07362669258946185
3549,108725.0,299.110287853897,1.0755490920187782,8186.260736227401,-266437.6990639674,122.8637161169952,0.07361831915492961
3550,108750.0,299.1115415295224,1.0755450287243018,8188.143049777605,-266437.6988348355,122.8930132974748,0.07361033605557124
3551,108775.0,299.11368427824726,1.0755414303678668,8190.025369484592,-266437.69860876526,122.92219539817933,0.07360310228978982
3552,108800.0,299.1139410718644,1.0755384590486903,8191.907812433137,-266437.69829486846,122.9513445381367,0.07359682409231638
3553,108825.0,299.11685997908484,1.0755361168636268,8193.790332938173,-266437.69813942065,122.98058582057767,0.07359149390358284
3554,108850.0,299.1165324360059,1.0755342167838713,8195.672948076683,-266437.6978727148,123.00993325897788,0.0735868120018753
3555,108875.0,299.11554095247493,1.0755324819085104,8197.55559586003,-266437.6975973709,123.03928256627287,0.07358233933258344
3556,108900.0,299.11566279589573,1.0755307609408666,8199.43830855485,-266437.6974071083,123.0686230769374,0.07357786777246746
3557,108925.0,299.11764576484944,1.0755291422147262,8201.321017759397,-266437.69733698736,123.09785069926916,0.07357364240209857
3558,108950.0,299.1180076434395,1.0755276793106665,8203.203782507615,-266437.69723763724,123.12708096469035,0.07356982944647374
3559,108975.0,299.1158504831464,1.0755264005617966,8205.086597656724,-266437.6970622662,123.15620739269653,0.07356656217228465
3560,109000.0,299.11445710839683,1.075525194889075,8206.96945859663,-266437.69693087175,123.18537437760918,0.07356376008611813
3561,109025.0,299.11219130376224,1.0755237547258083,8208.85236205482,-266437.69673229015,123.21472109863363,0.07356099840913344
3562,109050.0,299.1132979799797,1.075521859481709,8210.735316363907,-266437.6966244506,123.24417701169416,0.07355779174852652
3563,109075.0,299.1116482870373,1.075519359708192,8212.618344300861,-266437.6963266931,123.27360095482594,0.07355368443696221
3564,109100.0,299.1129402641424,1.075516065264141,8214.501409090584,-266437.69616351125,123.30305973987835,0.07354822917251051
3565,109125.0,299.1135364213875,1.0755119637315376,8216.384523517836,-266437.6959273932,123.3326140764628,0.07354132922041504
3566,109150.0,299.1125792600695,1.075507212410054,8218.267662826915,-266437.69558627723,123.36215178086151,0.07353323708064666
3567,109175.0,299.11385395693236,1.0755020251307912,8220.150830546412,-266437.6953504533,123.391544476831,0.07352435201793721
3568,109200.0,299.1155242125716,1.0754966225833555,8222.034056395798,-266437.6951497854,123.42098459932745,0.07351503763892779
3569,109225.0,299.1151605563029,1.0754911381886076,8223.917322234809,-266437.69485002354,123.45040748450037,0.07350548356676002
3570,109250.0,299.1146304029687,1.07548582320545,8225.800608803773,-266437.69454459555,123.47979699561272,0.07349601372164659
3571,109275.0,299.116139714726,1.0754809776035823,8227.683955960229,-266437.694303495,123.50910341619998,0.07348696827174317
3572,109300.0,299.11657317380383,1.0754767665827023,8229.567408066687,-266437.6940042217,123.53827493180326,0.07347858167739527
3573,109325.0,299.1179541886778,1.07547319464652,8231.450897217386,-266437.6937808946,123.56745894646512,0.07347093620593172
3574,109350.0,299.11797074219146,1.075470169137528,8233.33444504856,-266437.6935460375,123.59657614377613,0.07346405314685313
3575,109375.0,299.1200209491055,1.0754674997203566,8235.218028158073,-266437.6934744363,123.6255624407158,0.07345774347501863
3576,109400.0,299.12187340322464,1.0754651339110974,8237.101688534229,-266437.6934698539,123.65437426521284,0.07345193085453357
3577,109425.0,299.12293312455785,1.0754631072293632,8238.985405169258,-266437.69352641166,123.68316628032412,0.07344666368548534
3578,109450.0,299.12034824559964,1.0754616958181973,8240.869176870523,-266437.69351599633,123.7118062073204,0.07344244295427024
3579,109475.0,299.1197308295162,1.0754610547486019,8242.753046164042,-266437.6936830775,123.74036433649898,0.07343959162011171
3580,109500.0,299.1190671116079,1.0754613272828806,8244.636952353236,-266437.69389369845,123.76893217620767,0.07343847910267148
3581,109525.0,299.11839013353836,1.075462646473105,8246.520896813494,-266437.69410420174,123.79736165829138,0.07343954001488924
3582,109550.0,299.1153036625735,1.0754650396315923,8248.404869852528,-266437.69414306,123.82562090901472,0.07344301544329704
3583,109575.0,299.1162947285159,1.0754683851376474,8250.288905758074,-266437.69430106046,123.85370175213906,0.07344873390997021
3584,109600.0,299.1150626547655,1.0754724915853078,8252.1729703852,-266437.69424395653,123.88162039274748,0.07345627856810784
3585,109625.0,299.11687788538785,1.0754769303773921,8254.057077967263,-266437.6942740289,123.9095547840676,0.07346466750325338
3586,109650.0,299.11775522209854,1.0754810982250707,8255.941316797771,-266437.6941850202,123.93755480670933,0.07347245943685529
3587,109675.0,299.1212529101637,1.075484438127089,8257.825626381255,-266437.6941918666,123.96556068069482,0.07347835367892976
3588,109700.0,299.12450750849837,1.0754865377542477,8259.70999913577,-266437.6942103188,123.99381934735759,0.07348149475248442
3589,109725.0,299.1262464290624,1.0754871391829142,8261.594390176308,-266437.69421425276,124.02239217855144,0.07348154493964715
3590,109750.0,299.12628005068245,1.075486021628143,8263.478850430041,-266437.69421818457,124.05118240230196,0.07347837482595375
3591,109775.0,299.1235150861175,1.0754831133073484,8265.363433743118,-266437.69414671516,124.08016911646241,0.07347211033778765
3592,109800.0,299.1204395997775,1.0754786288152878,8267.248049250937,-266437.6940810838,124.10930360747741,0.07346328323592169
3593,109825.0,299.11996198599536,1.0754729702281567,8269.13261901399,-266437.6941082362,124.13857228167306,0.07345261426451492
3594,109850.0,299.1227022634216,1.0754665731108008,8271.016958006847,-266437.69425127516,124.16796787204441,0.07344084524802966
3595,109875.0,299.12361246301464,1.0754598516870586,8272.901081281872,-266437.69424360426,124.1974431745457,0.07342862671486834
3596,109900.0,299.1217637708277,1.075453091372439,8274.785041141491,-266437.694047702,124.22693705393374,0.07341639486609208
3597,109925.0,299.1218601746342,1.075446473411153,8276.668792075769,-266437.69389244047,124.25643296423931,0.0734044089308875
3598,109950.0,299.12269082346967,1.0754402021857912,8278.55256714197,-266437.6937198993,124.28588805019905,0.07339295739557282
3599,109975.0,299.12328641787053,1.0754343385185172,8280.436422477393,-266437.693480903,124.3152530826851,0.07338211694444441
3600,110000.0,299.1252816305657,1.0754289242802912,8282.320312332116,-266437.69329700107,124.34453838785515,0.07337196112191054
3601,110025.0,299.12739398982063,1.0754239400333134,8284.20426879621,-266437.69315079605,124.37375180427533,0.07336250869887097
3602,110050.0,299.12967362087164,1.0754193174206665,8286.08824189054,-266437.6931058611,124.40293395596254,0.07335373392543247
3603,110075.0,299.1294539097301,1.0754151394746565,8287.97228481325,-266437.6930551704,124.43206877423225,0.07334593386977428
3604,110100.0,299.12804105751286,1.0754116422561244,8289.85633088191,-266437.6930565189,124.46115346241324,0.07333968839574662
3605,110125.0,299.12562017655773,1.0754087761138829,8291.740432998693,-266437.69305497804,124.49023290312435,0.07333509160658158
3606,110150.0,299.12415321680083,1.0754064755567865,8293.624626080571,-266437.6930967565,124.51932921485991,0.07333208529710744
3607,110175.0,299.1239484858649,1.0754046150221717,8295.508888432452,-266437.69314139895,124.54827889855868,0.07333023891352546
3608,110200.0,299.1252206047845,1.0754030237369527,8297.393157951035,-266437.69317158515,124.57719590108054,0.07332901662510387
3609,110225.0,299.12686201560496,1.0754014759926118,8299.277493205713,-266437.69316135754,124.6060751987072,0.07332775060018464
3610,110250.0,299.12503073589977,1.0753996307578684,8301.161912130421,-266437.6929347828,124.63504221646811,0.073325759623373
3611,110275.0,299.1215654313402,1.0753970853636017,8303.046413390906,-266437.69257855776,124.66417262633804,0.07332246973052783
3612,110300.0,299.1230027384447,1.0753938332872024,8304.93095669673,-266437.6924012826,124.69344419669703,0.07331796761693879
3613,110325.0,299.1232576784728,1.0753901055155863,8306.815535225684,-266437.6921347539,124.72260799852417,0.07331265329275037
3614,110350.0,299.12473748741377,1.0753860662978318,8308.700181368267,-266437.691937529,124.75189408418618,0.0733066882434301
3615,110375.0,299.12653866408573,1.0753818551806773,8310.584882148401,-266437.6917807432,124.7812244170353,0.07330009992625364
3616,110400.0,299.12762862455094,1.0753776341351016,8312.469726941099,-266437.69164708344,124.81056247857332,0.07329306275919265
3617,110425.0,299.12646778551704,1.0753734127510584,8314.354683939917,-266437.69146743155,124.84000569707011,0.07328556182052694
3618,110450.0,299.124423418532,1.075369533388596,8316.239747233478,-266437.69128212234,124.86937609127742,0.07327818485769544
3619,110475.0,299.12336980257845,1.0753664302946582,8318.12490044612,-266437.6911372009,124.89854822053398,0.0732717381215469
3620,110500.0,299.1237041207771,1.0753644153548731,8320.010105860432,-266437.6910844152,124.92759533959303,0.07326694559513941
3621,110525.0,299.12323847634843,1.0753635888091282,8321.89533405815,-266437.6910144029,124.9564233706975,0.0732642091846125
3622,110550.0,299.1194942918394,1.075363792253196,8323.780620447775,-266437.6907920464,124.98512704085003,0.0732633927684239
3623,110575.0,299.1198172785138,1.0753646735651203,8325.665941338748,-266437.6907566457,125.0137194495952,0.07326393184326706
3624,110600.0,299.1214144628967,1.0753660142528725,8327.55132337139,-266437.69077298866,125.04226051622979,0.07326542068965512
3625,110625.0,299.12130427863593,1.0753677528957517,8329.436792014052,-266437.69069452124,125.07080117962852,0.07326772982165834
3626,110650.0,299.12117953561267,1.075369689091075,8331.32230696534,-266437.69059024926,125.09933429859379,0.07327048635235726
3627,110675.0,299.1211183518928,1.075371603914001,8333.20783800495,-266437.69045732287,125.12787665490619,0.07327323566703413
3628,110700.0,299.1201840299441,1.0753732266923846,8335.0934244429,-266437.6902354875,125.15646517626517,0.07327543382015242
3629,110725.0,299.1199100793389,1.0753743662993562,8336.979067755085,-266437.69001377426,125.18524410431579,0.07327675528007341
3630,110750.0,299.1196534701185,1.0753748564215542,8338.864787984015,-266437.68980365846,125.21416566069942,0.07327699017717797
3631,110775.0,299.11892456809846,1.0753745424926568,8340.750571815059,-266437.68961086654,125.243158333425,0.07327601872246692
3632,110800.0,299.1171545907882,1.0753735312413975,8342.63637423588,-266437.6894067118,125.27221283025953,0.07327405450041284
3633,110825.0,299.1185692952669,1.0753720401761135,8344.522239765995,-266437.68939472135,125.3012739927535,0.07327133159053381
3634,110850.0,299.1206259860615,1.0753702163227867,8346.408183508653,-266437.6894601102,125.33028148198062,0.07326792957359006
3635,110875.0,299.1189674447195,1.075368180968096,8348.29423794599,-266437.68942232785,125.35932214503104,0.07326400825082505
3636,110900.0,299.1139722647787,1.0753658762716516,8350.18034496791,-266437.68927000294,125.38854515928867,0.07325956291815595
3637,110925.0,299.1155953932564,1.0753633295766896,8352.066543214758,-266437.6894327242,125.41774426745451,0.07325476589701298
3638,110950.0,299.11454952157186,1.0753606695062736,8353.95272907336,-266437.68941788055,125.44701217284955,0.07324999102317484
3639,110975.0,299.1141793567765,1.0753578107142847,8355.838933536801,-266437.68938873644,125.47644141181307,0.07324523699633696
3640,111000.0,299.113429240227,1.0753547994140793,8357.72519157593,-266437.6892566147,125.50587959553225,0.07324063270163872
3641,111025.0,299.1140196472634,1.0753519261394828,8359.61154465073,-266437.6890931038,125.53524522945257,0.0732366654768442
3642,111050.0,299.1141723132034,1.0753493021319416,8361.497990351712,-266437.6888010113,125.56441193521812,0.07323364077225726
3643,111075.0,299.117699133187,1.0753468484266364,8363.384496722454,-266437.6885891193,125.5934323905963,0.07323152643615072
3644,111100.0,299.1203701436672,1.0753445133058976,8365.2709921485,-266437.68833733443,125.62243805486958,0.07323001874714218
3645,111125.0,299.125021478881,1.0753419143353438,8367.157566000353,-266437.68825996545,125.65156468979693,0.07322803318705429
3646,111150.0,299.1272849998172,1.0753388292660626,8369.044170847168,-266437.6881883514,125.68085341860879,0.07322470706516769
3647,111175.0,299.12208369563234,1.0753355022843558,8370.930847748068,-266437.6878940518,125.71007940204667,0.07322001489400583
3648,111200.0,299.1201444725496,1.0753321347401106,8372.817581581518,-266437.68788823445,125.73933533187163,0.07321427094181052
3649,111225.0,299.117664543927,1.0753289632876704,8374.704378509668,-266437.6879594751,125.76871243634692,0.07320804091324198
3650,111250.0,299.1146688314618,1.0753261647037333,8376.591230089552,-266437.68807917944,125.79802353957808,0.07320185264311145
3651,111275.0,299.11079104116476,1.0753238985031026,8378.478139974248,-266437.68815032876,125.82729436655703,0.07319627391383714
3652,111300.0,299.1113203835205,1.0753222860662461,8380.365138166608,-266437.6884039376,125.85644349073809,0.07319181932658085
3653,111325.0,299.11083603858793,1.07532113245758,8382.252228467238,-266437.68853767583,125.88553859158901,0.07318844927932855
3654,111350.0,299.11129746967634,1.0753200978568163,8384.139411724018,-266437.688651391,125.91465737802086,0.07318574865481073
3655,111375.0,299.112138107677,1.075318954777534,8386.026642530986,-266437.68869951245,125.94376918772782,0.07318327252005832
3656,111400.0,299.11241123881155,1.0753175450733745,8387.913970195412,-266437.6886678518,125.9729043490109,0.07318061799289031
3657,111425.0,299.1151922111356,1.0753157409331138,8389.801378739827,-266437.68870739953,126.00198039630023,0.0731773086386003
3658,111450.0,299.1191703527377,1.0753134380978402,8391.688852152853,-266437.68879816914,126.03117243545583,0.0731729297622301
3659,111475.0,299.11988100355205,1.0753105454462653,8393.576314068474,-266437.6887380467,126.06039973397073,0.0731672139344262
3660,111500.0,299.11845243348824,1.0753068892834372,8395.463821375657,-266437.68857552606,126.08972799481003,0.07315989392697804
3661,111525.0,299.1171960567087,1.0753022784452932,8397.35139004914,-266437.68843585043,126.11912801865999,0.07315086109594027
3662,111550.0,299.1190103835655,1.0752967999817993,8399.23900626143,-266437.68846971996,126.14863784812073,0.073140481026481
3663,111575.0,299.11767380504017,1.075290661299126,8401.126655449678,-266437.6883671081,126.17835180940672,0.07312929403202326
3664,111600.0,299.11915577580737,1.0752840458390172,8403.014375201532,-266437.68842087337,126.20817560281932,0.07311770914051839
3665,111625.0,299.120051241044,1.0752770891071097,8404.902171115826,-266437.6884376707,126.23815351573,0.07310594535370064
3666,111650.0,299.1199826177622,1.0752698682847008,8406.790043942538,-266437.6883862833,126.26813989400951,0.07309408008362873
3667,111675.0,299.1191821815705,1.0752625444383854,8408.677964938826,-266437.68828096625,126.2981147301889,0.07308221873864047
3668,111700.0,299.11890537585185,1.0752553684927766,8410.565943952017,-266437.68818422395,126.32789423475958,0.07307049323157988
3669,111725.0,299.1180932310628,1.0752485090826516,8412.453951075191,-266437.6880364444,126.35763289691178,0.07305897493188009
3670,111750.0,299.1155551519115,1.0752421773358751,8414.342026807215,-266437.6877865934,126.3872700625623,0.07304805357305
3671,111775.0,299.11380176216426,1.075236701888162,8416.230032761061,-266437.68755673594,126.41676019362733,0.07303836029411762
3672,111800.0,299.1136581119885,1.0752323876939824,8418.117847097728,-266437.68737237976,126.44616899618828,0.07303046283691803
3673,111825.0,299.1165798551989,1.0752291775539822,8420.00551935945,-266437.68731287454,126.4754095254036,0.07302436898929411
3674,111850.0,299.12113407963733,1.0752268747392284,8421.89302075781,-266437.6873667803,126.50446685832188,0.07301986140589567
3675,111875.0,299.1196075048968,1.0752254241929626,8423.780343137729,-266437.6872109633,126.53342609530274,0.07301694695320998
3676,111900.0,299.119051836733,1.0752248186927742,8425.667704049212,-266437.6871912114,126.56230240032623,0.0730157885051219
3677,111925.0,299.1185078630598,1.0752249710893595,8427.555140109105,-266437.6872366098,126.59109344870389,0.07301647525829252
3678,111950.0,299.1177089344026,1.0752259625804106,8429.442592998086,-266437.6873442741,126.61959886798938,0.07301937473951252
3679,111975.0,299.11540098378634,1.0752278922101441,8431.330083950805,-266437.6874547104,126.648029599547,0.07302478460144923
3680,112000.0,299.11212717531475,1.075230633161278,8433.217626074245,-266437.68755942705,126.67622687947106,0.07303246500045274
3681,112025.0,299.10847314222354,1.0752337303096136,8435.105234045526,-266437.68764145416,126.70429971709207,0.07304147021546258
3682,112050.0,299.10678899447925,1.0752367487555428,8436.992906564838,-266437.68774040666,126.73237619621676,0.07305087066702866
3683,112075.0,299.1070478726024,1.075239541530944,8438.880649870782,-266437.68781668507,126.76038427750625,0.07306006559898658
3684,112100.0,299.11005449687934,1.0752420996834005,8440.768476602521,-266437.68787878816,126.78838932247842,0.07306849027589322
3685,112125.0,299.1150243667029,1.0752443259178868,8442.656363693333,-266437.6879267275,126.8164555229697,0.07307564432989688
3686,112150.0,299.1178048992859,1.075245890335412,8444.544356372378,-266437.6878249031,126.84449938486566,0.0730807683753729
3687,112175.0,299.1209340920102,1.075246592733188,8446.432434246644,-266437.68777114997,126.87276619703535,0.07308355983369484
3688,112200.0,299.12369611267746,1.0752463518568711,8448.320583900955,-266437.6877597816,126.90116090078604,0.07308388316616966
3689,112225.0,299.1243228092142,1.0752452252935856,8450.208805312906,-266437.68772865884,126.92967417181563,0.07308195700090331
3690,112250.0,299.12715374026925,1.0752434412534988,8452.097100910129,-266437.68787817244,126.95826325368003,0.07307842301092746
3691,112275.0,299.1254634932288,1.0752412379920542,8453.985392841627,-266437.68787242717,126.98687437667019,0.07307388262910795
3692,112300.0,299.1223355549239,1.0752386139543273,8455.873738196666,-266437.6878497611,127.01552406986181,0.07306846556548421
3693,112325.0,299.12110567596113,1.075235681104493,8457.76213605458,-266437.68790606415,127.04417629362922,0.07306245334777113
3694,112350.0,299.11919542895816,1.0752327350473607,8459.650563376172,-266437.68786930566,127.07286310554794,0.07305637970230036
3695,112375.0,299.11928401397927,1.0752300709776328,8461.539054103614,-266437.68783820374,127.10152315755762,0.07305074152236647
3696,112400.0,299.1216879322876,1.0752279169596963,8463.427542368396,-266437.68780711864,127.13009900694247,0.073045909115499
3697,112425.0,299.1215894829639,1.0752262437353517,8465.316050334313,-266437.68754506967,127.15857810708481,0.07304184270776991
3698,112450.0,299.1235797068578,1.0752247808416682,8467.204621542298,-266437.6873423,127.18704168910506,0.07303811913129668
3699,112475.0,299.12525315549556,1.0752231209909902,8469.093303873682,-266437.68711430207,127.21545954558549,0.07303411288288282
3700,112500.0,299.12902238142857,1.0752208963343233,8470.982076063125,-266437.6870412279,127.24392205475986,0.07302929541565337
3701,112525.0,299.1301226935891,1.075217983432378,8472.87092474184,-266437.6869175448,127.27248772150179,0.0730235177381595
3702,112550.0,299.13502466459636,1.0752142053290117,8474.759828121241,-266437.68710054934,127.3010678021423,0.07301663579080021
3703,112575.0,299.1382338703204,1.0752094361951037,8476.648799319823,-266437.6873425129,127.32962271814245,0.07300854859611228
3704,112600.0,299.1349069227171,1.075203842195231,8478.537846094996,-266437.6874015972,127.35839664066566,0.07299955474583893
3705,112625.0,299.1307850312107,1.0751979077172147,8480.42696252859,-266437.687502811,127.38727023034707,0.07299023097679436
3706,112650.0,299.12433179839945,1.0751923033899822,8482.316133990096,-266437.68747752026,127.41604984533754,0.07298132847765486
3707,112675.0,299.12249496170443,1.0751875163610205,8484.20539362773,-266437.68759270525,127.44476757632135,0.07297332784969433
3708,112700.0,299.122843127258,1.0751838272670073,8486.094765424272,-266437.6876713178,127.47339817453032,0.07296665543273116
3709,112725.0,299.1236250915544,1.075181395777178,8487.984225072585,-266437.6875982707,127.50196209739434,0.07296171266846357
3710,112750.0,299.1232714907932,1.075180236234617,8489.873754149545,-266437.68732877506,127.53044021737169,0.0729587165184586
3711,112775.0,299.1255602187501,1.0751802932830452,8491.763323893218,-266437.68712396757,127.55885081178151,0.07295773168103445
3712,112800.0,299.12836658658773,1.0751814206840822,8493.652942268953,-266437.6869753796,127.58724622308995,0.0729586403626896
3713,112825.0,299.1294068791959,1.075183503051516,8495.542655007528,-266437.68678760575,127.61544716406381,0.07296133144857292
3714,112850.0,299.13074486433385,1.0751866508748311,8497.43241471753,-266437.68671489484,127.64347310300573,0.07296615486765362
3715,112875.0,299.1314781019915,1.0751908712773584,8499.322276471194,-266437.68671510613,127.67140151776093,0.07297322712594183
3716,112900.0,299.1294730137208,1.0751962107434303,8501.212185460485,-266437.6867181197,127.69919867895246,0.07298277571518245
3717,112925.0,299.12633319643186,1.0752027452035136,8503.102200584262,-266437.6867799671,127.72683672252096,0.07299513663259814
3718,112950.0,299.12263314233223,1.0752101853544853,8504.992243078414,-266437.68686418864,127.75429073451635,0.07300976041946756
3719,112975.0,299.1221217063621,1.0752181841397843,8506.882320431889,-266437.6871079751,127.78156490116477,0.07302586720430104
3720,113000.0,299.1213391127834,1.0752266169488482,8508.772464779977,-266437.68728164496,127.80868071978848,0.07304314377855413
3721,113025.0,299.12313449928365,1.0752352675085073,8510.662665768841,-266437.68751399365,127.83566246668447,0.07306100832885544
3722,113050.0,299.1247033680724,1.0752437388306912,8512.552941790927,-266437.6876874611,127.86258330584644,0.07307840442295638
3723,113075.0,299.1255612544756,1.075251483261725,8514.443232803604,-266437.68779650045,127.88960323755808,0.07309392803437163
3724,113100.0,299.12469154353477,1.0752580560178961,8516.33358809368,-266437.6877880316,127.9167285254585,0.07310654380313199
3725,113125.0,299.1247198546253,1.0752632325102873,8518.224001185084,-266437.68779354566,127.9441402683842,0.07311583941671139
3726,113150.0,299.12452622717126,1.0752671913961176,8520.114441665402,-266437.6877431583,127.97179406305328,0.07312236132725157
3727,113175.0,299.1250850048285,1.0752703648962796,8522.004938800506,-266437.68769279803,127.99961441407356,0.07312717766452072
3728,113200.0,299.1264327220883,1.0752731660856343,8523.895517516301,-266437.6876312911,128.02761160042894,0.073131303030303
3729,113225.0,299.1267873955319,1.0752758589812323,8525.786182654056,-266437.6874916223,128.055614523503,0.0731354004468275
3730,113250.0,299.12816870883603,1.0752786717591343,8527.67693999981,-266437.68737715564,128.08355503904212,0.07313995774144552
3731,113275.0,299.12880737843886,1.0752816674705243,8529.567766877533,-266437.68722088274,128.11144143193985,0.07314505993211859
3732,113300.0,299.13062170033055,1.0752847175640672,8531.45863760406,-266437.6871651489,128.13932359630311,0.07315027288150724
3733,113325.0,299.13030624834863,1.0752877414747357,8533.349577423664,-266437.6870675998,128.16715961899646,0.07315526852347794
3734,113350.0,299.1291861616244,1.0752906565818823,8535.24055856188,-266437.68706213764,128.1951806790717,0.0731598383757251
3735,113375.0,299.1279296254462,1.0752933219129184,8537.131591643636,-266437.6871598414,128.22312119851878,0.0731637521413276
3736,113400.0,299.1288120751941,1.0752959445187753,8539.022654786893,-266437.68746097607,128.2510378763713,0.07316749567389169
3737,113425.0,299.12524510763336,1.0752987911539138,8540.913804922673,-266437.687575241,128.27896952915987,0.0731716942215088
3738,113450.0,299.1226058324865,1.0753021578853517,8542.80496765141,-266437.6877145184,128.30684021948818,0.07317705259873404
3739,113475.0,299.1223927881462,1.0753062707664875,8544.696178632697,-266437.6878954994,128.33476648939384,0.07318415757575755
3740,113500.0,299.12384444934514,1.0753112560812608,8546.587427436858,-266437.6880374011,128.36263649131237,0.07319335017375031
3741,113525.0,299.1273811769998,1.0753170167468369,8548.478796625232,-266437.6881653085,128.39040470773196,0.07320434838767145
3742,113550.0,299.13017772027786,1.0753233410811283,8550.37020248988,-266437.6881957434,128.41801313358258,0.07321653922878259
3743,113575.0,299.13341204558407,1.075330076388888,8552.261631145642,-266437.68824563775,128.44553627448352,0.07322952902421649
3744,113600.0,299.13539279368047,1.075337073965286,8554.153094093179,-266437.68831497576,128.4729751918112,0.07324307886070312
3745,113625.0,299.13525372886636,1.075344074835379,8556.04460621515,-266437.68838705757,128.50055310864911,0.07325674648513966
3746,113650.0,299.13387585819765,1.07535089182457,8557.93617534008,-266437.6885230409,128.52823046045714,0.07327020798861307
3747,113675.0,299.1341373624155,1.0753575146744923,8559.827828618894,-266437.6888673962,128.55592442805042,0.07328342716115258
3748,113700.0,299.1310625030675,1.075364183337778,8561.719581424544,-266437.6891143196,128.5835858149728,0.07329691642215698
3749,113725.0,299.12797463502227,1.0753712223111103,8563.61137852621,-266437.6893833336,128.61125118079988,0.0733113723555555
3750,113750.0,299.12681352537106,1.0753788345330124,8565.503217744854,-266437.689718853,128.6388688263573,0.07332722856127251
3751,113775.0,299.1258705960377,1.0753870449538014,8567.395107457254,-266437.6899570232,128.6663663154761,0.07334452398720677
3752,113800.0,299.1261671011636,1.0753956652455803,8569.286844088005,-266437.69013400417,128.6937671324273,0.07336277591260319
3753,113825.0,299.1263778002132,1.0754042410761844,8571.178340398228,-266437.6901527262,128.7210968257857,0.07338075865743202
3754,113850.0,299.1277119916557,1.0754122640035497,8573.069623218094,-266437.6901048604,128.74858438925867,0.07339718570794491
3755,113875.0,299.1315063806355,1.0754191358714935,8574.960712467948,-266437.6901097136,128.77617369124945,0.07341066498047563
3756,113900.0,299.1351291695503,1.0754244810575804,8576.851557426213,-266437.6901395176,128.80391732508195,0.07342050838434917
3757,113925.0,299.1360772303532,1.0754282212169584,8578.742421873145,-266437.69013327145,128.8318892067588,0.07342682987404643
3758,113950.0,299.1355878831251,1.0754306076084055,8580.633372079263,-266437.6901575111,128.8600485019951,0.07343037376961953
3759,113975.0,299.1353399345746,1.0754320142730487,8582.524380883142,-266437.6902787015,128.88821940336868,0.07343195354609923
3760,114000.0,299.13604285925743,1.0754328097137276,8584.415482378787,-266437.6904939956,128.91651930825125,0.07343231268279708
3761,114025.0,299.13666214230034,1.0754332872585495,8586.306699510264,-266437.690753478,128.94494014513546,0.07343208780790354
3762,114050.0,299.13377271609545,1.0754335786163514,8588.198028759663,-266437.6908744134,128.97332759695269,0.0734316361945256
3763,114075.0,299.1297179456254,1.0754338773467933,8590.089472815342,-266437.6909565403,129.00174803241222,0.07343132881686144
3764,114100.0,299.1254571162463,1.0754344132802116,8591.980931114993,-266437.69094732206,129.03015838406364,0.07343158645418323
3765,114125.0,299.1250970388566,1.0754353497964233,8593.872426395808,-266437.69101279014,129.05858444875187,0.07343266073641347
3766,114150.0,299.1272564527919,1.0754367553313857,8595.763998818675,-266437.69105610147,129.0869514903105,0.07343460428280678
3767,114175.0,299.12711387482324,1.0754385411358802,8597.655588441421,-266437.6908450551,129.11533443418247,0.0734372338110403
3768,114200.0,299.1294464582119,1.0754405502785878,8599.547221820098,-266437.6907032151,129.14372812691244,0.07344023357212343
3769,114225.0,299.1303875874449,1.0754425745358083,8601.438869370277,-266437.6904951373,129.1722349755083,0.07344310707338635
3770,114250.0,299.1332383569346,1.0754445445947132,8603.330569381671,-266437.69049434306,129.2007708946344,0.07344565252364531
3771,114275.0,299.1335633341288,1.0754464060622118,8605.222344884309,-266437.69049907237,129.22923554524556,0.07344779012018375
3772,114300.0,299.13233778743717,1.075448094089583,8607.114220506568,-266437.6905811028,129.25761061754562,0.0734495161233324
3773,114325.0,299.12954515597966,1.0754496380498135,8609.006143732453,-266437.6907431331,129.28598243561197,0.07345100512276978
3774,114350.0,299.13090176600457,1.075450751964679,8610.898081607933,-266437.6912251658,129.31441686454735,0.07345175196467987
3775,114375.0,299.1280205938384,1.0754510564971742,8612.790048783267,-266437.69154694147,129.34279963541658,0.07345106329449148
3776,114400.0,299.1238209363694,1.0754504964257336,8614.682129174904,-266437.6917747774,129.37134415320793,0.07344883320095309
3777,114425.0,299.1213344477679,1.0754492316040223,8616.574293950842,-266437.691991464,129.39992668731242,0.07344530033527434
3778,114450.0,299.12002207277067,1.0754475006615498,8618.466535599793,-266437.69210880325,129.42849327485217,0.07344085340037042
3779,114475.0,299.11894624338635,1.075445549382715,8620.358828312685,-266437.69203042355,129.45710746305107,0.07343592548500878
3780,114500.0,299.12148026509755,1.0754436068941187,8622.25117933332,-266437.69194657524,129.48568713153477,0.07343093132328304
3781,114525.0,299.1257779249076,1.075441756478053,8624.14355314929,-266437.69180768577,129.51419519063978,0.07342606733650621
3782,114550.0,299.1294446145036,1.0754399758569027,8626.035930479411,-266437.6915724956,129.54264645343193,0.07342135624284074
3783,114575.0,299.1348361999649,1.0754381717758974,8627.928388474527,-266437.6914695651,129.5711015621916,0.07341665081042983
3784,114600.0,299.13631114161177,1.0754363729634513,8629.820931029311,-266437.69129788666,129.59953886014964,0.0734120163804491
3785,114625.0,299.1343242926573,1.0754344771966886,8631.713508628794,-266437.69109878526,129.62800748247923,0.07340732179961257
3786,114650.0,299.13161379042356,1.0754324752222506,8633.606130344586,-266437.691029069,129.65641388390097,0.07340259669043214
3787,114675.0,299.1262287895989,1.0754305084477287,8635.498778443403,-266437.69094564,129.68471278335085,0.07339807101372753
3788,114700.0,299.1252814841209,1.0754286580452177,8637.391458250448,-266437.69112892606,129.71303697255203,0.07339382994633584
3789,114725.0,299.12428879727366,1.0754272232189965,8639.28418968266,-266437.69129287626,129.74137628267363,0.07339033183817058
3790,114750.0,299.124458149477,1.0754265193000958,8641.176893551556,-266437.6914430012,129.76959266024787,0.07338811536094253
3791,114775.0,299.1267131134847,1.0754267290787614,8643.069616112942,-266437.69158205896,129.7976844759141,0.07338763844936703
3792,114800.0,299.12867430978133,1.075427670094032,8644.962434841183,-266437.69164140103,129.82567492187354,0.07338879049125577
3793,114825.0,299.1293723257777,1.0754292141978554,8646.85528723114,-266437.6915936349,129.8536214803197,0.07339145413811275
3794,114850.0,299.13116413140114,1.0754311537110224,8648.748165773635,-266437.691578832,129.88146733588044,0.07339509468599027
3795,114875.0,299.130317656305,1.0754332783631884,8650.641119626785,-266437.691424087,129.90918202669468,0.07339910475939579
3796,114900.0,299.1314579433765,1.0754354991660073,8652.53407152856,-266437.6913873894,129.936913322623,0.07340313106838726
3797,114925.0,299.1307945849572,1.0754378408811647,8654.427076005602,-266437.6912821443,129.9647156248902,0.07340704098648405
3798,114950.0,299.1323092546286,1.0754401904009818,8656.320104219692,-266437.6913387297,129.99245192348855,0.07341050083355262
3799,114975.0,299.134972973158,1.0754423268421043,8658.213159518933,-266437.691524123,130.0202424826315,0.07341316508771922
3800,115000.0,299.14071495922144,1.0754440879593081,8660.106277300696,-266437.6919478429,130.0481369516793,0.07341501859159864
3801,115025.0,299.1400774323165,1.0754452457478512,8661.999457581609,-266437.69216037635,130.07613134324032,0.07341590171839377
3802,115050.0,299.13646815110894,1.0754453967920055,8663.89267009982,-266437.6922851479,130.1044410114821,0.07341523919712502
3803,115075.0,299.13299034411165,1.075444427444794,8665.78599471213,-266437.6924180689,130.1329515132316,0.07341300648440233
3804,115100.0,299.1294391361368,1.0754426431887858,8667.679445168798,-266437.6924934299,130.16154273543575,0.0734098298729741
3805,115125.0,299.12710923480483,1.075440470572779,8669.572920607536,-266437.6925030655,130.19020345060423,0.07340641837449635
3806,115150.0,299.1269579383593,1.075438240609403,8671.466489533213,-266437.69243881904,130.2188217331231,0.07340324752648623
3807,115175.0,299.126503703519,1.0754361880252092,8673.360087987905,-266437.6922022717,130.2473937337184,0.0734005160189075
3808,115200.0,299.13092510203916,1.0754344710772723,8675.253728234255,-266437.69210532086,130.27579402922893,0.07339823794521741
3809,115225.0,299.1354255999126,1.0754330560804892,8677.147392395347,-266437.6919783466,130.30421058923875,0.07339619895013118
3810,115250.0,299.1371650120704,1.075431990816058,8679.041072665164,-266437.6917694395,130.3325234452024,0.07339452593370063
3811,115275.0,299.13941643092,1.0754315215110168,8680.934771256194,-266437.69167814375,130.36087463684845,0.07339376381601953
3812,115300.0,299.1404583428622,1.0754318177288216,8682.828505189513,-266437.6916469973,130.3890910335693,0.07339431287699968
3813,115325.0,299.14076852246114,1.0754326833595518,8684.722261200912,-266437.6916896086,130.4172275494668,0.07339582031113437
3814,115350.0,299.13916704858025,1.0754338324159012,8686.616051777355,-266437.69174584985,130.44526965146343,0.0733977063346439
3815,115375.0,299.1391162714012,1.075435119758909,8688.50994518456,-266437.69197403494,130.4732968666142,0.07339974406009778
3816,115400.0,299.1369506016069,1.0754364505283374,8690.403914909251,-266437.6921311459,130.50128984045054,0.07340179207056147
3817,115425.0,299.13443224925794,1.075438090012222,8692.297998880376,-266437.6922527066,130.52929832215813,0.07340444246551418
3818,115450.0,299.13625564336223,1.0754401941171328,8694.192118470353,-266437.69252422114,130.5572407859823,0.07340805394082216
3819,115475.0,299.1368467698081,1.075442746596858,8696.086328643092,-266437.69266197656,130.5852293159685,0.07341261832460728
3820,115500.0,299.14058826999917,1.075445684375817,8697.980620149336,-266437.6928896233,130.61310830428326,0.07341799450405648
3821,115525.0,299.14199814809007,1.0754488137100984,8699.874953020395,-266437.6929372712,130.6410473592359,0.07342375440432579
3822,115550.0,299.14340499171686,1.0754517647571706,8701.769321726379,-266437.69296037155,130.66903345636052,0.07342910515302115
3823,115575.0,299.1452926786089,1.0754539894525792,8703.663781294006,-266437.69304338837,130.69717958716868,0.07343293915620638
3824,115600.0,299.14351455773425,1.0754550045315894,8705.558355980727,-266437.693014706,130.7254445556426,0.07343439285403047
3825,115625.0,299.1424372307894,1.075454539815298,8707.452941824695,-266437.69308132963,130.75389835511405,0.07343309330893881
3826,115650.0,299.1419399848446,1.0754525269575812,8709.347560785895,-266437.693183303,130.78257915529997,0.07342903736608307
3827,115675.0,299.14128916004887,1.0754491672762094,8711.242185235531,-266437.69324984774,130.8115756549111,0.07342263497039356
3828,115700.0,299.14097728841307,1.0754448936188725,8713.136834381548,-266437.69327555073,130.8408389994776,0.07341467789675282
3829,115725.0,299.1397900006093,1.075440314621409,8715.031556967784,-266437.693181571,130.87026309999993,0.07340617136640555
3830,115750.0,299.1418249222136,1.0754360275820056,8716.926360922636,-266437.69316649274,130.8996546418689,0.07339806978160618
3831,115775.0,299.14056329123184,1.0754324833855247,8718.82122093405,-266437.6929258004,130.92894026287397,0.07339113909185802
3832,115800.0,299.1427814109054,1.075429759109487,8720.716067485073,-266437.69283470314,130.9580569671275,0.07338556335333504
3833,115825.0,299.14415799765266,1.075427971396278,8722.610953904265,-266437.6927164842,130.98694899426178,0.07338159772213525
3834,115850.0,299.14541924511093,1.0754271768796166,8724.505907443794,-266437.6926363539,131.0157092299869,0.07337942668405038
3835,115875.0,299.14620875947173,1.075427478275981,8726.400935363734,-266437.69256169634,131.04432065676045,0.07337933976364265
3836,115900.0,299.1480112809487,1.075429025714533,8728.2960362183,-266437.6926173878,131.07273210789674,0.07338177273911907
3837,115925.0,299.14847518664243,1.0754316855132873,8730.191256442233,-266437.6926676221,131.10091348037167,0.07338656357477849
3838,115950.0,299.1461829816794,1.0754354132152462,8732.086551729171,-266437.6926472824,131.1289268247807,0.07339366614569763
3839,115975.0,299.1475804943577,1.0754401001736105,8733.981934066567,-266437.6928656685,131.15691336701383,0.07340283611111108
3840,116000.0,299.14881469478445,1.0754454081402407,8735.8773319336,-266437.69314089225,131.184922775666,0.07341330816627611
3841,116025.0,299.1453771348257,1.075450821360402,8737.772551353535,-266437.6932614308,131.21279815408636,0.07342393883394063
3842,116050.0,299.14346085714294,1.0754557517564398,8739.667546666742,-266437.6934984605,131.24069982383548,0.07343334200711248
3843,116075.0,299.13972666840107,1.0754599301075263,8741.562390251202,-266437.693643232,131.26873589290665,0.07344092395074572
3844,116100.0,299.1364604967491,1.075463196358907,8743.457062799727,-266437.69374729093,131.2969121556133,0.07344643138274815
3845,116125.0,299.13484587710184,1.0754654183567336,8745.351525643166,-266437.69378900167,131.32532049133295,0.07344972369561448
3846,116150.0,299.13711913196437,1.0754665824451948,8747.245775300393,-266437.6938713067,131.3539876291482,0.07345090971319641
3847,116175.0,299.13983461529807,1.0754666705647948,8749.139856468108,-266437.6938182174,131.38280061971582,0.0734501165107415
3848,116200.0,299.14283407724963,1.0754657805490597,8751.033732872767,-266437.69367043395,131.41167073854675,0.07344764605525243
3849,116225.0,299.14665607419926,1.0754641446753241,8752.927366353839,-266437.6935362555,131.44072304987006,0.07344385238095237
3850,116250.0,299.1510749942873,1.0754619207997915,8754.820869668296,-266437.6935157536,131.4700099392365,0.07343891422141434
3851,116275.0,299.1506377884217,1.0754593060747657,8756.714208070858,-266437.6933979103,131.4994177132225,0.07343311431291104
3852,116300.0,299.1510030147938,1.0754565538541387,8758.607404847291,-266437.6935045204,131.52893960783797,0.0734269632321135
3853,116325.0,299.1507408825464,1.0754540502508207,8760.500485931312,-266437.69375973026,131.55841477607672,0.0734212064521709
3854,116350.0,299.1493831370516,1.0754520869001287,8762.393374367473,-266437.6940688501,131.58785146977942,0.073416450410722
3855,116375.0,299.1450004185686,1.0754510081258635,8764.286073853893,-266437.69428326,131.6171989020573,0.0734133344571231
3856,116400.0,299.14131420024216,1.075451095670209,8766.178551409286,-266437.69447865366,131.64650924319412,0.07341237075447239
3857,116425.0,299.1393560825127,1.0754525082944522,8768.07084898435,-266437.6946280457,131.6756325092448,0.07341391325384483
3858,116450.0,299.1377061684376,1.0754552052345159,8769.96299204646,-266437.6946234993,131.70461078284524,0.07341799499006652
3859,116475.0,299.13833303929204,1.0754590309153704,8771.85502035042,-266437.6945029146,131.73350980664932,0.07342445993091537
3860,116500.0,299.14135299611513,1.0754635969955961,8773.746868773624,-266437.6943122465,131.7622109048605,0.07343262280928947
3861,116525.0,299.1455089834284,1.075468334110132,8775.63851977912,-266437.69406503555,131.79093853771786,0.07344124158467115
3862,116550.0,299.1511395817587,1.0754727268961937,8777.530000461029,-266437.6939015447,131.81968055664848,0.07344914720855983
3863,116575.0,299.1566325778124,1.075476390873015,8779.421344300195,-266437.6938351882,131.84848500327806,0.07345548067632848
3864,116600.0,299.15943672893496,1.0754790387235869,8781.312519062947,-266437.6938335491,131.8774499423889,0.07345966468305302
3865,116625.0,299.1588670919987,1.0754803524745635,8783.203543604144,-266437.6939127437,131.90651439144673,0.07346116002759095
3866,116650.0,299.1565117828636,1.0754801114559078,8785.0944597607,-266437.694137359,131.9357822754934,0.07345975467632099
3867,116675.0,299.1514907158739,1.0754784244226117,8786.98518484806,-266437.6943995606,131.96532765727326,0.07345587047569802
3868,116700.0,299.14539838993716,1.0754758198500893,8788.875723860161,-266437.69465354976,131.99515892866364,0.07345048841216506
3869,116725.0,299.14104207200694,1.0754729409991375,8790.766094592755,-266437.69491279084,132.02505924608087,0.0734445988802756
3870,116750.0,299.137502302592,1.0754704245242388,8792.656352511227,-266437.695013132,132.0550060601911,0.07343916584861791
3871,116775.0,299.13917119163233,1.0754686815599162,8794.546439573682,-266437.69512687257,132.08473701196618,0.07343486811294764
3872,116800.0,299.1441950848611,1.0754676867200264,8796.436391458981,-266437.69520290056,132.1143044231,0.07343173431448488
3873,116825.0,299.14806545766663,1.0754671880915492,8798.32618742066,-266437.6950772244,132.14373697840296,0.07342941214937188
3874,116850.0,299.1513765238711,1.0754668454193537,8800.215825068724,-266437.69490591413,132.17310978890313,0.07342737333333334
3875,116875.0,299.1556139408326,1.0754663898348802,8802.105319448736,-266437.69486637873,132.20243667303052,0.07342516804265566
3876,116900.0,299.15941389364644,1.0754656869572683,8803.994612867156,-266437.69492627477,132.23183760467708,0.0734225424297137
3877,116925.0,299.1584663107273,1.0754646547189262,8805.883736595573,-266437.69490555715,132.26121879181702,0.07341932628502665
3878,116950.0,299.15727627128996,1.0754632536736262,8807.77274373231,-266437.69505134504,132.2907048849359,0.07341546549798059
3879,116975.0,299.1522788409795,1.0754617265463906,8809.661615139508,-266437.69512725534,132.32023842130576,0.07341138041237114
3880,117000.0,299.15047554247195,1.0754605599072393,8811.550337652056,-266437.6954312679,132.34976171476416,0.07340797809842824
3881,117025.0,299.14846675691234,1.0754601262235948,8813.438898337186,-266437.6957082906,132.37919744822247,0.07340605632835308
3882,117050.0,299.14756081337464,1.0754604444158284,8815.32733022207,-266437.6959932185,132.40859202146098,0.07340575714653619
3883,117075.0,299.1470707401306,1.0754614469618937,8817.215582258745,-266437.69622972474,132.43786811174039,0.07340695357020255
3884,117100.0,299.14545715873027,1.07546312123552,8819.103710427618,-266437.69631864026,132.4670717904761,0.07340951051051052
3885,117125.0,299.1443484532511,1.0754652974781251,8820.991643103267,-266437.696340496,132.49623819960533,0.0734129553096586
3886,117150.0,299.14612647577405,1.0754675952319686,8822.879358407501,-266437.6964293373,132.5253651143126,0.07341639799331104
3887,117175.0,299.1514114807957,1.075469581275719,8824.766933276653,-266437.6966547713,132.55456536376877,0.07341902066186558
3888,117200.0,299.15150812728217,1.0754710604268436,8826.654367503805,-266437.6966202753,132.58395048555747,0.07342064061026829
3889,117225.0,299.15417071405324,1.0754719417309329,8828.541665571971,-266437.6967598545,132.6134197153384,0.0734213760068552
3890,117250.0,299.1553076551873,1.0754724345926485,8830.42880326042,-266437.6969047162,132.64296153730825,0.0734218492247066
3891,117275.0,299.1557673161186,1.0754726302672137,8832.315753815254,-266437.697103032,132.6726224398766,0.0734223340184995
3892,117300.0,299.15673027570864,1.0754722757941593,8834.20258800136,-266437.6974002485,132.70240016790814,0.07342250997516912
3893,117325.0,299.1539353559323,1.0754711780517026,8836.089322223412,-266437.69756623456,132.73229211701758,0.07342215048793017
3894,117350.0,299.1494978837827,1.0754693345314497,8837.975928477526,-266437.6976652762,132.76218509114244,0.07342118887462562
3895,117375.0,299.1474649505477,1.075466781656399,8839.862410276428,-266437.6978685406,132.79225538655024,0.07341954585900072
3896,117400.0,299.14606932460885,1.0754634139081338,8841.74879109314,-266437.6980690276,132.82240749106145,0.07341682687537425
3897,117425.0,299.1439135011118,1.0754592901487936,8843.635017255165,-266437.6981785533,132.85262483854962,0.07341300222336243
3898,117450.0,299.1438712304011,1.0754547048815928,8845.521102955878,-266437.69834145525,132.88299690775406,0.07340847371120802
3899,117475.0,299.14373890059846,1.0754501139316233,8847.407095412385,-266437.69843750016,132.91340051341874,0.07340380538461541
3900,117500.0,299.14412600495615,1.0754459484747494,8849.292903855498,-266437.6985094636,132.9436170490472,0.07339960719473641
3901,117525.0,299.145292973518,1.0754423757047662,8851.178548562095,-266437.69858139,132.97358506543645,0.07339598932171539
3902,117550.0,299.1479460669572,1.0754394854385507,8853.06402462387,-266437.6986719619,133.0034062696216,0.07339301554359896
3903,117575.0,299.15144717921805,1.0754372824453544,8854.949335437661,-266437.69878916943,133.03313806429298,0.0733907930327869
3904,117600.0,299.15263500563395,1.0754355486982492,8856.834462027391,-266437.6988342938,133.0627985339308,0.07338916798975674
3905,117625.0,299.1525344173922,1.0754339227683896,8858.719429784509,-266437.69888206193,133.09249607509807,0.07338761529271208
3906,117650.0,299.1523686685437,1.0754319950516158,8860.604278667593,-266437.6990151226,133.12233604683894,0.07338544177117994
3907,117675.0,299.1486113691574,1.0754296691402243,8862.488958464251,-266437.6990654855,133.15218957130665,0.0733825710508359
3908,117700.0,299.1468845620364,1.0754270170546594,8864.37350474417,-266437.69928370445,133.18216740317212,0.0733792206020295
3909,117725.0,299.144884767093,1.0754242338448414,8866.25787331022,-266437.69950447587,133.212245631884,0.0733758369991475
3910,117750.0,299.1434161546067,1.075421598056762,8868.142073136016,-266437.69971980754,133.24236552706037,0.07337308096820933
3911,117775.0,299.141333365542,1.0754191679447844,8870.026149051966,-266437.6998018918,133.27255935983294,0.07337117680640765
3912,117800.0,299.1418999405401,1.0754168658318415,8871.910070591437,-266437.69989990647,133.30269876633437,0.07336988993951785
3913,117825.0,299.1429692111225,1.0754144535002546,8873.793834863813,-266437.6998967384,133.3327970070686,0.07336866956225516
3914,117850.0,299.1435980744147,1.0754118363558953,8875.677425589261,-266437.6997977865,133.36297368948482,0.07336722000851427
3915,117875.0,299.14473320982296,1.0754089068777657,8877.560887357413,-266437.69970420515,133.39308589964241,0.07336543062648962
3916,117900.0,299.1457073798826,1.075405451706237,8879.444221723334,-266437.6996266277,133.42323404901703,0.0733629938728619
3917,117925.0,299.14407242691857,1.075401305087629,8881.327378121141,-266437.6994507191,133.45352552739487,0.07335941322103115
3918,117950.0,299.1447822733691,1.0753964610870113,8883.210430613753,-266437.6994343797,133.48399978030105,0.07335445606872501
3919,117975.0,299.14405092644563,1.0753910749149653,8885.093360488341,-266437.6993622451,133.51456006522102,0.07334816207482993
3920,118000.0,299.1434103242371,1.0753852992433897,8886.976132047002,-266437.699284834,133.54511576171038,0.0733406454985973
3921,118025.0,299.143245309451,1.0753793077511469,8888.858779393326,-266437.6991994945,133.57568232738393,0.07333203467618561
3922,118050.0,299.1426599706008,1.0753733357124646,8890.74129334921,-266437.69907967985,133.60611882215986,0.07332268366046392
3923,118075.0,299.14233788455664,1.0753676693000336,8892.62367319919,-266437.69894930784,133.63646592626563,0.0733132338600068
3924,118100.0,299.14281513171983,1.0753626652229296,8894.50591692933,-266437.69884023373,133.66672348492563,0.07330441307855627
3925,118125.0,299.1422070366786,1.0753586409407365,8896.387985349538,-266437.6986569241,133.69679349159443,0.07329686211580914
3926,118150.0,299.1417087271879,1.0753556782106777,8898.269860129774,-266437.69846309756,133.7266479923605,0.07329084678719973
3927,118175.0,299.14215269119154,1.0753538091479968,8900.151559947544,-266437.6983011925,133.7563114383061,0.07328652800407331
3928,118200.0,299.1442558220074,1.0753531267498087,8902.033090859664,-266437.69823216274,133.78578232442513,0.07328417867141766
3929,118225.0,299.146718670738,1.0753538462256143,8903.914480870302,-266437.6982400341,133.81495516827812,0.07328436234096691
3930,118250.0,299.1456546586959,1.0753559153735261,8905.795744845065,-266437.69814720616,133.844051696006,0.07328720469770202
3931,118275.0,299.14742593294346,1.0753591839606642,8907.676856069758,-266437.69826636167,133.87304276017284,0.07329263216344523
3932,118300.0,299.1466041959489,1.0753634575811504,8909.55783373717,-266437.69832983747,133.9019058777014,0.07330044902110348
3933,118325.0,299.1465420149976,1.0753683468056254,8911.43867596669,-266437.69847536454,133.93066753736647,0.07330989976275207
3934,118350.0,299.1436195203728,1.0753734656501477,8913.319358122733,-266437.6985122831,133.95947586641248,0.07332013697585768
3935,118375.0,299.14223477057936,1.0753784037093492,8915.199886580867,-266437.69862593175,133.98842471400738,0.07333015811314361
3936,118400.0,299.1413922622979,1.0753825313690621,8917.080296163396,-266437.6987104185,134.01742800931328,0.07333841562949792
3937,118425.0,299.1400062106823,1.0753851934145924,8918.960582900785,-266437.6986969911,134.04671308608425,0.07334341146097847
3938,118450.0,299.14047901328604,1.0753860896166536,8920.84074239713,-266437.6986994375,134.07624702564095,0.0733446003215706
3939,118475.0,299.14192562961085,1.0753852578680199,8922.72073259136,-266437.6986886635,134.1060715205583,0.07334224255499153
3940,118500.0,299.1439830625899,1.075382821618878,8924.600581184037,-266437.69868582446,134.13615245462228,0.07333686500888098
3941,118525.0,299.14443046710636,1.075378827498731,8926.480320971747,-266437.6986142823,134.16650388415349,0.07332883620835447
3942,118550.0,299.14447871290895,1.0753735436638763,8928.359963560393,-266437.6985586273,134.19703694023156,0.07331885366472228
3943,118575.0,299.14490725498644,1.0753672942021633,8930.239463839664,-266437.69854789996,134.22761465010134,0.07330756034482758
3944,118600.0,299.1456527130545,1.0753603976341357,8932.118868413427,-266437.69858734705,134.2582590386987,0.07329547798901562
3945,118625.0,299.1468110380976,1.0753532839162019,8933.998141499822,-266437.6986637314,134.28871026178402,0.07328315703666159
3946,118650.0,299.1463559854742,1.0753464693860313,8935.877302758543,-266437.6986925726,134.3189952464318,0.07327120200996536
3947,118675.0,299.1440386772205,1.0753404568557916,8937.756338463263,-266437.6986422452,134.3490367914555,0.07326029626815264
3948,118700.0,299.1442585222419,1.0753355643622855,8939.635222461711,-266437.6987027308,134.3788917702371,0.07325102515404742
3949,118725.0,299.14405713240507,1.075331765232067,8941.513967747163,-266437.6987236289,134.40864642194083,0.07324355713080168
3950,118750.0,299.14246793697794,1.0753289668438366,8943.392610501467,-266437.6986337849,134.43843588728583,0.07323786847211675
3951,118775.0,299.1430216615216,1.0753271974527663,8945.27105966649,-266437.6986283318,134.4682066126011,0.07323403719635625
3952,118800.0,299.1410366400202,1.0753263157939115,8947.149327879744,-266437.6984779494,134.49789460384508,0.07323195336874945
3953,118825.0,299.1417186196257,1.0753260563985836,8949.027441127962,-266437.69844882836,134.52744779632428,0.07323125071657391
3954,118850.0,299.14243426371684,1.0753259918246945,8950.905397161474,-266437.69840655307,134.55701580522535,0.0732311292878213
3955,118875.0,299.1423150717054,1.07532566809909,8952.783210292373,-266437.6983221691,134.58658288784957,0.07323072969329286
3956,118900.0,299.1429867871283,1.075324741639289,8954.66086562555,-266437.69827731466,134.61619410496158,0.07322940350433828
3957,118925.0,299.14252344559543,1.0753231369378473,8956.538341641392,-266437.6981877423,134.64590255701523,0.07322688217955194
3958,118950.0,299.1417579675002,1.075320894838764,8958.415628370034,-266437.69807716616,134.67580932255612,0.07322307350340992
3959,118975.0,299.1427331490741,1.0753180776094275,8960.29276124856,-266437.6980350381,134.70587957340058,0.07321797929292927
3960,119000.0,299.14437853605995,1.0753146746612807,8962.169802921057,-266437.6980165996,134.73616638289985,0.0732115831860641
3961,119025.0,299.1446348258455,1.0753107041056704,8964.046723943035,-266437.6979324418,134.76661005401303,0.07320403584048459
3962,119050.0,299.1439283440155,1.0753061920262426,8965.923496790556,-266437.69781678467,134.7972365114811,0.07319556548069642
3963,119075.0,299.14353835973765,1.0753013200470904,8967.800086773957,-266437.6977327197,134.82804763891681,0.0731865772788429
3964,119100.0,299.1453634379992,1.0752962488440518,8969.676515171494,-266437.6977958178,134.8587966097519,0.07317734451450188
3965,119125.0,299.1445791522105,1.075291116238023,8971.55276158488,-266437.6977485714,134.88957220364756,0.07316807505463101
3966,119150.0,299.14359657348126,1.0752859791614149,8973.428809047888,-266437.6977407363,134.92022442593048,0.07315879657171664
3967,119175.0,299.1419672467238,1.0752810396505372,8975.304689728067,-266437.69773027994,134.95091268867597,0.07314967380712364
3968,119200.0,299.1419463297221,1.0752766567565295,8977.180435622902,-266437.6978458052,134.98151670118406,0.07314119937851682
3969,119225.0,299.1409149881613,1.0752731774979007,8979.055975351544,-266437.6979350338,135.01191025037772,0.07313394903442483
3970,119250.0,299.1375992376396,1.0752707501888692,8980.931345136061,-266437.6978825655,135.04201933836973,0.07312829639889194
3971,119275.0,299.1396275188822,1.0752691426653236,8982.806573663303,-266437.6980713958,135.07200557426978,0.07312405396106074
3972,119300.0,299.1409391844115,1.0752680805436696,8984.681625467398,-266437.6982155594,135.1018592997734,0.07312093405487036
3973,119325.0,299.14136296116425,1.0752673747693338,8986.55656525037,-266437.6983203324,135.13172008647868,0.07311883098473408
3974,119350.0,299.1420976414256,1.0752668976939201,8988.431342866828,-266437.6984512581,135.161621825828,0.07311767941299788
3975,119375.0,299.1412163912643,1.0752666473004693,8990.30595581681,-266437.6985087611,135.19146548138824,0.07311743226022802
3976,119400.0,299.13896925127824,1.0752666892129743,8992.180405556777,-266437.69852170843,135.22124831522916,0.07311812815354957
3977,119425.0,299.1392740153344,1.07526700100553,8994.05474213264,-266437.69866819616,135.25095336006362,0.07311973068543656
3978,119450.0,299.13892261112517,1.0752676172405125,8995.92892546594,-266437.69878057746,135.280659802044,0.07312216771383093
3979,119475.0,299.13696456742053,1.0752684679229476,8997.80296441398,-266437.69878297765,135.31037020577884,0.07312507830820768
3980,119500.0,299.1361602955707,1.0752693071255126,8999.676855383483,-266437.69877752685,135.3400309756342,0.07312780088754917
3981,119525.0,299.1370338039512,1.0752697517160552,9001.550562914192,-266437.6988113179,135.369781591495,0.073129429516156
3982,119550.0,299.1376837316094,1.0752694717549582,9003.424151171053,-266437.6988058627,135.39956425182015,0.07312927341200098
3983,119575.0,299.1362762459004,1.0752683597724226,9005.2976465891,-266437.69869582524,135.42954593950796,0.07312723636211511
3984,119600.0,299.1377467076538,1.0752663968214133,9007.171057089412,-266437.69872961135,135.4596965166875,0.07312358828941863
3985,119625.0,299.1399825436529,1.0752636251881582,9009.044347839097,-266437.6988051935,135.48999527680206,0.07311864383676198
3986,119650.0,299.13732795953524,1.0752601336008691,9010.917510876174,-266437.6986351479,135.52049332998905,0.07311268489256748
3987,119675.0,299.1361383772151,1.075255912487462,9012.7905063075,-266437.69853832363,135.55107527039445,0.0731058101805416
3988,119700.0,299.1353008807555,1.075250856438539,9014.663367570396,-266437.6984754954,135.58182246385888,0.0730979503634996
3989,119725.0,299.1370990401839,1.0752447675020882,9016.536034916116,-266437.69855889754,135.6128237761069,0.07308887351712613
3990,119750.0,299.13465454614555,1.075237666332581,9018.408562104478,-266437.6984230146,135.64410172412926,0.07307853821097467
3991,119775.0,299.1360237508351,1.0752297515030056,9020.280920977448,-266437.6984620285,135.67552560721438,0.0730671439545758
3992,119800.0,299.1347723306621,1.0752214008681855,9022.153105994817,-266437.69833406404,135.70710067117452,0.07305511703815007
3993,119825.0,299.1331681605743,1.075212977800033,9024.025182369463,-266437.6981331375,135.7386266787681,0.07304270455683523
3994,119850.0,299.1346831478516,1.0752049280767622,9025.897100004666,-266437.6980470382,135.7700923670421,0.07303024188569043
3995,119875.0,299.13422839155834,1.0751977067067062,9027.768914188848,-266437.6978462841,135.80147689030696,0.07301823231564897
3996,119900.0,299.13439646009516,1.0751915131348506,9029.640562674584,-266437.69765866094,135.8327813540155,0.07300715911933948
3997,119925.0,299.1367480867935,1.0751864672336164,9031.51209424153,-266437.69757013954,135.8639828403368,0.072997548107387
3998,119950.0,299.13805383337507,1.0751826920896885,9033.383475339244,-266437.69744519494,135.8949820430107,0.0729898964741185
3999,119975.0,299.13991874075003,1.0751802105833328,9035.254753024326,-266437.6973958336,135.92576237874997,0.07298440174999997
4000,120000.0,299.1381093005083,1.0751789694243101,9037.12590173756,-266437.69725537393,135.9562607010747,0.07298109122719316
4001,120025.0,299.1383887482093,1.075178802182242,9038.99688530809,-266437.6973128022,135.9865279914209,0.07297973854739294
4002,120050.0,299.13814220376395,1.0751794543259219,9040.867774541171,-266437.6974404616,136.01677702964437,0.07297985943875424
4003,120075.0,299.1350361366967,1.075180711288711,9042.738579563931,-266437.69752383063,136.04696682542453,0.07298102489177487
4004,120100.0,299.1321753037038,1.0751822755722011,9044.609242566286,-266437.69766697905,136.0769973694548,0.07298270936329584
4005,120125.0,299.1284926020137,1.0751838735230486,9046.479727539685,-266437.6977580507,136.1069638548843,0.07298447287402227
4006,120150.0,299.12546405066144,1.0751853183595372,9048.350096281918,-266437.6978048834,136.1370007813825,0.07298606804758337
4007,120175.0,299.1248159894379,1.075186352877578,9050.220316548148,-266437.6978750834,136.16705895608777,0.07298712025948101
4008,120200.0,299.12566680269396,1.0751868643884592,9052.090407081145,-266437.6979036753,136.1971529567639,0.07298745505944954
4009,120225.0,299.1265563573566,1.0751867309226932,9053.960376860345,-266437.6978543228,136.22739045669155,0.07298673449709056
4010,120250.0,299.1271452656029,1.075185860051525,9055.830260036148,-266437.6977608454,136.2577851811684,0.07298462827225127
4011,120275.0,299.1287725650549,1.075184278580924,9057.70001667115,-266437.6977349205,136.28840569873705,0.07298098363243599
4012,120300.0,299.1304840716837,1.075181981476867,9059.569620503027,-266437.6977609231,136.31915126007138,0.07297575413240298
4013,120325.0,299.1310726464873,1.0751790117920612,9061.439067769885,-266437.69781286357,136.35000348447096,0.07296921491446598
4014,120350.0,299.13019297351605,1.0751755344956413,9063.308375133578,-266437.69783883385,136.3808792937318,0.07296187804068073
4015,120375.0,299.1293628163181,1.0751718320883132,9065.177571691396,-266437.6979166669,136.41184568633793,0.07295438022908361
4016,120400.0,299.12579636511504,1.0751683158244127,9067.046639350423,-266437.69786739716,136.4428540611567,0.07294749232428839
4017,120425.0,299.1251637275594,1.0751654026049444,9068.915609635967,-266437.69793999946,136.47364804504724,0.072941931557989
4018,120450.0,299.12405066948673,1.0751635312266732,9070.784440477146,-266437.6979425855,136.5043675770921,0.07293842680600476
4019,120475.0,299.1244646423716,1.0751629689883915,9072.653158148087,-266437.69793221424,136.53489344635153,0.07293752968490873
4020,120500.0,299.1251172259804,1.0751638056039128,9074.52174745751,-266437.69787262735,136.5652104590897,0.07293953527314924
4021,120525.0,299.1221326697333,1.0751657869219293,9076.39014322219,-266437.6975799771,136.59524482836062,0.07294396560583452
4022,120550.0,299.12481522139376,1.0751683319247658,9078.258434851432,-266437.6975826501,136.625116684978,0.07294950509569967
4023,120575.0,299.12654723219026,1.075170943588469,9080.126574153739,-266437.69758791034,136.65496130889656,0.07295494110337968
4024,120600.0,299.1250267842651,1.0751732249275363,9081.994561835772,-266437.69750258833,136.6849386445548,0.07295933987577635
4025,120625.0,299.1238712545952,1.075174868935254,9083.862426079395,-266437.6975156279,136.714912769581,0.07296200165590326
4026,120650.0,299.1204781651354,1.0751757734459066,9085.730166830555,-266437.6974769269,136.74496951129868,0.07296279794718977
4027,120675.0,299.11889696400203,1.075175884144323,9087.597801307922,-266437.69755720405,136.77516969662358,0.07296179038397876
4028,120700.0,299.114666498304,1.0751753489699676,9089.46532154678,-266437.6975159265,136.80547000297835,0.07295948829320753
4029,120725.0,299.11343272497936,1.0751741546732834,9091.332739708847,-266437.69757289113,136.8358428500413,0.07295608196856902
4030,120750.0,299.11310381849006,1.0751723851815096,9093.200072451828,-266437.69759881776,136.86642273348212,0.07295179302075577
4031,120775.0,299.11362699148486,1.0751701582341266,9095.067320634917,-266437.6975730616,136.8970781216104,0.07294681415343912
4032,120800.0,299.11861525398797,1.0751675228531279,9096.934464424163,-266437.6976867926,136.92771545747578,0.07294124555748407
4033,120825.0,299.12068286506366,1.0751645360271027,9098.801472559573,-266437.69761971186,136.95855989373655,0.07293523095356137
4034,120850.0,299.1218564313094,1.0751612984717056,9100.66836517067,-266437.69753975654,136.98953202668318,0.07292897678645187
4035,120875.0,299.12218641047247,1.0751579502808057,9102.53512307887,-266437.6974908121,137.02043694615128,0.07292279658077302
4036,120900.0,299.1195497006028,1.0751549185038392,9104.401703065143,-266437.6973748042,137.05124293955905,0.07291741251754602
4037,120925.0,299.11791144477473,1.075152669720984,9106.268159528392,-266437.69735172146,137.0819112259369,0.07291347333663528
4038,120950.0,299.1174929756541,1.0751514454072788,9108.13449520186,-266437.6973879676,137.11244761442597,0.07291127184946768
4039,120975.0,299.1176802393565,1.075151189851485,9110.000720675986,-266437.6974293526,137.14282982087457,0.07291067533003298
4040,121000.0,299.1198231328055,1.0751518334570649,9111.866770206048,-266437.6975557827,137.17298430833947,0.07291164225026807
4041,121025.0,299.1213195984662,1.075153271647699,9113.732727775354,-266437.6976177225,137.203157402441,0.07291409780636647
4042,121050.0,299.1201295901559,1.0751553649105448,9115.598589168185,-266437.6975379259,137.23328249328054,0.07291781688515127
4043,121075.0,299.1213518976262,1.0751578855918231,9117.464273592805,-266437.6975843846,137.26332344988458,0.07292240257171115
4044,121100.0,299.12080695228684,1.0751605199011123,9119.32979601227,-266437.6975818915,137.29328441128962,0.07292722315615983
4045,121125.0,299.1203628842479,1.0751630411105615,9121.195154801278,-266437.69763604004,137.32322358774096,0.07293179411764704
4046,121150.0,299.1164268214316,1.0751654388435876,9123.060431495174,-266437.6975280046,137.3531724856272,0.07293604530104601
4047,121175.0,299.11726949283604,1.0751675846508562,9124.925627595267,-266437.6976310321,137.38319672332014,0.07293969581686427
4048,121200.0,299.1173181242283,1.0751694081666254,9126.790661206298,-266437.69766969245,137.4133344373919,0.07294256408989871
4049,121225.0,299.1187635479013,1.0751708683950616,9128.65559446954,-266437.6977700621,137.44360560411522,0.07294455325102879
4050,121250.0,299.1172507416277,1.0751719412490741,9130.520447348135,-266437.6977366703,137.473984233358,0.0729456390191722
4051,121275.0,299.1169851456072,1.0751725612866072,9132.385218815885,-266437.6978035541,137.50453331893715,0.07294568641000326
4052,121300.0,299.11691269660344,1.0751728248211199,9134.249815014631,-266437.69790124637,137.53504974858132,0.07294488395427252
4053,121325.0,299.1169976729157,1.0751728171353392,9136.114253885291,-266437.6980143072,137.5655527940306,0.07294344704818283
4054,121350.0,299.11721913415545,1.0751726338676526,9137.978552709486,-266437.6981196058,137.59604603526512,0.07294162087957251
4055,121375.0,299.117709662722,1.0751723138560154,9139.842713868828,-266437.6981940339,137.6265060472551,0.07293957741617353
4056,121400.0,299.1168804564129,1.075171846027442,9141.70675021805,-266437.69815545186,137.6569093682524,0.07293741368827537
4057,121425.0,299.11928594586834,1.0751712125020532,9143.570646819278,-266437.6982247006,137.68725000977494,0.07293520716280595
4058,121450.0,299.1224649338919,1.075170456844871,9145.434410589462,-266437.6983016141,137.7174871867455,0.07293309361911797
4059,121475.0,299.121694328982,1.0751696359605907,9147.29800280508,-266437.6981732352,137.74756644868637,0.07293106321839077
4060,121500.0,299.1203871385538,1.0751687161618644,9149.161503712376,-266437.6980243992,137.77767457883937,0.07292888623491747
4061,121525.0,299.1208416102906,1.0751676908747738,9151.024851694556,-266437.69795256894,137.8076147709667,0.07292648022320693
4062,121550.0,299.1207534856019,1.0751665607514969,9152.888039500358,-266437.69785769994,137.83759860464355,0.0729238161457051
4063,121575.0,299.12033781176194,1.0751655570866137,9154.751074434618,-266437.6977833829,137.8675489300361,0.07292130372375323
4064,121600.0,299.1217545789259,1.0751650416564158,9156.614024728566,-266437.6978244161,137.89733528085281,0.07291953316933164
4065,121625.0,299.12208876135446,1.075165180357435,9158.476855831601,-266437.6978218769,137.9271130165601,0.0729187985735366
4066,121650.0,299.1238744863537,1.0751660881075316,9160.339589178908,-266437.6979192283,137.95675563224327,0.07291937578886971
4067,121675.0,299.12478514560814,1.0751681115208125,9162.202213784976,-266437.69799092546,137.98628843059655,0.07292207595870202
4068,121700.0,299.1254782186452,1.0751713682313422,9164.064726398366,-266437.69808306743,138.01569215335465,0.07292735160154004
4069,121725.0,299.1255829728093,1.0751756773136767,9165.927076265261,-266437.6981598079,138.0449964063882,0.07293493259623254
4070,121750.0,299.1242846113978,1.0751806394825183,9167.78928290681,-266437.6981674245,138.0741856861541,0.07294397338901167
4071,121775.0,299.12600259790446,1.0751859120006544,9169.651384649218,-266437.69833108253,138.10340445284874,0.07295368647675175
4072,121800.0,299.1263121781652,1.0751913093542838,9171.513404746775,-266437.69844351045,138.13267394082985,0.07296362533758895
4073,121825.0,299.12489047790876,1.07519667067583,9173.375348457685,-266437.6984484949,138.16202731246932,0.07297344264441166
4074,121850.0,299.1246443862578,1.0752019428220854,9175.237198797287,-266437.6984892642,138.1914926429448,0.07298304220858891
4075,121875.0,299.1251396178444,1.0752068442917888,9177.098936279508,-266437.6985427915,138.2209961785247,0.07299178696434408
4076,121900.0,299.1253418060667,1.0752109893712694,9178.960534899177,-266437.6985962926,138.2507249576486,0.07299881538713102
4077,121925.0,299.1289268312899,1.075214060814124,9180.822059581971,-266437.69884389854,138.28070042381887,0.07300348733039068
4078,121950.0,299.1281065869904,1.075215772820135,9182.683434231662,-266437.69890751445,138.3108468608319,0.07300533120862954
4079,121975.0,299.1292005131537,1.0752160926470582,9184.544735940835,-266437.6990655641,138.34117478145427,0.07300447581699344
4080,122000.0,299.1287819570368,1.075215252225761,9186.40592426479,-266437.6991418569,138.37166216017317,0.07300156824307766
4081,122025.0,299.12610261342485,1.0752136431487826,9188.266983992475,-266437.6990650012,138.4021968143884,0.07299748252490608
4082,122050.0,299.12455810555974,1.0752116362152007,9190.12791013706,-266437.6989575684,138.4326521293167,0.0729929743652543
4083,122075.0,299.12479630933734,1.0752096237348998,9191.988734647228,-266437.69881447963,138.46310337275548,0.07298880909239307
4084,122100.0,299.12491025181566,1.0752079680130553,9193.84939331537,-266437.6985592619,138.49355074492044,0.07298575210118317
4085,122125.0,299.1271775948769,1.0752067525697497,9195.709944110935,-266437.6983398601,138.52383903964756,0.0729839743840757
4086,122150.0,299.1302934043717,1.075205966805317,9197.570362319455,-266437.6981587965,138.55415745901638,0.07298331914199493
4087,122175.0,299.1334792246413,1.0752054374592297,9199.430652142762,-266437.6980491686,138.58447735632745,0.0729832967221135
4088,122200.0,299.13482944118374,1.0752048356566393,9201.290832183244,-266437.69796506927,138.61482347061218,0.0729832429281813
4089,122225.0,299.13593486642225,1.0752041502037484,9203.150896234707,-266437.69798543234,138.64519360309697,0.07298317204563977
4090,122250.0,299.1353256043348,1.075203561476411,9205.010850294291,-266437.6980312478,138.675543843559,0.0729833013118227
4091,122275.0,299.13360501841,1.0752033033561417,9206.87064172669,-266437.69808976905,138.7058944738514,0.07298391927337895
4092,122300.0,299.1338606060755,1.0752036273312156,9208.730268683266,-266437.69824751647,138.73619295928006,0.07298537731085593
4093,122325.0,299.13425215722197,1.0752046070672525,9210.589746337553,-266437.69836447685,138.76644083602017,0.07298780825598437
4094,122350.0,299.1361008799349,1.075206256491656,9212.449085049233,-266437.69847120513,138.79650137981275,0.07299127024827026
4095,122375.0,299.1377056097819,1.0752085501302078,9214.308234070868,-266437.69848124223,138.82642791625975,0.07299574796549481
4096,122400.0,299.13850379367017,1.0752112941176466,9216.167262195006,-266437.6983972016,138.85622763501746,0.07300084989016356
4097,122425.0,299.13874725939485,1.0752142425573445,9218.026299853655,-266437.69828015735,138.88595226647143,0.07300607450789004
4098,122450.0,299.14152855468814,1.0752172058225578,9219.885383196293,-266437.6982978576,138.91569934805236,0.07301108498007645
4099,122475.0,299.1421378850407,1.0752199985365847,9221.74452896901,-266437.69825965486,138.9454944004878,0.0730155498373984
4100,122500.0,299.14358429131113,1.075222253271559,9223.603753596752,-266437.6983764126,138.97556992879785,0.07301875062992767
4101,122525.0,299.1444360854868,1.0752238225255963,9225.46303815877,-266437.6985692958,139.00577719380786,0.07302046936453764
4102,122550.0,299.14056628304496,1.0752247639125834,9227.322399536017,-266437.69861483504,139.03610298821997,0.07302090462263386
4103,122575.0,299.137144071475,1.0752253866959054,9229.181818495927,-266437.6987085774,139.06647341228066,0.07302072173489281
4104,122600.0,299.1365441079172,1.075226164677222,9231.041288474531,-266437.6988885509,139.09675870442547,0.07302092773041009
4105,122625.0,299.1364401709693,1.0752273969800283,9232.900814946895,-266437.69899232866,139.12694815270333,0.07302225182659525
4106,122650.0,299.1404525152991,1.0752289540621693,9234.760378241932,-266437.6991975087,139.15706042610176,0.0730246039282526
4107,122675.0,299.1413518219734,1.075230718760142,9236.62001297808,-266437.6991464828,139.18710858771502,0.07302788956507629
4108,122700.0,299.14295894321407,1.0752326232660006,9238.47970744024,-266437.69906506076,139.21720769627646,0.07303207730997001
4109,122725.0,299.1456197229521,1.075234584022708,9240.339461265356,-266437.6990292988,139.2471323808597,0.07303697648012979
4110,122750.0,299.14762948001294,1.0752364640395677,9242.199326607948,-266437.69899355416,139.27704611343552,0.07304212478715642
4111,122775.0,299.14814258252267,1.0752381438878071,9244.059228091994,-266437.6989527605,139.3068076332685,0.07304700170233465
4112,122800.0,299.1481280586757,1.0752395248399376,9245.919195293203,-266437.6989550412,139.33650308161117,0.0730511085177081
4113,122825.0,299.14732094741527,1.0752405215524217,9247.779235852198,-266437.69898010883,139.3662102744288,0.07305409714795012
4114,122850.0,299.145735856622,1.075240932523288,9249.639313393425,-266437.6990380724,139.39601904649658,0.07305554110976106
4115,122875.0,299.14325117500806,1.075240568351149,9251.499455032139,-266437.6991036,139.42583021298995,0.0730551370262391
4116,122900.0,299.1417623738968,1.075239473969718,9253.359646847288,-266437.69924753084,139.4557446487734,0.07305307618816294
4117,122925.0,299.1391649519993,1.0752378721061993,9255.21989852087,-266437.69932309404,139.48575442237333,0.07304985292213051
4118,122950.0,299.1365681645221,1.0752358980335022,9257.080182067075,-266437.69934045506,139.51591656251517,0.07304581387068063
4119,122975.0,299.13739581755664,1.0752336455501608,9258.940542031298,-266437.69944124215,139.54618857281557,0.07304124967637544
4120,123000.0,299.13822507295964,1.0752313871228656,9260.800984497359,-266437.6994383445,139.5765159797784,0.0730366865647497
4121,123025.0,299.13853263440075,1.0752294279475973,9262.661494973301,-266437.69932678336,139.60678111847002,0.07303256849425849
4122,123050.0,299.1431094581615,1.0752278083919466,9264.522049645471,-266437.69936181203,139.63693951782685,0.07302887727382977
4123,123075.0,299.1438425948917,1.0752264709020358,9266.382615538218,-266437.69922759075,139.66710189451987,0.07302551495311999
4124,123100.0,299.1457811505454,1.0752254867070699,9268.243191217038,-266437.69925505074,139.69732510965656,0.0730226817777778
4125,123125.0,299.14542429253515,1.0752250104217151,9270.103820082877,-266437.69930521917,139.7274006495395,0.07302074834383587
4126,123150.0,299.1447638853081,1.0752251532186405,9271.964482989406,-266437.6994790407,139.75733405524593,0.07302005435748327
4127,123175.0,299.14373322755165,1.0752261319444436,9273.8252331694,-266437.69975876156,139.7871164312823,0.07302122028423776
4128,123200.0,299.14159512755305,1.0752280955840792,9275.686028490823,-266437.70006357494,139.81671841632357,0.07302477242270125
4129,123225.0,299.13845798797416,1.07523102937853,9277.546890571093,-266437.7003278856,139.84608623559322,0.07303076198547219
4130,123250.0,299.13651127539737,1.0752349641733228,9279.407822631472,-266437.70057693886,139.87528737835873,0.07303931630759303
4131,123275.0,299.13881083292995,1.0752399388512417,9281.268814807263,-266437.70089393784,139.90445258930302,0.07305048838334949
4132,123300.0,299.1391097640939,1.0752457180417767,9283.129867875785,-266437.70096126734,139.93343536583598,0.07306353197838537
4133,123325.0,299.1409892960006,1.0752518984034827,9284.990929457494,-266437.7009857284,139.96234471125624,0.07307732172230287
4134,123350.0,299.1424882993954,1.0752580729544532,9286.852053463832,-266437.7009169693,139.99135923909714,0.0730908902055623
4135,123375.0,299.14503423420376,1.0752639042553185,9288.713267025052,-266437.7008910585,140.0205256416022,0.07310344503546101
4136,123400.0,299.14685571702523,1.07526924405769,9290.574560602034,-266437.70082739135,140.04979831343164,0.07311461840302959
4137,123425.0,299.1467349984695,1.0752740804736582,9292.435882947708,-266437.7007083739,140.0792779139681,0.073124421701305
4138,123450.0,299.1487249988725,1.0752784457598448,9294.297233304407,-266437.70076055033,140.10882590311667,0.07313303245550457
4139,123475.0,299.14783957971014,1.0752825545893714,9296.158652988152,-266437.7006919287,140.13845885305957,0.07314101038647344
4140,123500.0,299.149228484907,1.0752865365853652,9298.02014087852,-266437.70074659935,140.1680868325686,0.0731486751187314
4141,123525.0,299.14927032295185,1.0752904440688873,9299.881710431422,-266437.7007509459,140.19776534178334,0.0731561158860454
4142,123550.0,299.1477595500845,1.0752942737951559,9301.74337503523,-266437.7007326618,140.22749540815832,0.07316324724434792
4143,123575.0,299.14699957907015,1.0752981002252244,9303.605106940708,-266437.7007998515,140.25707035135133,0.07317016047297299
4144,123600.0,299.1456184521914,1.0753020801769193,9305.466896902362,-266437.70086700877,140.28664089915557,0.07317722114997992
4145,123625.0,299.1448447014793,1.0753061792088754,9307.328714491226,-266437.7009843829,140.31632319070587,0.07318441871683552
4146,123650.0,299.14524557463227,1.0753102366369256,9309.190542118551,-266437.7011519375,140.3461338017844,0.07319144522144524
4147,123675.0,299.1457513775314,1.0753140867084532,9311.052412947756,-266437.70133447874,140.37600100562517,0.0731979648023144
4148,123700.0,299.1461899063229,1.0753174522374862,9312.914328697349,-266437.7015144215,140.40592762280065,0.07320339117859728
4149,123725.0,299.14552504658644,1.0753198998393567,9314.776315214047,-266437.7015938758,140.4360597737349,0.0732068346987952
4150,123750.0,299.1438028616398,1.0753211985063833,9316.638356442052,-266437.70158797107,140.4663249384887,0.07320792644342732
4151,123775.0,299.1438305278581,1.0753214619460496,9318.500442384144,-266437.70163224585,140.49674125642258,0.07320703106936419
4152,123800.0,299.14380816213185,1.075321015731599,9320.362596231711,-266437.7016313512,140.52725922842924,0.07320485223533191
4153,123825.0,299.14490912333497,1.0753201241373769,9322.224791384038,-266437.7016480103,140.5578241249398,0.07320190178141553
4154,123850.0,299.1455334660249,1.075319021740874,9324.087036807052,-266437.7016370842,140.5883900952266,0.07319860778178902
4155,123875.0,299.14657949526793,1.0753178524222,9325.949341251515,-266437.7016737852,140.618818443375,0.07319521607314727
4156,123900.0,299.1453568366611,1.0753166911234056,9327.811746939933,-266437.70164030587,140.64913971189156,0.07319189599871703
4157,123925.0,299.1465905772808,1.0753155725509054,9329.67422242728,-266437.70178721775,140.6795429545454,0.0731888053551387
4158,123950.0,299.14577238999766,1.0753145786647424,9331.536760630672,-266437.70191402215,140.70983390222005,0.07318621014666989
4159,123975.0,299.1456313617789,1.0753137277243583,9333.39932828597,-266437.70213090983,140.74018286834934,0.07318419206730771
4160,124000.0,299.1475538481135,1.075313054714411,9335.261973525827,-266437.7024928907,140.7704581381078,0.0731827834655131
4161,124025.0,299.14675217755894,1.0753125750440489,9337.124694469718,-266437.70272705465,140.8007448132308,0.07318188851513696
4162,124050.0,299.1452872819282,1.0753121205060447,9338.98747532844,-266437.7029060577,140.83101020233804,0.07318104099607656
4163,124075.0,299.1454565512329,1.075311394252321,9340.850310030331,-266437.7031174955,140.86135795076848,0.07317959718219662
4164,124100.0,299.1449082816327,1.075310084593837,9342.713188454252,-266437.70323879586,140.8918507540616,0.07317694205682274
4165,124125.0,299.14720916394634,1.075308024483917,9344.576125236908,-266437.7034575535,140.92259944911186,0.07317279372699632
4166,124150.0,299.14783597240233,1.0753052770178382,9346.438881555387,-266437.70354121696,140.95346324318052,0.0731672799776018
4167,124175.0,299.14748228518886,1.0753021500319893,9348.301440999432,-266437.70353736833,140.9844261859405,0.07316094353806783
4168,124200.0,299.1470349489887,1.0752990087950742,9350.163832292788,-266437.70346356067,141.01544918421683,0.07315440857120015
4169,124225.0,299.1502866500401,1.0752961714628293,9352.026043266738,-266437.7035471625,141.04635669840127,0.0731482440447642
4170,124250.0,299.1536599025015,1.0752937579317505,9353.888139689596,-266437.7036207347,141.07715528042834,0.0731427083832814
4171,124275.0,299.1536464709972,1.075291824944071,9355.750303504467,-266437.7035794186,141.1078380877277,0.07313794942473634
4172,124300.0,299.1522422752617,1.0752906660276376,9357.612527250893,-266437.70355060336,141.138407180925,0.07313451457784169
4173,124325.0,299.1492745722729,1.07529057219294,9359.474803077457,-266437.70348187216,141.16877083788532,0.07313299896182718
4174,124350.0,299.14704365021964,1.0752916529341314,9361.337143704985,-266437.7034755492,141.19901326906188,0.07313374570858283
4175,124375.0,299.14655370857287,1.0752936736909322,9363.199541440368,-266437.70356900565,141.22899003687738,0.07313640365581098
4176,124400.0,299.14802348886764,1.0752960943260712,9365.061959019386,-266437.7037621701,141.25888860194715,0.07313988340914532
4177,124425.0,299.1491392473273,1.0752984175841709,9366.924386926674,-266437.7039527488,141.28887355329505,0.07314312924844422
4178,124450.0,299.149204148999,1.075300141740448,9368.786876340506,-266437.70409089123,141.31897717029594,0.07314508789981654
4179,124475.0,299.1500529813397,1.0753008970494415,9370.6494024102,-266437.7042763161,141.34923140255185,0.0731450885167464
4180,124500.0,299.1521335122379,1.0753004901538703,9372.511969929115,-266437.7045314122,141.3796522173324,0.07314296316670653
4181,124525.0,299.1514963994899,1.0752988225729312,9374.374584836034,-266437.7046693172,141.41030924740951,0.07313876279292204
4182,124550.0,299.14961681408874,1.0752958142481468,9376.237291117051,-266437.70474739047,141.44111776508086,0.07313247645230696
4183,124575.0,299.1492757724665,1.0752915725780747,9378.100081446773,-266437.70490509504,141.4721860752868,0.0731243776290631
4184,124600.0,299.1493989017921,1.0752863986459573,9379.962950586134,-266437.70505027904,141.50348759378733,0.07311502150537635
4185,124625.0,299.1477479369326,1.0752806923873224,9381.825928665465,-266437.70509834395,141.53477359698994,0.0731050352763179
4186,124650.0,299.1481669621845,1.0752749082875561,9383.688995080081,-266437.7052409245,141.56607105652415,0.07309507658625906
4187,124675.0,299.1476640872334,1.0752694395893023,9385.55208527188,-266437.70531628083,141.59724122174464,0.07308567446673035
4188,124700.0,299.1455037693165,1.0752645350521202,9387.415249703901,-266437.7052473743,141.62832974982092,0.07307707074082917
4189,124725.0,299.14694153659514,1.075260413762927,9389.278464050749,-266437.7052804298,141.65935299594267,0.0730694354813047
4190,124750.0,299.147816967311,1.075257312097351,9391.141731602713,-266437.7052314486,141.6902272849757,0.07306316678596995
4191,124775.0,299.1508504157125,1.075255307729007,9393.005065322352,-266437.7052843712,141.72080205876267,0.07305859263676848
4192,124800.0,299.1492588524526,1.0752544084585416,9394.868473830822,-266437.7051534305,141.7512607266873,0.07305605215040945
4193,124825.0,299.15134149713884,1.075254572325544,9396.731926352084,-266437.7052634719,141.78147156644408,0.07305589198855511
4194,124850.0,299.15320707000404,1.0752556674612628,9398.595437717437,-266437.7054181568,141.81166061938814,0.07305821406436237
4195,124875.0,299.15213780552915,1.0752572221957415,9400.459006196372,-266437.7054833972,141.84184364585317,0.07306233722592949
4196,124900.0,299.14971743022795,1.0752587680088947,9402.322695891267,-266437.7055436425,141.87204220482883,0.07306746001111908
4197,124925.0,299.1484214452915,1.0752600404160708,9404.186478363978,-266437.7057080755,141.90232841638874,0.07307287319358428
4198,124950.0,299.14526427252525,1.0752608393268237,9406.050345313166,-266437.7057682387,141.93274590196077,0.07307785385409228
4199,124975.0,299.14256879785717,1.0752612834126982,9407.914259518726,-266437.7058010915,141.96317706150793,0.073082363968254
4200,125000.0,299.1403670806158,1.0752615171784492,9409.778254876293,-266437.705757062,141.99368299579464,0.07308630437197496
4201,125025.0,299.1407199681898,1.0752617120418846,9411.64229500761,-266437.70570561656,142.0241914589878,0.07308964072663814
4202,125050.0,299.1419356009994,1.0752619597906254,9413.50635688682,-266437.7055699304,142.05462392433975,0.07309217416131338
4203,125075.0,299.1439190215669,1.0752624153187438,9415.370479321751,-266437.70538227505,142.08486166254357,0.0730940246590549
4204,125100.0,299.1490284580263,1.0752630298057866,9417.234645979146,-266437.7053061833,142.1150056673008,0.07309534149821643
4205,125125.0,299.15315833269943,1.075263468774766,9419.098880626085,-266437.7052375577,142.14515795997778,0.07309575891583454
4206,125150.0,299.15347066706295,1.0752632576657948,9420.963148934865,-266437.7051417283,142.17525265398933,0.07309460193328582
4207,125175.0,299.1538366017904,1.07526221997782,9422.827499641946,-266437.7052316027,142.20548801782314,0.07309172488910015
4208,125200.0,299.1509584390593,1.0752604788944324,9424.691892122588,-266437.7053239093,142.23590475156408,0.07308750415775721
4209,125225.0,299.14666795296927,1.075258324861441,9426.556311789383,-266437.7054334919,142.26623638424383,0.07308253309580366
4210,125250.0,299.1433082098474,1.075256178104963,9428.420808638082,-266437.7055826013,142.2965302175255,0.07307752442016942
4211,125275.0,299.14293065028505,1.0752542748496359,9430.285343342664,-266437.70580088656,142.32674116832854,0.07307288303260527
4212,125300.0,299.1427932630748,1.0752526138143839,9432.14995512793,-266437.70590286044,142.3567982314265,0.07306866033705199
4213,125325.0,299.1445378065181,1.0752511614459734,9434.0146207089,-266437.7059528756,142.38684552206925,0.07306485611453885
4214,125350.0,299.14714192162927,1.0752499593515221,9435.879392337598,-266437.70594108367,142.41687488793983,0.073061603084223
4215,125375.0,299.14863294734363,1.0752489588867804,9437.744171479831,-266437.70581070153,142.44687416674566,0.07305876628716003
4216,125400.0,299.15068437854734,1.075247890443443,9439.608957549357,-266437.70567297074,142.4768198540826,0.07305577487945618
4217,125425.0,299.15542916563953,1.0752464625414888,9441.473795611499,-266437.70570323634,142.50687923779034,0.07305207388967914
4218,125450.0,299.15774258110156,1.0752446848384292,9443.338735376225,-266437.70567916986,142.53698542822147,0.07304771178004266
4219,125475.0,299.15518291018975,1.0752428556082145,9445.203705537826,-266437.70551194734,142.567040399368,0.0730432528436019
4220,125500.0,299.1543990106611,1.0752412290136615,9447.06875007825,-266437.7055076801,142.59705813788193,0.0730391653636579
4221,125525.0,299.1540489083374,1.0752399272066948,9448.933851300717,-266437.7055897681,142.62704901847457,0.07303568885204484
4222,125550.0,299.15293763959284,1.0752390134975132,9450.799022526631,-266437.7056915505,142.65703890101815,0.07303296250690662
4223,125575.0,299.155393845723,1.075238596275252,9452.664296250385,-266437.7059930361,142.68698479663817,0.0730311856060606
4224,125600.0,299.1530373471402,1.0752386798422087,9454.529651610563,-266437.7060675545,142.716921179566,0.07303037712031558
4225,125625.0,299.1536038678815,1.0752391609875371,9456.395065265884,-266437.7062850018,142.7468097591102,0.0730303208707998
4226,125650.0,299.15135263054975,1.0752398029335222,9458.260557440335,-266437.70635202294,142.77672809533942,0.07303052125226717
4227,125675.0,299.14966660052045,1.0752404483601383,9460.126106719244,-266437.7063993025,142.80664255849882,0.0730306563386944
4228,125700.0,299.15059619492405,1.0752412165996685,9461.99168501946,-266437.70652784366,142.8364026428627,0.0730309918026326
4229,125725.0,299.1497741951144,1.0752422613081163,9463.85727864751,-266437.70650856994,142.86606318620954,0.07303187155240345
4230,125750.0,299.1499623776886,1.0752438168281726,9465.722894617498,-266437.7064745334,142.89565794626955,0.0730337866540613
4231,125775.0,299.15010805868,1.0752460526149965,9467.588621356324,-266437.70638882346,142.92516787507873,0.07303710184310018
4232,125800.0,299.1501581389874,1.0752489868493578,9469.454378070075,-266437.7062416334,142.9546461578864,0.0730419027482479
4233,125825.0,299.15317767335864,1.0752525399149737,9471.320187660833,-266437.70623228647,142.9840262826326,0.07304810777830263
4234,125850.0,299.15484629232594,1.0752566267611172,9473.18606399818,-266437.706200807,143.01341039818965,0.0730556072412436
4235,125875.0,299.15625750102305,1.0752610485520928,9475.052041324827,-266437.7062455739,143.04278569357882,0.07306401432168713
4236,125900.0,299.1576860620723,1.0752654802926598,9476.918131931468,-266437.7064181617,143.0720478579183,0.07307259122020297
4237,125925.0,299.15606916383524,1.0752695014944154,9478.784255125207,-266437.70657100464,143.1013699845839,0.07308032743432437
4238,125950.0,299.15300616065116,1.075272856176771,9480.650419334583,-266437.7067458916,143.1308341368247,0.07308659282849729
4239,125975.0,299.1525966130504,1.0752755838050314,9482.516640584347,-266437.70708284224,143.16040976202828,0.07309144803459121
4240,126000.0,299.15013827501383,1.0752777847991826,9484.382925487691,-266437.70730173733,143.18999184296155,0.07309501862768217
4241,126025.0,299.14674701870194,1.0752795486405782,9486.249310923455,-266437.707422305,143.21953659130912,0.07309744955209808
4242,126050.0,299.1448381351246,1.0752809161756618,9488.115656180602,-266437.7075010805,143.24914878435067,0.07309885560531072
4243,126075.0,299.1459557480365,1.0752819013509265,9489.98184008356,-266437.7075601833,143.2788741173421,0.07309937825950363
4244,126100.0,299.14675815233613,1.0752825185708674,9491.847887715028,-266437.70742294885,143.30862833474674,0.07309916317235965
4245,126125.0,299.14852507772025,1.0752827976134398,9493.713785912929,-266437.7071827409,143.33847159083055,0.07309836214476371
4246,126150.0,299.15184585063975,1.0752828401224392,9495.579492477898,-266437.7069377407,143.3683639263794,0.07309719794364651
4247,126175.0,299.1536474910547,1.0752827609070934,9497.44521424442,-266437.70661929174,143.39840799066226,0.07309586228813561
4248,126200.0,299.1550466619598,1.075282800894328,9499.310948578717,-266437.70633286296,143.42845132572367,0.07309479367694362
4249,126225.0,299.1555938269805,1.0752834078431373,9501.176708658031,-266437.70610784343,143.4583807272941,0.07309485301960787
4250,126250.0,299.15469394628724,1.0752849793774013,9503.042571925578,-266437.70595154114,143.48818523037713,0.07309687375519487
4251,126275.0,299.15434553386655,1.0752877246785826,9504.908509393375,-266437.7059643505,143.51787483882092,0.07310135246158674
4252,126300.0,299.15175705392284,1.0752917255270786,9506.774506576841,-266437.70598205226,143.54744952707887,0.07310860153617058
4253,126325.0,299.1484016032755,1.0752969312803635,9508.640562514254,-266437.7060438219,143.5767993412474,0.07311864840934026
4254,126350.0,299.14745756365073,1.075303492361927,9510.506666516012,-266437.7062720332,143.60593733678022,0.07313198527222878
4255,126375.0,299.14763043084287,1.0753114036654132,9512.37282243295,-266437.7065515354,143.6348592151472,0.07314872869674188
4256,126400.0,299.14655918158337,1.0753203704486725,9514.239018321032,-266437.70676239167,143.6634825387988,0.0731682435987785
4257,126425.0,299.146748275325,1.075329996712071,9516.105320032324,-266437.7070171837,143.69196350493186,0.07318958658211995
4258,126450.0,299.1477708712532,1.0753397504108944,9517.971688538852,-266437.7072865309,143.72048107803082,0.07321136323080538
4259,126475.0,299.1480477218311,1.0753491174491392,9519.838154386767,-266437.7074921756,143.74909783661968,0.07323217316118938
4260,126500.0,299.1474492152861,1.0753576345145897,9521.704678838136,-266437.7076610541,143.7777195574591,0.0732507884690605
4261,126525.0,299.1476562045207,1.0753647601282652,9523.571226869613,-266437.7078933994,143.80656808227747,0.07326583966838732
4262,126550.0,299.14537315075466,1.075369975291266,9525.437863426843,-266437.7080156779,143.8357189306435,0.07327612002502153
4263,126575.0,299.1426788895405,1.0753731176516572,9527.304634893128,-266437.70809636917,143.8651289125234,0.07328152626641654
4264,126600.0,299.1427219679564,1.075374255490426,9529.171453357396,-266437.7082502934,143.89488313200465,0.07328256162563505
4265,126625.0,299.14223894506966,1.0753735536021252,9531.038368319572,-266437.70831624116,143.925032169167,0.07327998718549776
4266,126650.0,299.14189092805265,1.0753712102179516,9532.905337601429,-266437.70828695054,143.95545291180372,0.07327455011327243
4267,126675.0,299.14329671993147,1.0753674511090283,9534.772366505615,-266437.70825523307,143.98605214144013,0.07326692111840052
4268,126700.0,299.1451012232374,1.0753625920980714,9536.639520967587,-266437.70818204916,144.01682560217066,0.07325778831888814
4269,126725.0,299.1467085957066,1.0753570709601874,9538.506733826844,-266437.7080942626,144.04766504972673,0.07324784207650276
4270,126750.0,299.1486439106378,1.075351293373917,9540.374007329421,-266437.7079967614,144.07855028697412,0.07323762241473507
4271,126775.0,299.149981786439,1.0753457073970039,9542.241330579267,-266437.7078944291,144.109400633583,0.0732276664325843
4272,126800.0,299.1513828960139,1.0753407304001872,9544.108709685303,-266437.70784333826,144.14013754887273,0.07321853545518375
4273,126825.0,299.15084785985044,1.0753366716580874,9545.976140995,-266437.70777033636,144.1706979744189,0.07321072874746533
4274,126850.0,299.1499087654583,1.0753337005068224,9547.843616203267,-266437.7077412283,144.2012641681871,0.07320461255360627
4275,126875.0,299.1499284958686,1.0753320628313066,9549.711182380644,-266437.7078339377,144.2315768140006,0.0732007123479888
4276,126900.0,299.14984319211305,1.0753319660197957,9551.578830880984,-266437.707989927,144.26157040893148,0.0731995758709376
4277,126925.0,299.15081947826104,1.0753334419510674,9553.446552996798,-266437.7082335011,144.29128055384135,0.07320147989714823
4278,126950.0,299.1489227755708,1.075336445976474,9555.314344845048,-266437.7083479398,144.3207007815689,0.07320658198956145
4279,126975.0,299.14980379143316,1.0753408447819313,9557.18222156736,-266437.70857427985,144.3499358286604,0.07321484556074769
4280,127000.0,299.14923750190775,1.0753461708323597,9559.050154796534,-266437.7086812858,144.37908029876195,0.07322539165304058
4281,127025.0,299.15063220979306,1.0753517843686748,9560.918102673897,-266437.70885392366,144.40823904803048,0.07323675712283982
4282,127050.0,299.15075668806924,1.0753572379173473,9562.786093380877,-266437.70896324643,144.4373730639738,0.07324778286247959
4283,127075.0,299.1526192542018,1.0753621753812634,9564.654111364604,-266437.70916734776,144.4666408387021,0.07325751641767819
4284,127100.0,299.1517485669391,1.0753663810968492,9566.522208636243,-266437.7092570987,144.49611285235312,0.07326540443407235
4285,127125.0,299.1500015946494,1.0753695908383882,9568.39041771931,-266437.709305491,144.5257373167677,0.07327089687354178
4286,127150.0,299.1490700631368,1.0753716592022389,9570.258719215217,-266437.70936843974,144.55556856294217,0.07327380584713476
4287,127175.0,299.1500452342974,1.0753726344838304,9572.127083192856,-266437.7095188125,144.58553498585195,0.07327439163557214
4288,127200.0,299.15182221512407,1.0753727567420528,9573.995485631063,-266437.7097006881,144.61566826463041,0.07327326836092331
4289,127225.0,299.15206479409494,1.0753721941724936,9575.863955609782,-266437.70979749446,144.64584327614602,0.07327088306138307
4290,127250.0,299.1512587837335,1.0753712999300857,9577.732463321907,-266437.7098384218,144.67603012242674,0.07326796294570032
4291,127275.0,299.1516793083257,1.0753704590711397,9579.601045470401,-266437.709913308,144.70615579457902,0.07326520254737498
4292,127300.0,299.15244791730737,1.0753700264772106,9581.469754422928,-266437.71000029147,144.7360922904728,0.07326324605947668
4293,127325.0,299.1546253195933,1.0753702397919576,9583.338494436492,-266437.71016728797,144.76586159602542,0.07326259757801584
4294,127350.0,299.15456994823444,1.075371098486612,9585.207272568172,-266437.7102565971,144.79551289088084,0.07326331517268142
4295,127375.0,299.15317532448796,1.075372517846058,9587.076117640432,-266437.71031191834,144.82511221554932,0.0732652320763501
4296,127400.0,299.15176238259255,1.0753744867737176,9588.945028925831,-266437.7103453963,144.85476223217748,0.07326827569622218
4297,127425.0,299.1516752603537,1.0753769044516825,9590.814000401262,-266437.7104127892,144.88436638110747,0.07327214533891734
4298,127450.0,299.1542182267195,1.07537949848802,9592.682989676505,-266437.71061584115,144.91380563828795,0.07327622702954177
4299,127475.0,299.15513625201555,1.0753819597674417,9594.552047204874,-266437.7107558142,144.9433190796124,0.07327991387596901
4300,127500.0,299.1555945328219,1.0753841673254279,9596.421265687117,-266437.71087876876,144.97283164876384,0.0732830590560335
4301,127525.0,299.1543347715792,1.075386188594452,9598.290553597928,-266437.71092176146,145.002337292887,0.07328590825972417
4302,127550.0,299.1536449677745,1.075388143233403,9600.159990779446,-266437.7109792589,145.03201095933068,0.07328878844217215
4303,127575.0,299.1539175230019,1.0753901830080546,9602.029507770127,-266437.7110609319,145.06183214978313,0.07329200456939283
4304,127600.0,299.1523023721255,1.0753926256291133,9603.899091329531,-266437.711004646,145.0917953995354,0.07329612295780102
4305,127625.0,299.15139150983134,1.075395591887289,9605.768725145292,-266437.7109411289,145.12174413361203,0.07330127511998764
4306,127650.0,299.15309777772626,1.0753990417150374,9607.63839011283,-266437.71097196446,145.15155668222275,0.07330731932512966
4307,127675.0,299.15274185940893,1.0754029445218198,9609.508149862108,-266437.7108988125,145.1813020699474,0.07331421525843396
4308,127700.0,299.1530438107063,1.0754072515664885,9611.378014922864,-266437.7108812952,145.21098475276554,0.07332190438616852
4309,127725.0,299.1537254101315,1.0754119574632637,9613.247948127215,-266437.7109362918,145.24043583650425,0.07333043712296987
4310,127750.0,299.15407033426123,1.0754171034562745,9615.117935097338,-266437.7110613356,145.26981678458208,0.07333996242171194
4311,127775.0,299.1531925381107,1.0754226500463822,9616.987975460721,-266437.7111839056,145.29914723222015,0.0733504323593074
4312,127800.0,299.1510074210526,1.0754285872942266,9618.858061086861,-266437.71128468215,145.32845804405284,0.07336185733055109
4313,127825.0,299.1506153153299,1.0754348708082213,9620.728188762856,-266437.7114650945,145.3578639360995,0.07337417385257305
4314,127850.0,299.15017308729233,1.0754414082657395,9622.598381878786,-266437.7116092122,145.38731107454615,0.07338719984550023
4315,127875.0,299.1499667988878,1.075448000308928,9624.468575388468,-266437.7117049932,145.4168570207754,0.07340044694161263
4316,127900.0,299.1492387047332,1.0754543713226778,9626.338794905403,-266437.71171386394,145.44645810771368,0.07341316091421515
4317,127925.0,299.147306655396,1.0754603184344602,9628.209053732891,-266437.7115996991,145.47612545236993,0.07342475436158719
4318,127950.0,299.1509956371073,1.0754657037122788,9630.079336831355,-266437.711678533,145.50586000926143,0.07343488569885007
4319,127975.0,299.1517670540895,1.075470549228395,9631.949718337257,-266437.71159336437,145.5354600949846,0.07344368557098768
4320,128000.0,299.1541204091645,1.075474817094808,9633.820116285802,-266437.7116311812,145.56517799452288,0.07345117920234516
4321,128025.0,299.1534148602498,1.0754783014036708,9635.690372707917,-266437.711579805,145.59496052992444,0.07345698071880305
4322,128050.0,299.15183863744306,1.0754809087053743,9637.560468198539,-266437.7115525485,145.62486750011567,0.07346093484462952
4323,128075.0,299.14918341011406,1.0754827490749304,9639.43042367575,-266437.7115349408,145.65488856652792,0.07346333009559053
4324,128100.0,299.1482393489017,1.0754839560693639,9641.300226142032,-266437.711642582,145.68507631560692,0.07346445641618499
4325,128125.0,299.14609401949446,1.0754847196794572,9643.170019375777,-266437.71169960714,145.71535663869625,0.07346469055324398
4326,128150.0,299.1439799539326,1.0754850487635772,9645.039909437011,-266437.71174938383,145.7457688611817,0.07346404375625917
4327,128175.0,299.14481943638316,1.0754847724892171,9646.909871828855,-266437.71190022345,145.7763147677141,0.07346222874306842
4328,128200.0,299.1460298771078,1.0754839996149994,9648.779852075679,-266437.71205099334,145.80689793516592,0.0734594818664819
4329,128225.0,299.144169199615,1.075483012625096,9650.649916392751,-266437.7120212664,145.83754520592763,0.07345632663587377
4330,128250.0,299.1442969401985,1.0754818866312628,9652.520050184163,-266437.712056492,145.86820613045487,0.07345293311783271
4331,128275.0,299.1447738122498,1.0754805927977837,9654.390245598865,-266437.71207246464,145.89869719575253,0.07344929470606343
4332,128300.0,299.14380679036844,1.0754793285637354,9656.260477933596,-266437.7119778445,145.92912125517347,0.07344581113931843
4333,128325.0,299.144448914167,1.0754784545454543,9658.130801695264,-266437.71192172356,145.95944734233194,0.07344313297954164
4334,128350.0,299.14743185420986,1.0754780098423682,9660.001151016364,-266437.7119521338,145.98978740922723,0.07344124875048061
4335,128375.0,299.14740571702026,1.0754778854551044,9661.871551228078,-266437.71184559504,146.02003273616236,0.07343985408979092
4336,128400.0,299.1472308226116,1.075477978864038,9663.741985127648,-266437.7117799362,146.0503736024902,0.07343874644531553
4337,128425.0,299.14673400568614,1.0754782989857077,9665.612481842772,-266437.71173111646,146.08073188988783,0.07343801444598129
4338,128450.0,299.14718872051924,1.0754788051778443,9667.483026237906,-266437.711766344,146.11109673926404,0.0734376791887532
4339,128475.0,299.14823907703527,1.0754794966973886,9669.353644728404,-266437.71184955834,146.14140772803378,0.07343780299539174
4340,128500.0,299.1491799984642,1.075480374952008,9671.224352408879,-266437.7119303348,146.1717810198111,0.07343841019734319
4341,128525.0,299.14940684346686,1.0754812939505605,9673.095133019717,-266437.71197029017,146.20216050591125,0.07343925249501002
4342,128550.0,299.14991367441854,1.075481929234784,9674.965998536483,-266437.7119886407,146.23258618827228,0.07343974364878351
4343,128575.0,299.15140047160827,1.075482182243708,9676.836944512495,-266437.7120621355,146.26304837806933,0.07343961924493558
4344,128600.0,299.15171236632136,1.075482071576525,9678.708016170911,-266437.71210443036,146.29357706060603,0.07343879324894519
4345,128625.0,299.15021158996774,1.0754816642123026,9680.579177768357,-266437.71207959426,146.32408639384872,0.07343727419849674
4346,128650.0,299.1492018612836,1.075481046315467,9682.45038455171,-266437.7120739399,146.35459510305955,0.07343516885208193
4347,128675.0,299.1464375331187,1.075480485280589,9684.32168314381,-266437.7119628757,146.38511598420726,0.07343298397730762
4348,128700.0,299.1455318874837,1.0754802676477355,9686.193045509224,-266437.7119021615,146.4155822479497,0.07343130290488238
4349,128725.0,299.14683357593873,1.075480501455939,9688.064439603284,-266437.7119228928,146.44602496122602,0.07343041578544064
4350,128750.0,299.14880166283615,1.0754810182333565,9689.935874741657,-266437.71197473764,146.47645895564233,0.07343008771929828
4351,128775.0,299.14695418374697,1.0754816339613973,9691.807415940935,-266437.71182789525,146.50678033785226,0.07343001302083337
4352,128800.0,299.1478805763841,1.0754822654874037,9693.679008783432,-266437.71182709245,146.53709954606012,0.07343008193582973
4353,128825.0,299.14848816276225,1.0754829103506358,9695.550643057331,-266437.7118310749,146.5674737112999,0.07343037704792532
4354,128850.0,299.14717506505934,1.075483628855722,9697.422373066196,-266437.7117609071,146.59786054267119,0.07343110799846923
4355,128875.0,299.1465812811448,1.0754844946434041,9699.294183840439,-266437.71175294614,146.62836198767974,0.07343248591980414
4356,128900.0,299.1450998584653,1.075485716242063,9701.166105603537,-266437.71167326526,146.65884546561082,0.07343496886236711
4357,128925.0,299.14506343544434,1.0754875208811387,9703.038136360934,-266437.7116414258,146.6893438044209,0.07343897797154662
4358,128950.0,299.14593700275293,1.0754899301827643,9704.91021429608,-266437.71163827716,146.7197501237286,0.07344452657337314
4359,128975.0,299.1463462359327,1.07549280909786,9706.782318701442,-266437.7116112386,146.74999564090209,0.07345125298165142
4360,129000.0,299.14800267774973,1.0754959189788282,9708.654435161649,-266437.7116463159,146.7801847787204,0.07345853695635562
4361,129025.0,299.14949926853126,1.0754989880024461,9710.526582346542,-266437.71167898906,146.81047594436797,0.07346579145651846
4362,129050.0,299.1494680926732,1.075501733363894,9712.398760331105,-266437.7116710597,146.84083774933143,0.07347243945297582
4363,129075.0,299.15192027757405,1.0755039409563099,9714.271045125102,-266437.71184692945,146.87140003177507,0.0734780682859762
4364,129100.0,299.15170261771664,1.0755055771668582,9716.143391586165,-266437.7119535128,146.90203193951885,0.07348261351660942
4365,129125.0,299.15123912322485,1.0755067427851588,9718.015828364014,-266437.7120767484,146.9326904783936,0.07348613925790201
4366,129150.0,299.14922646767417,1.0755076404854598,9719.888368309126,-266437.7121235975,146.9633629006182,0.0734889309976338
4367,129175.0,299.1493677175671,1.0755082698412706,9721.760990660017,-266437.7122348139,146.99404041926124,0.07349087561050063
4368,129200.0,299.14956734142055,1.075508725642787,9723.633699543974,-266437.71230783174,147.02478644167235,0.07349210246433206
4369,129225.0,299.1497840767353,1.0755091207475216,9725.50646331311,-266437.7123426774,147.05541297467576,0.07349289923722352
4370,129250.0,299.1503394741859,1.0755094217189056,9727.379283610453,-266437.7123822734,147.08608305933038,0.07349323625409902
4371,129275.0,299.15187121195487,1.0755096239707234,9729.25216745333,-266437.7124552075,147.1169049699603,0.07349314996950293
4372,129300.0,299.1522726405214,1.0755098158396226,9731.12512332753,-266437.71246379305,147.14766757877882,0.07349285448586024
4373,129325.0,299.15424528052125,1.0755101554641067,9732.998102253001,-266437.7125342936,147.1783452042371,0.07349268945282734
4374,129350.0,299.15505862384765,1.0755106961523815,9734.871139807228,-266437.71256904764,147.20898947230472,0.07349283390476194
4375,129375.0,299.1525972939519,1.075511474786716,9736.744235491382,-266437.7124609613,147.2395357515996,0.07349339929920783
4376,129400.0,299.1534294061382,1.0755126343766666,9738.61739301956,-266437.7125409337,147.27006742868016,0.07349470520143175
4377,129425.0,299.1536804164002,1.0755142765341867,9740.490599656225,-266437.7125899383,147.30049559433525,0.07349699840109641
4378,129450.0,299.15242445360434,1.075516391641928,9742.363849183517,-266437.7125604209,147.3309260589175,0.07350028202786027
4379,129475.0,299.15181090502284,1.0755190015220706,9744.237151618177,-266437.7125642123,147.36118593409432,0.07350457115677324
4380,129500.0,299.15152289720766,1.0755220375865484,9746.110516050052,-266437.7125917789,147.39124013452022,0.07350972837251771
4381,129525.0,299.15047632314014,1.0755253376692535,9747.983953600931,-266437.7126003157,147.42122324821233,0.07351547246310666
4382,129550.0,299.1506809296525,1.0755285250589404,9749.857484427625,-266437.71267301694,147.45116928967977,0.07352105049813676
4383,129575.0,299.1518602153285,1.0755313556113144,9751.731101208397,-266437.7127908303,147.48113757367696,0.07352599954379564
4384,129600.0,299.1498549228431,1.0755337918662111,9753.60474764461,-266437.7127280502,147.5112015120486,0.07353027616875715
4385,129625.0,299.1475644382885,1.075535959568324,9755.478539141877,-266437.71264154883,147.54134145105633,0.07353417768657852
4386,129650.0,299.1467509944533,1.0755381755185782,9757.352402934643,-266437.71261919686,147.57141441022713,0.07353839571461138
4387,129675.0,299.1466060176238,1.0755405560619877,9759.226322654422,-266437.7126134723,147.60136637701302,0.07354314653600731
4388,129700.0,299.14603500258227,1.075543008961799,9761.10025121074,-266437.7125935103,147.63127042241962,0.07354812113617379
4389,129725.0,299.14644180463176,1.0755453541381936,9762.974212492469,-266437.71263762336,147.66118037782834,0.073552814730448
4390,129750.0,299.1449448135581,1.0755475118044493,9764.848227613515,-266437.71260817576,147.69123483587637,0.07355703567904047
4391,129775.0,299.14956869148455,1.0755495232240444,9766.722272463785,-266437.7128918108,147.7213679115816,0.07356090171523984
4392,129800.0,299.15048386888236,1.0755516003490408,9768.596336449642,-266437.712997477,147.75152118461185,0.07356488496851052
4393,129825.0,299.1497534312699,1.0755537774237602,9770.470399386271,-266437.71302486333,147.78178534258834,0.07356907639204976
4394,129850.0,299.1505855616989,1.0755560841107326,9772.344469310796,-266437.7131660029,147.8120440243458,0.07357342062950323
4395,129875.0,299.1487601596906,1.07555856126782,9774.218597324223,-266437.7131980777,147.842324029269,0.07357792341522597
4396,129900.0,299.1483179849897,1.0755610630733083,9776.092737880514,-266437.7133391137,147.87265127966035,0.07358228792358426
4397,129925.0,299.14867224397454,1.0755632807336677,9777.966915341432,-266437.71356772,147.90307800234953,0.07358595384265575
4398,129950.0,299.14826898802755,1.0755650241721613,9779.84116619761,-266437.71381279826,147.93375419792372,0.0735885982420247
4399,129975.0,299.14613347848484,1.0755664641666676,9781.715452646202,-266437.7140009469,147.96446183068178,0.0735906684090909
4400,130000.0,299.1461675282133,1.0755676749981073,9783.589729171996,-266437.71425291593,147.99527877255164,0.07359238589714458
4401,130025.0,299.1475646274421,1.075568564061791,9785.46380886505,-266437.714488206,148.02631068181125,0.07359361305467212
4402,130050.0,299.14763720637444,1.0755690788856092,9787.337716772267,-266437.71455778246,148.05743849647962,0.07359430100688923
4403,130075.0,299.1479971435059,1.075569089842568,9789.21145434301,-266437.71452562057,148.08859723062363,0.07359424091734786
4404,130100.0,299.148729307378,1.0755685927355285,9791.08502133249,-266437.7144343548,148.11981331524777,0.0735934329928112
4405,130125.0,299.14843475177787,1.0755676177182638,9792.958434652432,-266437.7142532909,148.15112677061578,0.07359187327886214
4406,130150.0,299.1496545135013,1.0755661797897293,9794.831882854387,-266437.71415503736,148.1824846154602,0.07358945299145297
4407,130175.0,299.15153417362376,1.0755643211585004,9796.705377526683,-266437.7141371748,148.21396897980938,0.07358607667876588
4408,130200.0,299.1519830502004,1.0755622776895752,9798.578853307543,-266437.71412877063,148.2454450325092,0.07358207182278671
4409,130225.0,299.1520388244898,1.0755603235071816,9800.452353507852,-266437.71421012847,148.2768166575963,0.0735779670445956
4410,130250.0,299.1513244231089,1.075558675357063,9802.325855995834,-266437.7143292337,148.30798943822256,0.07357427809264716
4411,130275.0,299.1510613222273,1.075557440692053,9804.199360644747,-266437.71452383645,148.3390123502568,0.07357135977636747
4412,130300.0,299.1502690882242,1.0755566427977954,9806.07289795248,-266437.71471363015,148.36981757406141,0.07356936150766673
4413,130325.0,299.14850782925544,1.0755560567134883,9807.946448548926,-266437.7148325403,148.40071068418663,0.07356799463827216
4414,130350.0,299.14846567685925,1.0755554370705938,9809.819996720113,-266437.71497499046,148.43164651053223,0.07356683790109474
4415,130375.0,299.1467393582428,1.0755546443991555,9811.693618754822,-266437.7149687688,148.46270805321552,0.07356551902173912
4416,130400.0,299.14621890363,1.0755535397328513,9813.567311296347,-266437.714955475,148.49379108716317,0.07356358086182174
4417,130425.0,299.1465760218802,1.0755521004979638,9815.441014942802,-266437.7149280405,148.5248859572204,0.07356089527689752
4418,130450.0,299.1451990303236,1.0755502987101162,9817.314675220932,-266437.71478275623,148.55616308131547,0.0735574748434789
4419,130475.0,299.14553966568633,1.07554809509804,9819.18837525316,-266437.7147270927,148.5875224829562,0.07355331297134236
4420,130500.0,299.14545483646236,1.0755454725929288,9821.062117627678,-266437.7146313994,148.61895621578822,0.07354838452838723
4421,130525.0,299.14742383348414,1.075542526684759,9822.935964494038,-266437.7146511759,148.65042456625955,0.07354278380823155
4422,130550.0,299.1489330892306,1.075539430477053,9824.809847217568,-266437.7146756537,148.68199463071815,0.07353678167156529
4423,130575.0,299.1496599784509,1.075536498719109,9826.683793443031,-266437.7146907022,148.7135047714737,0.0735309107142857
4424,130600.0,299.1486184197364,1.0755340430131837,9828.557803239164,-266437.7146374764,148.7449223379284,0.07352575706214688
4425,130625.0,299.14981236247934,1.0755323923783713,9830.431847760348,-266437.7146878295,148.77613282286484,0.07352200060250036
4426,130650.0,299.14819863368723,1.0755319036217161,9832.305895912576,-266437.71458756865,148.80706715653935,0.07352039409683005
4427,130675.0,299.1472804515959,1.0755326496537196,9834.180002091458,-266437.7144920581,148.83779475120437,0.07352114513700692
4428,130700.0,299.15012955309703,1.0755345868894417,9836.054155016476,-266437.71458004066,148.86823487175428,0.0735242084744487
4429,130725.0,299.1499170874342,1.0755375904439437,9837.92833680526,-266437.71454335965,148.89841200812634,0.07352941106094806
4430,130750.0,299.1503935542767,1.075541466561349,9839.802524542909,-266437.714612484,148.92838463431875,0.07353646046791541
4431,130775.0,299.15116247277376,1.0755459228339357,9841.676749741342,-266437.7147920427,148.9582445390342,0.07354488079121538
4432,130800.0,299.1488485331228,1.075550684337169,9843.550990206775,-266437.7149080758,148.98801691563267,0.07355423001729451
4433,130825.0,299.14541175447306,1.0755558123590445,9845.425219398954,-266437.7150381522,149.01780187445488,0.07356481950082691
4434,130850.0,299.1445337039459,1.0755614351747471,9847.299535446968,-266437.7153231868,149.04758864314158,0.07357701984216457
4435,130875.0,299.1425445001503,1.0755674479260602,9849.173896302367,-266437.7155376466,149.07722768860828,0.07359046453261193
4436,130900.0,299.14139230080383,1.0755736391706117,9851.0482986614,-266437.7157214898,149.10691727578686,0.07360445458643225
4437,130925.0,299.14288281050017,1.075579937058736,9852.922823586143,-266437.71594515175,149.13665726686185,0.07361860222322365
4438,130950.0,299.1446322514079,1.0755863802658263,9854.797420378156,-266437.7161053541,149.16624026935486,0.07363281407223847
4439,130975.0,299.1453703814564,1.075592748123124,9856.672027540759,-266437.716162256,149.19596188813804,0.07364649406906905
4440,131000.0,299.14710999196876,1.0755985717931404,9858.546673387893,-266437.71624962473,149.22559176131494,0.073658487652931
4441,131025.0,299.14899243704036,1.0756035090049536,9860.421401929829,-266437.7163604045,149.25540313927652,0.07366806325979286
4442,131050.0,299.14871548390727,1.075607225748369,9862.296185909438,-266437.71641955513,149.28548877860297,0.07367462225223195
4443,131075.0,299.14723385021,1.0756096396639672,9864.171035532545,-266437.7164716472,149.31579421579647,0.07367825075007499
4444,131100.0,299.14512814623174,1.0756111039370087,9866.045904103328,-266437.7165471504,149.34632935957995,0.07367991736032994
4445,131125.0,299.142275937097,1.0756118885889947,9867.920817010938,-266437.7165874757,149.37684871090107,0.07368030611785872
4446,131150.0,299.1415580496964,1.0756123663893271,9869.795737382196,-266437.7166722884,149.40738781710505,0.07368025080578666
4447,131175.0,299.1402941629946,1.075613004646284,9871.670661641401,-266437.7166540206,149.43785841217013,0.07368068180455634
4448,131200.0,299.1406247563497,1.0756142296396203,9873.545606620353,-266437.7166334195,149.46809129489762,0.07368236053045626
4449,131225.0,299.1421700201498,1.0756163233707876,9875.420578244559,-266437.7165660113,149.4981983212733,0.07368588172284643
4450,131250.0,299.14538414753235,1.0756193203025548,9877.29564471451,-266437.7165173557,149.52823216992425,0.07369143053995356
4451,131275.0,299.1479853813267,1.0756230819856256,9879.170793669125,-266437.7164242663,149.55823133303375,0.07369878855944893
4452,131300.0,299.1487710643012,1.0756276521446226,9881.045972609765,-266437.7162984692,149.5881332038325,0.07370803099034358
4453,131325.0,299.15051320595717,1.075633069375843,9882.921126297175,-266437.7163364392,149.61776507940417,0.0737191307439006
4454,131350.0,299.151036769248,1.0756393226337457,9884.796301678476,-266437.7164468762,149.64726785581732,0.0737320251402918
4455,131375.0,299.14943906889584,1.0756463273488939,9886.67151549535,-266437.71655258833,149.67657119023028,0.0737465712148414
4456,131400.0,299.1456572583202,1.075653840849601,9888.546794717588,-266437.71662553295,149.70580817261225,0.07376227492334154
4457,131425.0,299.14401511073726,1.0756615303574109,9890.422085718772,-266437.7168409788,149.7349858600268,0.07377835471810976
4458,131450.0,299.1447113088136,1.075669174628094,9892.297399553252,-266437.7171778052,149.76419447581657,0.0737942966285415
4459,131475.0,299.1440759529895,1.0756767603886408,9894.172702140795,-266437.71742572874,149.7934452127054,0.07381011330343795
4460,131500.0,299.1427687707539,1.075684267354107,9896.048096472976,-266437.7175894793,149.82271392505405,0.0738258105805873
4461,131525.0,299.1444715991334,1.0756915552069335,9897.92351899827,-266437.7178371994,149.85197705378744,0.07384105670103093
4462,131550.0,299.1459240640824,1.075698415191576,9899.79899375576,-266437.71801478835,149.88140981014254,0.07385527806408246
4463,131575.0,299.1459873054062,1.0757045135902041,9901.674478293895,-266437.7180499553,149.91090700306142,0.07386759184587814
4464,131600.0,299.1455336355356,1.0757096390444205,9903.54997506337,-266437.7180221166,149.9405049078013,0.07387748129899216
4465,131625.0,299.14772501425585,1.075713459322288,9905.425453937145,-266437.7181179095,149.9702651899536,0.07388423092998955
4466,131650.0,299.14807805380195,1.0757158634430275,9907.300899028944,-266437.7180970637,150.00030359450776,0.07388776927094994
4467,131675.0,299.1488200176813,1.075716954789616,9909.176389251035,-266437.71807622735,150.03053287391813,0.07388855535660997
4468,131700.0,299.1503912022824,1.0757167739986584,9911.051921563874,-266437.7180903633,150.06100799067642,0.0738869226523458
4469,131725.0,299.1519022458613,1.0757154822520516,9912.927486429073,-266437.71814410895,150.09172578374336,0.07388334340044743
4470,131750.0,299.1522748581227,1.0757134528442565,9914.803068117862,-266437.7182071498,150.1225806710653,0.07387851904868413
4471,131775.0,299.1501233419797,1.0757111761329765,9916.67865264519,-266437.71819096606,150.15353040884008,0.07387326371496722
4472,131800.0,299.1486650261569,1.0757090254862516,9918.554266392643,-266437.71820273495,150.1844581640956,0.07386818429093078
4473,131825.0,299.1464969503054,1.0757072461630166,9920.429959474808,-266437.7181446506,150.21538794382346,0.0738637069736254
4474,131850.0,299.1484299588826,1.0757059810055873,9922.30573976312,-266437.7182192737,150.24620836163862,0.07386009772811919
4475,131875.0,299.1518359218796,1.0757053655049158,9924.181565258481,-266437.71828222746,150.27691985656827,0.07385766808162052
4476,131900.0,299.15307983136023,1.075705507706054,9926.057421384252,-266437.7181985705,150.30760109708874,0.0738567030005212
4477,131925.0,299.15503514202766,1.0757063962334383,9927.933343325509,-266437.71815682226,150.33819047975277,0.07385723239541464
4478,131950.0,299.1561629651707,1.0757079652452193,9929.809356392787,-266437.718112767,150.3687168776512,0.07385915211728811
4479,131975.0,299.155612888616,1.075710072693453,9931.685441919633,-266437.7180757068,150.39911066949398,0.07386219449404764
4480,132000.0,299.15519493416645,1.0757127121922196,9933.56154634731,-266437.7181455962,150.42934179997016,0.07386637432120809
4481,132025.0,299.1541904006396,1.0757161972333786,9935.437698789221,-266437.7183084188,150.45939080589017,0.07387242428975162
4482,132050.0,299.1515464404045,1.075720639452748,9937.313865560107,-266437.71846652165,150.4891363372741,0.07388066369246787
4483,132075.0,299.1507991845079,1.0757258041183473,9939.1900961309,-266437.7187709076,150.51867595561993,0.0738905761225097
4484,132100.0,299.14963678751394,1.0757311701969536,9941.06638891296,-266437.7190635451,150.54812801635074,0.0739009020438499
4485,132125.0,299.14822774275524,1.0757363030167937,9942.942772979854,-266437.71933515376,150.57765689389205,0.07391057333927778
4486,132150.0,299.14936862387634,1.0757409510437568,9944.819209389634,-266437.71970646677,150.60732122004305,0.07391904397890205
4487,132175.0,299.1481602979055,1.075745075609032,9946.695697040916,-266437.719901218,150.6371301971182,0.07392635680332742
4488,132200.0,299.1475056103066,1.0757487107744865,9948.572236020633,-266437.72002394736,150.66702827652776,0.073932726590926
4489,132225.0,299.1485345195991,1.0757519668151454,9950.448629852997,-266437.7201048626,150.6969694116555,0.07393849881217524
4490,132250.0,299.1498393714837,1.0757549818154835,9952.324843278177,-266437.72009992204,150.7269574664885,0.07394404534995921
4491,132275.0,299.1548701751261,1.075757853294747,9954.200904379999,-266437.72022020625,150.75685034973282,0.07394965345799943
4492,132300.0,299.1575981579494,1.0757606447807708,9956.07679570761,-266437.7202245159,150.78671629890937,0.07395546680020776
4493,132325.0,299.1572992400237,1.075763452751818,9957.95254998523,-266437.7201175641,150.81663760777326,0.07396159590565202
4494,132350.0,299.1584487704857,1.0757662078605865,9959.828361056201,-266437.72014506854,150.84649020459764,0.07396776151279202
4495,132375.0,299.1579495932681,1.0757687557087787,9961.704255750286,-266437.72018182825,150.87632945292106,0.07397344128113882
4496,132400.0,299.15764127351565,1.0757710074123497,9963.580188846407,-266437.7203413386,150.90621239663474,0.07397830449929586
4497,132425.0,299.15555465429077,1.0757730890025203,9965.456166535636,-266437.72050540976,150.93607934444933,0.07398258040610645
4498,132450.0,299.15404642105653,1.075775385567164,9967.33213452092,-266437.72073192184,150.96587001015033,0.0739870601615174
4499,132475.0,299.1500804894074,1.0757782856296303,9969.208126645175,-266437.720798611,150.99553687429622,0.07399256088888892
4500,132500.0,299.15020228912095,1.0757818963933947,9971.084169324658,-266437.7209995,151.02503189683767,0.07399942516477824
4501,132525.0,299.15129877365615,1.07578612305642,9972.960252611201,-266437.72115402407,151.0543281297941,0.07400765074781583
4502,132550.0,299.15501432445035,1.0757906912428759,9974.83635600991,-266437.72137556435,151.08356540313855,0.07401676556369832
4503,132575.0,299.15578603456186,1.0757952757548852,9976.712491358487,-266437.72141661105,151.1127952027086,0.07402601739194793
4504,132600.0,299.1555965049945,1.0757995470958202,9978.588631757371,-266437.72138595994,151.14211885453193,0.07403461945985945
4505,132625.0,299.15487312797757,1.0758033598165417,9980.46482959231,-266437.7213275816,151.17144365512644,0.07404221526853089
4506,132650.0,299.15346718911326,1.0758066423341477,9982.341059915823,-266437.7212206936,151.20091911027285,0.07404857111160422
4507,132675.0,299.15591028290453,1.0758094819580013,9984.217331750728,-266437.721287156,151.23043539662814,0.07405386143152917
4508,132700.0,299.1562259728691,1.0758120140459828,9986.093619415233,-266437.7212219079,151.25992597419966,0.07405841820063581
4509,132725.0,299.15681734368076,1.0758144221729495,9987.969950029921,-266437.72115668864,151.2893771306725,0.07406278270509982
4510,132750.0,299.1576307726299,1.075816814157985,9989.846312226324,-266437.7211215176,151.3187792878149,0.07406726040050253
4511,132775.0,299.1600677320479,1.075819196439126,9991.72274263969,-266437.7211902517,151.34812650155135,0.07407182025709226
4512,132800.0,299.16011584659134,1.075821674865205,9993.599189422546,-266437.7211758621,151.37740972738007,0.07407652692222473
4513,132825.0,299.16226843228475,1.0758242554275592,9995.47566689801,-266437.7212676302,151.40666351041196,0.07408128592526958
4514,132850.0,299.1618889359174,1.0758267179032859,9997.352116530443,-266437.72125322977,151.43601749353996,0.07408557807308974
4515,132875.0,299.16220781126367,1.0758286664452323,9999.228617420125,-266437.7213057276,151.46548599121635,0.07408854162976089
4516,132900.0,299.16178634145086,1.0758298763190914,10001.105124772183,-266437.72134667163,151.49519319282703,0.07408978525570073
4517,132925.0,299.1599451968423,1.0758303571639376,10002.98163731731,-266437.72132534656,151.52504379437798,0.07408947594805966
4518,132950.0,299.15797434587296,1.0758302637751722,10004.858178179084,-266437.72131094616,151.55507608822006,0.07408805532197393
4519,132975.0,299.1581179090708,1.075829850294986,10006.734727341507,-266437.72141408536,151.58517759439522,0.07408607706489681
4520,133000.0,299.16110514347855,1.0758292807638437,10008.611293731095,-266437.7216830714,151.61531418697922,0.07408386212489868
4521,133025.0,299.1597595975232,1.0758284794338795,10010.487904998883,-266437.7217607436,151.64548722276274,0.07408125379625541
4522,133050.0,299.1572176911342,1.0758274446164058,10012.364523250486,-266437.7217946236,151.67579771840218,0.07407824047461131
4523,133075.0,299.15625138174187,1.0758264164456242,10014.241168386225,-266437.721886052,151.70607425626287,0.07407523474801067
4524,133100.0,299.1544810025783,1.075825668581953,10016.117834965145,-266437.72185773466,151.7362400608471,0.07407272405156544
4525,133125.0,299.15322174812195,1.0758253057151281,10017.994504844664,-266437.72177189187,151.76631498085135,0.0740709084548535
4526,133150.0,299.1539518469185,1.075825278771814,10019.871214578738,-266437.72168838803,151.7963663162506,0.07406971077240268
4527,133175.0,299.15465774484693,1.075825380153122,10021.748025505878,-266437.72155661054,151.82643225905474,0.07406874160777391
4528,133200.0,299.15596786678447,1.0758253450356965,10023.624840263106,-266437.7214386912,151.856466430485,0.07406747148009132
4529,133225.0,299.15600083752764,1.0758251740986025,10025.501728169818,-266437.7212863317,151.88651089337748,0.07406589286239888
4530,133250.0,299.1552781598618,1.0758248755241675,10027.378667790248,-266437.72115013225,151.91665022592508,0.07406404428750098
4531,133275.0,299.15604649669024,1.0758244374816128,10029.255666600386,-266437.7211358118,151.9467939691821,0.07406196954986767
4532,133300.0,299.15699916236497,1.0758238601367753,10031.132672535763,-266437.72118813865,151.97698267129934,0.074059763512023
4533,133325.0,299.1563971171152,1.075823118879577,10033.00970734663,-266437.7212105755,152.00717339626524,0.07405746294662555
4534,133350.0,299.1544842860714,1.0758222238147745,10034.886813907597,-266437.72119165736,152.03736460859977,0.07405511583976485
4535,133375.0,299.1539364940477,1.0758213251763673,10036.763991115437,-266437.72124853014,152.06762819797177,0.07405292100235161
4536,133400.0,299.1548211724341,1.075820521783852,10038.641169647846,-266437.72138573567,152.0979145495555,0.07405100551024912
4537,133425.0,299.15510420662554,1.0758198462612023,10040.518393087104,-266437.7214838584,152.12820705362125,0.07404940561187019
4538,133450.0,299.15626335646624,1.0758193101270477,10042.395661491873,-266437.72160259227,152.15842169170887,0.07404807446574142
4539,133475.0,299.1558928656388,1.075818806754773,10044.272961914452,-266437.72161802487,152.18857777283407,0.07404673472834075
4540,133500.0,299.1543679533143,1.0758181956984516,10046.15027274608,-266437.72153940017,152.21867104037287,0.07404510607061594
4541,133525.0,299.1538184986057,1.0758175398502867,10048.027595272188,-266437.72146769037,152.24873825289885,0.07404327931894913
4542,133550.0,299.15464390512886,1.0758168607381324,10049.904950848546,-266437.72142352693,152.27871750414556,0.074041262675178
4543,133575.0,299.1575683204226,1.0758162014377939,10051.782344913794,-266437.7214412777,152.30861936942486,0.07403909140258222
4544,133600.0,299.15780135320875,1.075815732159883,10053.659775925033,-266437.7212871286,152.33839277924457,0.07403709402273566
4545,133625.0,299.1608009535857,1.0758154944273357,10055.537260412879,-266437.7212682393,152.36811162120546,0.07403541296377773
4546,133650.0,299.16049078410686,1.075815398211275,10057.414699403771,-266437.7211210687,152.39768000469172,0.07403395557510452
4547,133675.0,299.16063794950173,1.0758153122984464,10059.29219340009,-266437.7210678685,152.4274067860598,0.07403250644972155
4548,133700.0,299.16132617696206,1.0758150618450943,10061.169720281952,-266437.7211131566,152.45720962453288,0.07403075027478573
4549,133725.0,299.15903142029316,1.075814496776557,10063.04731784885,-266437.7210485346,152.48692362417583,0.07402842139194145
4550,133750.0,299.15846825342425,1.0758136510657001,10064.924954399532,-266437.7211144069,152.51675138233355,0.0740256121731488
4551,133775.0,299.1580273211776,1.0758127464850618,10066.802614792898,-266437.7212260177,152.54664937353544,0.0740227561511424
4552,133800.0,299.1583265632185,1.0758118496961713,10068.680265387644,-266437.7213856247,152.57644053517828,0.07402000461234355
4553,133825.0,299.15637448506817,1.0758108809837508,10070.557946924595,-266437.72141478176,152.6061871920656,0.07401720948616604
4554,133850.0,299.15861550091483,1.0758098831320895,10072.435660658019,-266437.7216017196,152.63599529206002,0.07401440051225762
4555,133875.0,299.1596618386012,1.075808940591162,10074.313380796957,-266437.7216491073,152.66580164961954,0.0740116795434592
4556,133900.0,299.1614421083316,1.0758080955306857,10076.19113917108,-266437.7216941883,152.69545892948577,0.0740090992612099
4557,133925.0,299.1617534284775,1.0758073356735414,10078.068901099885,-266437.72162726696,152.72503727746084,0.07400663894983182
4558,133950.0,299.16301499290785,1.07580657439497,10079.94670303976,-266437.72156494466,152.75458866403451,0.07400417752431092
4559,133975.0,299.1637925030702,1.0758058232456145,10081.82456933778,-266437.7214546782,152.7841361107456,0.07400175592105267
4560,134000.0,299.16469043038813,1.0758053014689766,10083.70244839354,-266437.7213695826,152.8136253871227,0.07399976525615733
4561,134025.0,299.16409022570514,1.0758051366359787,10085.580383650798,-266437.7212388571,152.8429846647669,0.07399846375858546
4562,134050.0,299.16325925940544,1.0758053946964719,10087.458346808007,-266437.7211287346,152.87228850325076,0.07399798451311276
4563,134075.0,299.1642541450483,1.075806113277827,10089.336283777377,-266437.7211350605,152.90143000423603,0.07399839132340058
4564,134100.0,299.1643410804674,1.0758072406717782,10091.214204038177,-266437.72112997435,152.9305291411464,0.07399960759401246
4565,134125.0,299.1655011119142,1.0758087082055778,10093.09213375185,-266437.7212001751,152.9595409810921,0.07400156351292163
4566,134150.0,299.1673297654916,1.075810411064886,10094.970099414848,-266437.72136614105,152.98856700357635,0.0740041342967667
4567,134175.0,299.1657870310129,1.0758122429947463,10096.84805822722,-266437.7214225773,153.01760494490657,0.07400709391418567
4568,134200.0,299.16564741307366,1.0758140801050562,10098.726052790096,-266437.7215952615,153.04665791624717,0.07401014029328083
4569,134225.0,299.1638365276441,1.0758158126914665,10100.604054537771,-266437.7217177242,153.07566113245807,0.07401304325309994
4570,134250.0,299.16407553460226,1.075817210603078,10102.482055012604,-266437.72191761463,153.10473605068182,0.07401526609786337
4571,134275.0,299.16396049030334,1.0758181460338296,10104.360139226803,-266437.72205362347,153.13398916302128,0.07401648483522895
4572,134300.0,299.16343030512434,1.0758185635250388,10106.238308692968,-266437.72210073617,153.16329429156642,0.07401655623587727
4573,134325.0,299.16441206529663,1.0758183334790852,10108.116505044296,-266437.72218198876,153.19264820652964,0.07401526344556189
4574,134350.0,299.16428446455376,1.0758173314389803,10109.994743545269,-266437.7221835155,153.22216684335154,0.07401244269581059
4575,134375.0,299.16565859753786,1.075815467657343,10111.873038082518,-266437.72226243804,153.25174782364508,0.07400805506993009
4576,134400.0,299.1650090209016,1.075812801543952,10113.751335310088,-266437.72226849827,153.281534988566,0.07400234207268229
4577,134425.0,299.1637751186108,1.0758093690112136,10115.629488831719,-266437.72225635283,153.31150201150427,0.0739954799767002
4578,134450.0,299.16465692480165,1.0758053326781691,10117.50749013728,-266437.7223670561,153.34169046494864,0.07398781662662884
4579,134475.0,299.1628863834789,1.0758010423580793,10119.385346912723,-266437.7223412482,153.3720280325327,0.0739799588791849
4580,134500.0,299.1611403183439,1.075796682674817,10121.263034519814,-266437.72230180824,153.4024135968129,0.07397226267918217
4581,134525.0,299.1608747886658,1.0757923694165583,10123.140602654796,-266437.72228511935,153.43272551185797,0.07396491073766917
4582,134550.0,299.16326072608916,1.0757882823478078,10125.018042590065,-266437.72233662446,153.4630363449705,0.07395808706087718
4583,134575.0,299.16490783406056,1.0757847481820833,10126.895367244388,-266437.7223222077,153.49324749163756,0.07395212638161724
4584,134600.0,299.1671770524173,1.0757819048346062,10128.772566493479,-266437.72230098146,153.52334570229004,0.07394709720101783
4585,134625.0,299.17169971914524,1.075779716165141,10130.649646930207,-266437.72237743495,153.55334770184618,0.07394283398749821
4586,134650.0,299.17165907063446,1.0757779847394817,10132.526557011395,-266437.72226309864,153.58334252256375,0.07393903023036119
4587,134675.0,299.1710127478931,1.0757765818802678,10134.403258574164,-266437.72219195,153.61330743126996,0.0739355061028771
4588,134700.0,299.1699423967459,1.075775350475776,10136.27979439666,-266437.72218893,153.64308311825377,0.07393210212827779
4589,134725.0,299.17013921909955,1.0757740602033412,10138.156168017198,-266437.7223266158,153.67283371009438,0.07392852810457518
4590,134750.0,299.1683704198795,1.075772726711683,10140.032380389663,-266437.7224392834,153.7024965926813,0.07392487809482322
4591,134775.0,299.1657136530924,1.075771303426249,10141.90842662811,-266437.7225246806,153.73210270521193,0.07392112289488968
4592,134800.0,299.1650234024966,1.0757696458378698,10143.784299528328,-266437.72268261487,153.76176997612305,0.07391708367806084
4593,134825.0,299.1645819087216,1.0757676835727767,10145.660001845872,-266437.7227815266,153.79146325896093,0.07391275736467857
4594,134850.0,299.16421907276026,1.0757653844033375,10147.535554425012,-266437.7228101197,153.8211711440696,0.07390820217627857
4595,134875.0,299.16516238294173,1.0757625798520458,10149.410975377197,-266437.72284549975,153.85099431041482,0.07390325224833189
4596,134900.0,299.16632308012476,1.0757590402436377,10151.286267184527,-266437.7228242151,153.88097692313826,0.07389753636429555
4597,134925.0,299.16883307561267,1.075754789763666,10153.16143784296,-266437.72280747065,153.91118021168623,0.07389089263447875
4598,134950.0,299.16798755693276,1.0757500492135976,10155.03650195592,-266437.72259820974,153.94146102725227,0.0738833533376821
4599,134975.0,299.16725786028996,1.0757451552898556,10156.91140141187,-266437.7224139493,153.97177669717388,0.07387515934782608
4600,135000.0,299.16867157277414,1.075740514163588,10158.78613699448,-266437.72234976094,154.00206063058755,0.07386685220604217
4601,135025.0,299.1702738928003,1.0757364519049692,10160.660685114211,-266437.722305972,154.03233435694622,0.07385905490366507
4602,135050.0,299.1691617558115,1.0757332887247453,10162.535038814092,-266437.7222011007,154.0623822961112,0.07385248729089723
4603,135075.0,299.167549043875,1.0757313044454104,10164.409217837301,-266437.7221302128,154.09217130980304,0.07384781038227628
4604,135100.0,299.16627523496214,1.0757307025696712,10166.28327815822,-266437.7220932862,154.12171000788993,0.07384555823380383
4605,135125.0,299.16618433260976,1.0757315289477498,10168.15716655998,-266437.7221151758,154.15111064415976,0.0738460227239832
4606,135150.0,299.16645489190375,1.0757337008899506,10170.030913080733,-266437.7221506222,154.1802016464076,0.07384924788365531
4607,135175.0,299.1657112052953,1.0757369990596068,10171.904489101693,-266437.72210919415,154.2089812344473,0.07385494502314814
4608,135200.0,299.1658479379476,1.075741108338758,10173.77789564387,-266437.7220768243,154.23769413148185,0.07386249656469226
4609,135225.0,299.1651185446856,1.0757456354302246,10175.651159609024,-266437.7219812003,154.2663619389732,0.07387102104121474
4610,135250.0,299.1642021496423,1.0757499837345483,10177.524281208616,-266437.7218743223,154.29514701604853,0.07387915614834091
4611,135275.0,299.165632908572,1.075753562734895,10179.397284922796,-266437.72190978244,154.32400165763224,0.07388559244001155
4612,135300.0,299.1664259232605,1.075755855625407,10181.27015858377,-266437.7219452273,154.3532039997832,0.07388934605101524
4613,135325.0,299.16704286627663,1.0757564371478117,10183.14293524713,-266437.72200549056,154.38278836620427,0.07388980299089727
4614,135350.0,299.16833010892026,1.075755185193211,10185.015579276907,-266437.7221334417,154.41266775955216,0.07388706832791621
4615,135375.0,299.16586228935597,1.0757523769497406,10186.888104368123,-266437.722105629,154.44290214514731,0.0738818784662045
4616,135400.0,299.1638325879721,1.0757483721030978,10188.760494459806,-266437.7221003899,154.47335433802613,0.07387496014728179
4617,135425.0,299.1621515325539,1.0757435064963192,10190.632782592449,-266437.7220793634,154.5040018147827,0.07386686473220731
4618,135450.0,299.16202894948407,1.0757380728873498,10192.504957233295,-266437.72204707016,154.53477150559283,0.07385804228909577
4619,135475.0,299.16315097958164,1.0757323612554117,10194.376990594574,-266437.72196969704,154.56559760187588,0.07384891378066379
4620,135500.0,299.16489019793704,1.075726564596408,10196.24888828917,-266437.7218066977,154.59661665952532,0.07383976289403449
4621,135525.0,299.16740055856064,1.075720791792875,10198.12061642224,-266437.72160770954,154.62757546004613,0.07383063327563825
4622,135550.0,299.1679723103325,1.0757151460811887,10199.992205205406,-266437.7212938929,154.6585262486841,0.07382151359146298
4623,135575.0,299.16969783290097,1.075709807958478,10201.863669932294,-266437.72107707977,154.6894606651528,0.07381255356113034
4624,135600.0,299.1678955207929,1.0757050908828834,10203.735028908093,-266437.720731982,154.72024402378375,0.07380415545945947
4625,135625.0,299.16848062487406,1.0757011949128121,10205.606256226747,-266437.72055591585,154.75086323540856,0.07379667315175098
4626,135650.0,299.16741915474404,1.0756984674735255,10207.477334372437,-266437.72036416683,154.78123231683594,0.07379079000072042
4627,135675.0,299.1688012297611,1.0756971518294445,10209.34828255242,-266437.7203503133,154.81138445188705,0.07378717264477097
4628,135700.0,299.1692749385038,1.0756973209476495,10211.219110987888,-266437.7203432167,154.8413184751926,0.07378625700295241
4629,135725.0,299.1686428433407,1.075699003743701,10213.089776437277,-266437.7203271238,154.87099878516915,0.07378841871850253
4630,135750.0,299.1664723891889,1.0757021468365369,10214.960309350809,-266437.7202525552,154.9004318090405,0.07379383610451308
4631,135775.0,299.16540516681073,1.0757063751439269,10216.830682265601,-266437.7202229958,154.92970131426307,0.07380190472078298
4632,135800.0,299.16616427743014,1.0757111810202178,10218.700886966386,-266437.7202564033,154.95894848643786,0.07381154104611845
4633,135825.0,299.1662631911237,1.0757159994245438,10220.570956992864,-266437.7202515825,154.9882414157675,0.07382137181700477
4634,135850.0,299.1655394022295,1.075720247536858,10222.440915331736,-266437.720219795,155.0176855359223,0.0738300003595829
4635,135875.0,299.161336656313,1.0757236392723617,10224.310707756887,-266437.7199902934,155.04725727408686,0.07383675575208515
4636,135900.0,299.15779373524555,1.0757260294011937,10226.180317033988,-266437.719778862,155.07706086341744,0.07384133498670119
4637,135925.0,299.1577019404916,1.0757273625125778,10228.049776876656,-266437.7197045242,155.1070695986776,0.07384363914043411
4638,135950.0,299.15764191873257,1.0757277859452472,10229.919071042666,-266437.71960776387,155.1372242878494,0.07384393389379898
4639,135975.0,299.158089990661,1.0757275386494256,10231.788240344667,-266437.7195132902,155.1675078429598,0.07384270502873566
4640,136000.0,299.1563644511241,1.0757269027508443,10233.657263924066,-266437.7192639876,155.19793011276306,0.07384057624075274
4641,136025.0,299.1552849691226,1.0757261373689506,10235.526119422215,-266437.7190035724,155.22832038632774,0.07383817449375273
4642,136050.0,299.15664145272456,1.0757255847512388,10237.394810744043,-266437.71884422784,155.25867538782396,0.073836303180415
4643,136075.0,299.159643971361,1.075725357665806,10239.263374353703,-266437.71875448606,155.28905534237725,0.07383531072351425
4644,136100.0,299.16065147319705,1.075725477359168,10241.131737698872,-266437.71856835304,155.31944948051668,0.07383531776103341
4645,136125.0,299.1625689699384,1.075725815038026,10242.999940206182,-266437.7184674989,155.34987178224995,0.07383603788204911
4646,136150.0,299.16327399978485,1.0757262024245036,10244.868002852934,-266437.71838237933,155.38023116727638,0.07383696018936953
4647,136175.0,299.1621185268933,1.075726461990821,10246.735899470079,-266437.7182972964,155.41068153306082,0.07383753800917962
4648,136200.0,299.1610031089124,1.0757263682512372,10248.60361592262,-266437.71829739376,155.44132142059223,0.07383718900121895
4649,136225.0,299.158044115699,1.075725948960574,10250.471189995755,-266437.71827508963,155.4719680306093,0.07383591541218644
4650,136250.0,299.15551029800054,1.075725335841755,10252.338592984288,-266437.7183087867,155.50276591571705,0.07383401268544404
4651,136275.0,299.1537706129981,1.0757246099885358,10254.205837981568,-266437.7183536651,155.53368608111205,0.07383174562912014
4652,136300.0,299.15163079332336,1.075723896196003,10256.072920911152,-266437.71831793105,155.56454600329533,0.07382946342861242
4653,136325.0,299.152658086449,1.075723188368429,10257.93984187228,-266437.71834935894,155.59535372059875,0.07382727302678704
4654,136350.0,299.15428420221986,1.0757224696025782,10259.806620247602,-266437.71831140347,155.6262200501253,0.07382517450769786
4655,136375.0,299.1561357275201,1.0757218998424976,10261.673202669155,-266437.71823319374,155.65708461626573,0.07382339225372284
4656,136400.0,299.1577632466538,1.0757216459093843,10263.539639566441,-266437.71811922913,155.68795128988617,0.07382212905303848
4657,136425.0,299.15702073035646,1.0757217901102052,10265.405919595732,-266437.7179180979,155.7188590057249,0.07382155452984118
4658,136450.0,299.1593348607713,1.0757222746655224,10267.27201695584,-266437.7179249839,155.74970962538453,0.0738216322529871
4659,136475.0,299.15834449163094,1.0757231314020033,10269.138012741614,-266437.7178491595,155.78061186788267,0.07382241895565098
4660,136500.0,299.15758901995287,1.0757243066580853,10271.003871044251,-266437.71788064076,155.8114304586283,0.07382377322462995
4661,136525.0,299.15456496761055,1.0757258238238243,10272.869590055896,-266437.7178629522,155.84203765429712,0.07382579236379241
4662,136550.0,299.1534338083495,1.0757277477303602,10274.735158278487,-266437.7179569662,155.87250593552073,0.07382872128100655
4663,136575.0,299.15009041287885,1.0757301594482567,10276.600592762561,-266437.7179191681,155.9027604767724,0.07383282089765585
4664,136600.0,299.14812044208657,1.0757329662736697,10278.465875670006,-266437.71788361913,155.9329803143265,0.07383789574848165
4665,136625.0,299.14852853600524,1.0757359982140313,10280.33100300084,-266437.71787041007,155.96314024560647,0.07384347963994861
4666,136650.0,299.14801146618106,1.075738911434898,10282.196001673648,-266437.7176987358,155.99334730026422,0.0738487177344476
4667,136675.0,299.14980353620405,1.0757413603256218,10284.060876600954,-266437.7175606077,156.02374709940014,0.07385281276778069
4668,136700.0,299.153700373599,1.0757429821517819,10285.925630883898,-266437.71748946956,156.05419168986933,0.07385502284572006
4669,136725.0,299.15360732719495,1.0757436050678093,10287.790238614114,-266437.7172689151,156.08491527109206,0.07385509621698792
4670,136750.0,299.15344587219016,1.0757431294512245,10289.654698909351,-266437.717139888,156.11585964454432,0.07385301784057667
4671,136775.0,299.15255994028263,1.0757415276113018,10291.519050207244,-266437.7170644264,156.1469978075057,0.07384898658675805
4672,136800.0,299.1514792197019,1.0757389398673234,10293.383263167183,-266437.71704695415,156.1784545408374,0.07384348084742141
4673,136825.0,299.1489302861932,1.0757357499643423,10295.247341653883,-266437.7170183462,156.2100753968763,0.07383723056625309
4674,136850.0,299.14790350174695,1.07573221026738,10297.111288527112,-266437.717092246,156.24167434880567,0.07383061967914445
4675,136875.0,299.1452465590249,1.07572854883091,10298.975071625231,-266437.71706364054,156.2731549056886,0.07382391260336475
4676,136900.0,299.1426184452285,1.0757250084812204,10300.83868541713,-266437.7169726855,156.30446327303824,0.0738173756681634
4677,136925.0,299.1433005025653,1.0757217762576603,10302.702152767903,-266437.7169619317,156.33577205892828,0.07381126934587436
4678,136950.0,299.14292180722384,1.075719001852248,10304.565467845036,-266437.7168309646,156.36693919113767,0.07380583564864293
4679,136975.0,299.14369774928787,1.0757167873931628,10306.428628502119,-266437.71669115033,156.3980485611111,0.07380125719373225
4680,137000.0,299.1452293648794,1.0757152522253082,10308.291645724827,-266437.71652246674,156.42905019945877,0.07379773232215343
4681,137025.0,299.1489470319665,1.0757143540509755,10310.154519917396,-266437.7164183754,156.4599255528264,0.07379521799800659
4682,137050.0,299.1541835924266,1.0757138574987546,10312.01722112362,-266437.7164122002,156.4907364974731,0.0737933471421454
4683,137075.0,299.1558700466127,1.0757135669655566,10313.879787670277,-266437.7163370873,156.52160115229145,0.07379180259037864
4684,137100.0,299.1558093911776,1.075713368694415,10315.742225172235,-266437.71632203844,156.55250811398076,0.07379039928850949
4685,137125.0,299.15422769761,1.0757132678190358,10317.604538710182,-266437.71638257575,156.58340908671215,0.07378917733674781
4686,137150.0,299.15181170379077,1.0757133161937276,10319.466734991092,-266437.7165230958,156.61431094566527,0.07378824272811328
4687,137175.0,299.1488192049916,1.0757135607935155,10321.32877085813,-266437.71670799557,156.64513387436003,0.07378768223833908
4688,137200.0,299.14618799289127,1.0757139013293526,10323.190642683285,-266437.71690836706,156.6758775013862,0.07378731115376419
4689,137225.0,299.1433006609809,1.0757144294953802,10325.05233804213,-266437.71706201136,156.70663553141432,0.07378729019189771
4690,137250.0,299.1419967763094,1.0757151203723443,10326.913894350655,-266437.71718894335,156.7373125230583,0.07378757521495068
4691,137275.0,299.1421505390737,1.0757158748934357,10328.775332326213,-266437.71723811806,156.76791840934922,0.07378800078147207
4692,137300.0,299.1442050855886,1.075716438738547,10330.636671257884,-266437.71720292635,156.79855559535477,0.07378808430996527
4693,137325.0,299.1447073358189,1.0757165573072007,10332.497899656566,-266437.7169325202,156.82935777517397,0.07378734938219009
4694,137350.0,299.1484692873271,1.0757161406460776,10334.358976101012,-266437.71673100814,156.8603315822506,0.07378563713170044
4695,137375.0,299.15075704166685,1.0757153473878478,10336.219894716409,-266437.7164430721,156.89138815147643,0.07378320542305514
4696,137400.0,299.15068146682296,1.0757142710950254,10338.08065501304,-266437.71609537996,156.92252204769002,0.07378018238592014
4697,137425.0,299.15188366489303,1.0757129287640133,10339.941292636282,-266437.71594517166,156.95369778288634,0.0737766077054066
4698,137450.0,299.1520810449743,1.0757114757749877,10341.801798543149,-266437.7158925658,156.984781348372,0.07377281109455917
4699,137475.0,299.1502416351775,1.0757101248936172,10343.662171643955,-266437.715866578,157.0158262877305,0.0737692237588653
4700,137500.0,299.1457584067931,1.0757090287172943,10345.522398606663,-266437.7157763419,157.04676587931644,0.07376617825994475
4701,137525.0,299.1447395343827,1.0757082429462643,10347.382486386981,-266437.7158921735,157.07770798589252,0.07376381000992491
4702,137550.0,299.1437236966477,1.0757077269119004,10349.242418285263,-266437.7159902367,157.1085705857254,0.07376198532851377
4703,137575.0,299.14318607079105,1.0757074742772113,10351.102195888801,-266437.7160506129,157.13931923908729,0.07376059672619052
4704,137600.0,299.145031343748,1.0757076296138863,10352.961811499734,-266437.71616631246,157.16994402578817,0.07375989443854061
4705,137625.0,299.1454742186572,1.0757082860886815,10354.821290493253,-266437.7161048838,157.20036535160787,0.07376007387731978
4706,137650.0,299.14657981970134,1.0757094003257561,10356.680748063292,-266437.716001434,157.23068701657104,0.07376107910204664
4707,137675.0,299.1480067171483,1.075710777824979,10358.540254401569,-266437.7158692651,157.26105336214954,0.07376257781081852
4708,137700.0,299.14890124378866,1.0757122432221988,10360.399792223101,-266437.7157039711,157.29149763275996,0.07376428158844771
4709,137725.0,299.1491615578912,1.0757136158527958,10362.259355079104,-266437.7155276893,157.32199455357394,0.07376590891719752
4710,137750.0,299.1481699970284,1.0757148385339281,10364.118927031186,-266437.71534042666,157.35255349989387,0.07376740663694904
4711,137775.0,299.14592183085756,1.075716026528014,10365.97850665533,-266437.71514440083,157.3830553916242,0.0737690621816639
4712,137800.0,299.1451590446285,1.07571721819082,10367.838111305238,-266437.7150633885,157.41351933163588,0.07377101676214733
4713,137825.0,299.14621480992804,1.075718240913591,10369.6977473447,-266437.7150884776,157.44397460981472,0.07377295446188664
4714,137850.0,299.1454642781196,1.075718936161188,10371.557448206415,-266437.7150163485,157.4742994250265,0.07377454620007076
4715,137875.0,299.1458349053578,1.075719288097258,10373.417193191035,-266437.7150171402,157.50474743299407,0.07377563309301674
4716,137900.0,299.14412582361683,1.075719281110876,10375.276999575985,-266437.7149075154,157.53526407476502,0.07377602529856553
4717,137925.0,299.1433285197119,1.075718778578494,10377.136833941624,-266437.71481559984,157.56579718651972,0.0737754352833122
4718,137950.0,299.14460500105963,1.0757176397541857,10378.996697581957,-266437.7147877375,157.59652585371197,0.07377366532457448
4719,137975.0,299.14549657182215,1.0757157087570626,10380.856603752456,-266437.71471574856,157.62747562535313,0.07377049449152548
4720,138000.0,299.1458221471441,1.0757127552072308,10382.71651543005,-266437.71459966106,157.65860125721954,0.07376561131116295
4721,138025.0,299.1462055225894,1.0757087152336586,10384.576400475278,-266437.71448362275,157.69000660842866,0.0737590076944798
4722,138050.0,299.14622543503435,1.0757036819112151,10386.436296282574,-266437.7143654281,157.72172316578448,0.07375087317383025
4723,138075.0,299.1488202483066,1.075697886466272,10388.296165929,-266437.7144082522,157.7535887760373,0.07374163858312172
4724,138100.0,299.1489750950266,1.075691593439154,10390.156045640268,-266437.714367284,157.78563319562613,0.07373178356261029
4725,138125.0,299.1493699695303,1.0756850576244892,10392.01590129248,-266437.7144189061,157.81773306227961,0.07372172979263654
4726,138150.0,299.1493276897963,1.0756784369931602,10393.875810980522,-266437.71453220857,157.84968435540515,0.07371174141456883
4727,138175.0,299.14806539163857,1.075671904046814,10395.735715149025,-266437.7146388536,157.88153021369152,0.07370197476029335
4728,138200.0,299.1466441307536,1.0756657774723342,10397.595692801986,-266437.7147586699,157.91320026749847,0.07369262536124627
4729,138225.0,299.1462712122622,1.075660198942918,10399.455751535856,-266437.7148938513,157.94477463446094,0.07368379429175481
4730,138250.0,299.14514956408095,1.0756553138166707,10401.31582418113,-266437.71492769325,157.97617993489754,0.07367560783484822
4731,138275.0,299.14342850014094,1.0756512178078337,10403.175924371499,-266437.71483384405,158.0074641912511,0.07366824753451683
4732,138300.0,299.1427444086204,1.0756478863300236,10405.036038421282,-266437.7146960173,158.0385612795268,0.07366176991337424
4733,138325.0,299.14450187353896,1.075645299535277,10406.896155972805,-266437.71462866146,158.0694735209126,0.07365628721306863
4734,138350.0,299.1450598086589,1.0756433617036258,10408.756297958591,-266437.7144711369,158.1002318890532,0.07365177571277724
4735,138375.0,299.14702654912725,1.0756418593750003,10410.616434713456,-266437.71440825594,158.13081294840939,0.07364794073761267
4736,138400.0,299.1461688003659,1.0756406721553728,10412.476622839406,-266437.7142640384,158.1612992617691,0.07364460938709456
4737,138425.0,299.14625303130714,1.075639816800338,10414.33685664449,-266437.7142276101,158.19171324018575,0.07364184670043625
4738,138450.0,299.14677896898075,1.0756392459027928,10416.197142435449,-266437.7143011008,158.22219101448974,0.07363961574171772
4739,138475.0,299.1460887293249,1.0756387268635728,10418.057454768621,-266437.71438994375,158.25266028530243,0.07363756343178628
4740,138500.0,299.14451025536107,1.0756380936511287,10419.917834487575,-266437.71450291784,158.28314868930607,0.07363546516206151
4741,138525.0,299.14570143139326,1.0756371959791933,10421.778244334231,-266437.7147871855,158.3137193091523,0.07363312779417973
4742,138550.0,299.1443424794434,1.075635932532153,10423.638657627434,-266437.71493736387,158.34444586098815,0.07363045154262428
4743,138575.0,299.1435374067595,1.075634476250703,10425.499083435834,-266437.7151072407,158.37530652740307,0.07362785518549753
4744,138600.0,299.1431453152793,1.0756329804706712,10427.359544650213,-266437.7152155778,158.406157632947,0.07362568914647004
4745,138625.0,299.1426653930328,1.0756316622418882,10429.220069029343,-266437.71523168636,158.43701980671446,0.07362429990167164
4746,138650.0,299.1437236169511,1.075630673267327,10431.080592329316,-266437.7152433994,158.46784526507975,0.07362382522294789
4747,138675.0,299.1448661716513,1.0756300965318735,10432.94111924191,-266437.7152002598,158.49858232069647,0.07362406936253868
4748,138700.0,299.14769082312074,1.0756300600126347,10434.801650962994,-266437.71522513515,158.52928759893314,0.07362494476030049
4749,138725.0,299.1481644204211,1.0756307687017548,10436.662209300124,-266437.7151513158,158.55990433908775,0.07362666554385972
4750,138750.0,299.1475896186768,1.0756324260857366,10438.522760547588,-266437.7150534098,158.59024939949487,0.07362970223812537
4751,138775.0,299.14714057344275,1.0756351336980925,10440.383335749422,-266437.7149884259,158.62032845321272,0.0736344664001123
4752,138800.0,299.1456186590224,1.0756388816186273,10442.243948540345,-266437.7148905954,158.65024293176242,0.07364121375973076
4753,138825.0,299.1465896949236,1.0756433399242746,10444.104624064421,-266437.7149593325,158.68001909984577,0.07364945968307397
4754,138850.0,299.14580228559413,1.0756481439186825,10445.965349681652,-266437.7149776551,158.70973024409398,0.07365855184016831
4755,138875.0,299.14581600539674,1.0756529571768998,10447.826093979447,-266437.71505729604,158.73939347827312,0.0736677936641436
4756,138900.0,299.14652064438377,1.0756575232989984,10449.686858534284,-266437.7151938371,158.7690953521127,0.0736765714385818
4757,138925.0,299.14676619006593,1.0756615875718092,10451.547642864281,-266437.71533469943,158.7988566661763,0.07368417570407741
4758,138950.0,299.1490879318485,1.075664898578133,10453.408426583299,-266437.7156112103,158.82877676276536,0.07368996399803886
4759,138975.0,299.1462858183474,1.0756673777310928,10455.269302708597,-266437.7156512605,158.85886090791323,0.07369386967787121
4760,139000.0,299.14534867212774,1.0756689921585105,10457.130246999352,-266437.7157613071,158.8890329432893,0.07369603570678435
4761,139025.0,299.14481440466193,1.0756696964160721,10458.991233380635,-266437.7158188086,158.91932865609695,0.07369657811843769
4762,139050.0,299.14465638911054,1.0756695621806989,10460.852241401199,-266437.715821611,158.94974122093925,0.07369583777731128
4763,139075.0,299.146076081864,1.0756687361460961,10462.713275965907,-266437.71582003916,158.98025300496786,0.07369419325496787
4764,139100.0,299.14507000433724,1.0756673882476395,10464.574278957658,-266437.7156217208,159.0108301194824,0.07369193550192381
4765,139125.0,299.1444997437404,1.0756656409987415,10466.435308858981,-266437.71539288707,159.04159158022105,0.07368919737026162
4766,139150.0,299.1445475030418,1.0756635605202438,10468.296383049837,-266437.71514448285,159.07257500286698,0.07368598965107341
4767,139175.0,299.1470759305789,1.0756611350671146,10470.15746042979,-266437.7149944945,159.1037137575504,0.07368223371085016
4768,139200.0,299.1491339720417,1.0756585072342215,10472.018498624499,-266437.7148270951,159.1348944609632,0.07367814768994203
4769,139225.0,299.14915684563243,1.075655921593292,10473.879545264968,-266437.7146160901,159.166051531796,0.07367406191474499
4770,139250.0,299.15097591469294,1.0756534931880115,10475.740608432943,-266437.71458420664,159.1972081018655,0.07367004967512057
4771,139275.0,299.1482586137888,1.0756514331517188,10477.601723911966,-266437.7144366443,159.22824404247,0.07366645843811125
4772,139300.0,299.1480939963685,1.0756500069837283,10479.462864700448,-266437.714527027,159.25914846022772,0.07366374250995186
4773,139325.0,299.1472867274124,1.0756494296885915,10481.32403433806,-266437.71464791923,159.2898925621422,0.0736622475911186
4774,139350.0,299.14478205410126,1.0756497778010476,10483.185262822248,-266437.7147076788,159.3204321972077,0.07366215260034908
4775,139375.0,299.1421950847292,1.075650872208264,10485.046515407643,-266437.7147368788,159.35078435427138,0.07366324595198219
4776,139400.0,299.1407874933362,1.0756523741539326,10486.907693222225,-266437.71475080244,159.3810683065383,0.07366501604912433
4777,139425.0,299.1405466782475,1.0756540119994422,10488.768727408169,-266437.7147123971,159.41138996742015,0.07366702078973075
4778,139450.0,299.1400573112925,1.0756556308851228,10490.629629589852,-266437.7145366883,159.44171680386415,0.07366903257306275
4779,139475.0,299.14217427099027,1.0756573442119948,10492.490427877734,-266437.71441553347,159.4720440601116,0.07367137336122738
4780,139500.0,299.1459612320993,1.0756592655650843,10494.351196081203,-266437.7143292895,159.50236520051598,0.07367433863208539
4781,139525.0,299.14813399365676,1.0756613109577586,10496.211997955088,-266437.7141995155,159.5325808706957,0.0736777317022167
4782,139550.0,299.148079494808,1.0756632883127748,10498.07280935652,-266437.71405890654,159.56277740929687,0.07368102000139387
4783,139575.0,299.1462438608556,1.075665109740803,10499.93360679283,-266437.7139444851,159.59294762653292,0.07368393847547385
4784,139600.0,299.1448563807732,1.0756668511320102,10501.794411171348,-266437.7139346047,159.623166590317,0.07368664472309305
4785,139625.0,299.1431273696893,1.0756686645772395,10503.655265537449,-266437.7139682581,159.65332232023962,0.07368946914612068
4786,139650.0,299.1421815085996,1.0756706223104244,10505.516138839266,-266437.71405847435,159.68344210124647,0.07369259369124717
4787,139675.0,299.1404516404901,1.0756727244500142,10507.377085347514,-266437.7141007902,159.71349950633532,0.07369611396546927
4788,139700.0,299.1407235056031,1.075674973272082,10509.238061124848,-266437.7142039918,159.7435463355607,0.07370012897612588
4789,139725.0,299.140389287613,1.075677311969381,10511.099113937977,-266437.7142288622,159.77352234112738,0.07370459568545586
4790,139750.0,299.1375887597578,1.0756795063661033,10512.960166912872,-266437.7140558687,159.80355830870383,0.07370912467821614
4791,139775.0,299.13699754771835,1.0756814026154706,10514.821249878249,-266437.71391555376,159.83380022982752,0.0737135242765721
4792,139800.0,299.1393260959037,1.0756828405313308,10516.68235177034,-266437.7138513631,159.8642088466514,0.07371741866611034
4793,139825.0,299.14043218530105,1.0756837346683357,10518.543467343115,-266437.7136763837,159.89481873174805,0.07372049791405928
4794,139850.0,299.14191321696205,1.0756840027111576,10520.404603571338,-266437.7134927876,159.92552858602713,0.0737223860271116
4795,139875.0,299.14154334633025,1.075683664025577,10522.265801634398,-266437.7132375938,159.9564059582986,0.07372292806505425
4796,139900.0,299.1443449289139,1.0756827505385311,10524.127025001717,-266437.7131887986,159.98747484594543,0.07372211507191997
4797,139925.0,299.1447639695011,1.0756812332221761,10525.988305741192,-266437.7131031159,160.0186050245936,0.0737198806447131
4798,139950.0,299.1447254828783,1.0756791419045635,10527.84959938013,-266437.713091269,160.04966633124957,0.07371625498367719
4799,139975.0,299.14363047090274,1.0756764834027779,10529.710918934772,-266437.713125,160.08078597062502,0.07371128534722225
4800,140000.0,299.14412448802324,1.0756733043116018,10531.572250602216,-266437.7132932375,160.11194884051935,0.0737051873915157
4801,140025.0,299.1405658317367,1.075669905317229,10533.43360113423,-266437.7132661738,160.14313011529921,0.07369861120366518
4802,140050.0,299.1399163336803,1.0756666130196406,10535.294971286607,-266437.7133432229,160.17431944853914,0.07369218821569856
4803,140075.0,299.1405162376491,1.0756637287676938,10537.156353835187,-266437.7134159034,160.20543679614212,0.07368648605328895
4804,140100.0,299.1409094588969,1.0756614021505377,10539.017741154472,-266437.71342785284,160.2364186330212,0.07368184113770382
4805,140125.0,299.14169225232337,1.0756596156887226,10540.879165380547,-266437.7134246254,160.26728752580112,0.07367832431682622
4806,140150.0,299.14037754295805,1.075658248595798,10542.740632609855,-266437.71328487963,160.29794897462037,0.0736757227654116
4807,140175.0,299.1406225214225,1.075657059761509,10544.602139510103,-266437.7132210205,160.32850603577373,0.07367354922351639
4808,140200.0,299.1417262109238,1.0756558427254457,10546.463662489548,-266437.7132200041,160.3589443512858,0.07367141387675888
4809,140225.0,299.1407517663201,1.0756545158697162,10548.325204008157,-266437.7131540193,160.38946257498267,0.07366914151074154
4810,140250.0,299.14112235314894,1.0756528463936814,10550.186750801338,-266437.713198486,160.4200269781057,0.07366636527402484
4811,140275.0,299.13890687932934,1.0756507255472432,10552.048286671772,-266437.71314768627,160.45069432141867,0.07366289733998341
4812,140300.0,299.13907459540127,1.0756480617771316,10553.909863041465,-266437.7132397499,160.4813528599626,0.0736585733084009
4813,140325.0,299.1377573667082,1.0756449467525275,10555.771458122123,-266437.71325820516,160.5120896572497,0.07365346572496888
4814,140350.0,299.1366326689511,1.075641589546556,10557.633098628361,-266437.7132550189,160.54295295970925,0.07364780858428527
4815,140375.0,299.13483830751653,1.075638203834441,10559.49480090384,-266437.71317396866,160.5739459455288,0.0736418839977852
4816,140400.0,299.1350991015154,1.0756349357137918,10561.35652888075,-266437.7131232267,160.604937153415,0.073635943810117
4817,140425.0,299.1366914502559,1.0756319982011902,10563.218304460683,-266437.71305737155,160.63583430275358,0.07363045904247964
4818,140450.0,299.1360549008784,1.075629619838141,10565.080082106017,-266437.71281429403,160.66657140284985,0.07362594957460059
4819,140475.0,299.1395268707468,1.075627820262794,10566.941833939813,-266437.71274636924,160.69719463381745,0.07362247918395579
4820,140500.0,299.1408693409388,1.0756264687824104,10568.803584094496,-266437.7126006879,160.72772998886816,0.07361972875613639
4821,140525.0,299.14118638172255,1.0756252876399837,10570.665362886817,-266437.7124874706,160.7582298882898,0.07361707479607359
4822,140550.0,299.14301006026665,1.0756240747114523,10572.52716015825,-266437.71255572257,160.7887067707513,0.07361408397263118
4823,140575.0,299.14458729456874,1.0756227483416254,10574.389021247836,-266437.7127124793,160.81913556612773,0.07361068953841905
4824,140600.0,299.1419799226942,1.0756212650086359,10576.25089762326,-266437.7127720207,160.84958873430054,0.07360690929188259
4825,140625.0,299.1398095157479,1.075619613620666,10578.11277728365,-266437.71292650915,160.88014766079573,0.07360280611962981
4826,140650.0,299.13725620564867,1.0756179334300118,10579.974658771334,-266437.71309819765,160.9107570422623,0.0735986620399144
4827,140675.0,299.1366632334299,1.0756163490057997,10581.836539930591,-266437.71335827466,160.94143202678822,0.073594712579398
4828,140700.0,299.1364779570648,1.0756148600124251,10583.698440401235,-266437.7135837302,160.97210532173676,0.07359096845447646
4829,140725.0,299.13493678350574,1.0756134177363699,10585.560363113367,-266437.7136559696,161.00273064120086,0.07358733367839894
4830,140750.0,299.13662950300125,1.0756118595873871,10587.422280973482,-266437.71378208447,161.03334356979235,0.07358349285862144
4831,140775.0,299.1401209464678,1.0756100760209713,10589.284189426302,-266437.713899524,161.06399995992,0.07357923413355412
4832,140800.0,299.1421709846884,1.0756080827643286,10591.14608489204,-266437.7138768191,161.0946361645631,0.07357457866059731
4833,140825.0,299.1431529664182,1.0756061950765412,10593.008019791867,-266437.7137743932,161.12519847303824,0.07357006468073372
4834,140850.0,299.145091933471,1.0756046494312306,10594.869964902908,-266437.7137107894,161.15569406914858,0.07356611258186836
4835,140875.0,299.1474022974908,1.0756036503997792,10596.731950093994,-266437.71369244554,161.1860568975738,0.0735631373035567
4836,140900.0,299.14714384653,1.0756032957756183,10598.593921741207,-266437.7135772001,161.21631150086145,0.07356141189442496
4837,140925.0,299.1481739633456,1.0756037397684992,10600.455914291833,-266437.7135739631,161.24634383457357,0.07356134518396035
4838,140950.0,299.1469842649306,1.0756051306743815,10602.317911783266,-266437.71352121653,161.27630073741136,0.07356341613280984
4839,140975.0,299.14723273505496,1.0756074732093661,10604.17993389736,-266437.71357394976,161.3061163480028,0.07356781232782372
4840,141000.0,299.14697297548696,1.0756107556978582,10606.041962090454,-266437.71363957174,161.33570139516632,0.07357457322867178
4841,141025.0,299.1459049277845,1.075614827825967,10607.904033822158,-266437.7136879561,161.3650448240397,0.0735833639680573
4842,141050.0,299.1463500976666,1.0756194957670864,10609.766140865762,-266437.7138266571,161.39433334530943,0.07359371980177577
4843,141075.0,299.14621089657294,1.075624417354803,10611.62825232691,-266437.71395454864,161.42358517554365,0.07360469357280487
4844,141100.0,299.14467183770194,1.0756293296869626,10613.490380611878,-266437.7140393877,161.4529026288958,0.07361545923632613
4845,141125.0,299.1442838226027,1.0756340890081166,10615.35252174836,-266437.7141736312,161.4821742059431,0.07362555234557713
4846,141150.0,299.143906398253,1.0756385780895399,10617.214656672146,-266437.7142841792,161.5115001882952,0.07363474032047317
4847,141175.0,299.1447827481434,1.0756427391364136,10619.076796833928,-266437.71441831684,161.54094663180697,0.07364293433718373
4848,141200.0,299.1448310866844,1.0756466393070736,10620.938963524346,-266437.7144707672,161.57051871183066,0.07365038042208018
4849,141225.0,299.14663821154625,1.0756503436426117,10622.80117710781,-266437.71457474225,161.6001364283162,0.07365731986254298
4850,141250.0,299.1467235863395,1.0756538666941524,10624.663480959229,-266437.71455627703,161.62987545447677,0.07366386827458257
4851,141275.0,299.14913589784265,1.0756570298845836,10626.525855880096,-266437.71462798846,161.65952032508935,0.07366967594119264
4852,141300.0,299.1486198320625,1.075659608626966,10628.388264018866,-266437.71455156605,161.68922951645035,0.07367429686104816
4853,141325.0,299.1488506819804,1.0756612922675457,10630.250536443255,-266437.71455886896,161.71917531012227,0.07367710534267272
4854,141350.0,299.14792818221747,1.075661859938208,10632.112677391808,-266437.71454042225,161.74934723247515,0.07367773587366977
4855,141375.0,299.1462957419686,1.0756613162410764,10633.974660744418,-266437.71447908087,161.77963442380565,0.07367632269357496
4856,141400.0,299.146227491181,1.075659857319333,10635.836473623203,-266437.7144585135,161.81010522757535,0.0736732594193947
4857,141425.0,299.14689654631525,1.0756577019349527,10637.698236825285,-266437.714422945,161.84075562158642,0.07366888047207357
4858,141450.0,299.1474569598681,1.0756550865061398,10639.559993917384,-266437.71434665914,161.87162803505527,0.07366356472525212
4859,141475.0,299.14807135226323,1.0756523539094651,10641.421752652175,-266437.7142532579,161.902525284225,0.07365790329218108
4860,141500.0,299.1499470085715,1.0756498671055341,10643.283515949648,-266437.7142156107,161.93332033641917,0.07365254392100391
4861,141525.0,299.1508985376387,1.0756479093651448,10645.145314559079,-266437.71412870224,161.963998346291,0.07364801131221721
4862,141550.0,299.153117352183,1.0756466744122284,10647.007120281152,-266437.7141125163,161.99456578422104,0.0736446744122284
4863,141575.0,299.152956630962,1.0756461696134867,10648.868931314331,-266437.7140128153,162.02509295648306,0.07364259176260966
4864,141600.0,299.1510808829049,1.0756462028776976,10650.730743295904,-266437.7138896027,162.05563967338134,0.07364145885577253
4865,141625.0,299.1495652264692,1.0756467270173995,10652.592577791733,-266437.71384136536,162.0861468314838,0.0736412714755446
4866,141650.0,299.1479911751933,1.0756477054996232,10654.454465774243,-266437.7138252518,162.11647893185403,0.07364207047462504
4867,141675.0,299.1457917859488,1.0756490248562036,10656.316457122482,-266437.7137770475,162.14691028149826,0.07364367508901672
4868,141700.0,299.1438595349488,1.0756505949887039,10658.178443498715,-266437.7137160267,162.17731495591158,0.07364586335318683
4869,141725.0,299.1429771680354,1.0756522290896644,10660.040444232767,-266437.71369139303,162.2076202069131,0.07364815325119782
4870,141750.0,299.14447572668155,1.075653666803531,10661.902463697237,-266437.71377369476,162.23790259262304,0.07364995271333744
4871,141775.0,299.14475616098775,1.0756548325807334,10663.764474893796,-266437.7137661639,162.2680503691845,0.07365116871921182
4872,141800.0,299.1466775710375,1.0756557389014296,10665.626495802362,-266437.7138163521,162.2981867277516,0.0736519203775908
4873,141825.0,299.1478905594992,1.075656430310491,10667.488573667264,-266437.71380667837,162.3282624043223,0.07365234030912324
4874,141850.0,299.1496196314528,1.0756569393504274,10669.350662071025,-266437.71382905997,162.35831858044446,0.07365251541880341
4875,141875.0,299.1489406558653,1.0756573594476346,10671.212780794076,-266437.71378947917,162.3883991832103,0.0736526429450369
4876,141900.0,299.1489628819628,1.0756577702139294,10673.0749318449,-266437.7138161268,162.41849831166704,0.07365289617934521
4877,141925.0,299.15035560414094,1.0756582797594643,10674.937107812677,-266437.71392604563,162.44881300164005,0.07365354100041
4878,141950.0,299.1519808723781,1.075658962765594,10676.799327039333,-266437.71405940433,162.47922716307988,0.07365482277789163
4879,141975.0,299.1530328609288,1.0756597726092896,10678.661573453122,-266437.7141692282,162.50958224952188,0.07365673497267758
4880,142000.0,299.1529286180426,1.0756607239636686,10680.523872580054,-266437.71424059285,162.53987718111043,0.07365918172505632
4881,142025.0,299.1507441297964,1.0756618659702308,10682.386201177504,-266437.7142223133,162.57001381284994,0.07366200204834082
4882,142050.0,299.14948545552585,1.0756633221380298,10684.248549906937,-266437.7142659056,162.60005025073386,0.07366529892825448
4883,142075.0,299.14965146143857,1.0756651717854218,10686.11092243132,-266437.7143777301,162.62998247099372,0.07366911745836745
4884,142100.0,299.1509212687819,1.075667491641078,10687.973345699604,-266437.7145257592,162.6598203793245,0.07367352357557146
4885,142125.0,299.14935405389537,1.0756703062491473,10689.835771759566,-266437.71450956824,162.68949929785782,0.07367865015691089
4886,142150.0,299.1497317529499,1.0756733868085395,10691.698218955851,-266437.71458077565,162.71908348782483,0.07368415626492053
4887,142175.0,299.1501164949535,1.0756763863884342,10693.560692748208,-266437.7146370364,162.74873489102563,0.07368941318876158
4888,142200.0,299.1506565487829,1.075679160428172,10695.423218787599,-266437.7147039273,162.77840851367014,0.07369416738255948
4889,142225.0,299.15135972276744,1.0756817153374232,10697.285770495073,-266437.7147899626,162.80813134648943,0.07369845487389227
4890,142250.0,299.1508543780412,1.0756840351666326,10699.148361222566,-266437.7148227187,162.8378708880938,0.07370225638928642
4891,142275.0,299.1508000216679,1.075686054987735,10701.010956834813,-266437.71490656526,162.8676745402017,0.07370545686835647
4892,142300.0,299.15259776571963,1.0756878727433747,10702.873574016603,-266437.7151159821,162.8974725686355,0.07370823646024931
4893,142325.0,299.15303441785846,1.0756896045497888,10704.736238546431,-266437.7152976435,162.92736708820325,0.07371082168641872
4894,142350.0,299.15110413503567,1.075691233231188,10706.598967071686,-266437.7153962378,162.95736182962207,0.07371323207354441
4895,142375.0,299.14904420336313,1.075692686478758,10708.461673646902,-266437.7155033021,162.98748586785132,0.0737153316993464
4896,142400.0,299.15016358083165,1.0756938648151928,10710.324384189007,-266437.7157507148,163.01761364399974,0.07371692417126131
4897,142425.0,299.1503114080576,1.0756946723152305,10712.18711118366,-266437.7159320983,163.04784459704643,0.07371789737307743
4898,142450.0,299.15011895393604,1.0756948661631625,10714.049882057474,-266437.7160857659,163.07808744954755,0.07371788882084777
4899,142475.0,299.1481949565985,1.0756943211564625,10715.912761413381,-266437.7161415817,163.10843334122453,0.0737168008163265
4900,142500.0,299.14742905543073,1.0756931241923415,10717.775713370856,-266437.71620587644,163.13890876032104,0.07371490342107051
4901,142525.0,299.14701594961224,1.0756915021759825,10719.638695680858,-266437.7162255203,163.16935147912417,0.07371257065143477
4902,142550.0,299.1470137768032,1.0756896418519273,10721.501721242212,-266437.7161856687,163.19981110898092,0.0737100586715616
4903,142575.0,299.14538103405374,1.0756878429173462,10723.364753156995,-266437.7159716559,163.23038847525834,0.07370776223491025
4904,142600.0,299.1468217233434,1.0756862439687391,10725.227831507626,-266437.71584267763,163.2609147771662,0.07370583302752293
4905,142625.0,299.150228753499,1.075684784141867,10727.090929025935,-266437.71579443547,163.29150804885177,0.07370405231689087
4906,142650.0,299.15052642218586,1.0756834477277357,10728.954047457151,-266437.7156082298,163.32207749453164,0.07370239372325249
4907,142675.0,299.15165159766354,1.075682354251562,10730.817200461404,-266437.7155473208,163.35269868982616,0.07370114228470523
4908,142700.0,299.151040189991,1.075681566035173,10732.680364381999,-266437.7154864366,163.3832976127521,0.0737004977252665
4909,142725.0,299.1510235192124,1.0756810972165645,10734.543537184909,-266437.715559233,163.41382070380178,0.07370054385607604
4910,142750.0,299.1492779211972,1.0756809921943933,10736.406753293946,-266437.715615031,163.44428315448314,0.07370128073033326
4911,142775.0,299.14706960769536,1.0756813961726381,10738.269985251405,-266437.71569201286,163.47464183550488,0.0737027671009772
4912,142800.0,299.14467368858124,1.0756823804192954,10740.133266714207,-266437.71575412183,163.50483351747067,0.07370502320374517
4913,142825.0,299.1418528951973,1.075683992131325,10741.99656770599,-266437.7157780492,163.5348862952788,0.07370814448514448
4914,142850.0,299.1454957850118,1.0756862343845368,10743.859867784517,-266437.7160902001,163.56480106408955,0.07371221776873517
4915,142875.0,299.14703331929746,1.075689105098996,10745.723197807614,-266437.71627296926,163.59464138479797,0.07371739293463521
4916,142900.0,299.1493915784014,1.0756924386821227,10747.586554130345,-266437.7164768491,163.62444650566067,0.07372345874855941
4917,142925.0,299.15092167886667,1.0756959306628706,10749.449927379537,-266437.71665099304,163.65414980689988,0.0737298405856039
4918,142950.0,299.15025922491014,1.0756993455986985,10751.313284543858,-266437.7167467135,163.68387368475982,0.07373610340855187
4919,142975.0,299.1511997168021,1.075702484823848,10753.176636500117,-266437.7169524899,163.7136369403117,0.07374192994579945
4920,143000.0,299.14747891803825,1.0757053005486685,10755.040019048005,-266437.7169338042,163.7435021273454,0.0737473420713947
4921,143025.0,299.14435417655415,1.075707822836245,10756.903434783062,-266437.71692782413,163.77346170533662,0.07375246349722335
4922,143050.0,299.1434372673843,1.0757100556571193,10758.766810861107,-266437.71698744,163.80339699600518,0.0737573179633015
4923,143075.0,299.14364572603563,1.0757120800839421,10760.63019860247,-266437.7170428007,163.8334034023152,0.07376210025724343
4924,143100.0,299.14477084385777,1.075713978477157,10762.49361742035,-266437.71709179366,163.86341713556683,0.07376698287648054
4925,143125.0,299.1465115766003,1.0757157425226684,10764.35707333338,-266437.7171640277,163.89341365523077,0.07377181167952361
4926,143150.0,299.1474067495432,1.0757172632433525,10766.220549924205,-266437.7172150904,163.92352312299576,0.07377616007036059
4927,143175.0,299.1466126925053,1.0757185220508654,10768.084051708716,-266437.71721328807,163.95372584395292,0.07377986566558441
4928,143200.0,299.14682778170004,1.0757194795428413,10769.947574865737,-266437.7173002469,163.98390327571516,0.07378271447893418
4929,143225.0,299.14599435665986,1.075720197227856,10771.811131425806,-266437.717349138,164.0140861148073,0.07378465348208248
4930,143250.0,299.14603557223006,1.0757208535117957,10773.67472480982,-266437.717431809,164.04424629716758,0.0737859373352261
4931,143275.0,299.1459842581102,1.075721711205731,10775.538216835337,-266437.71748698974,164.0742125385915,0.0737871309813463
4932,143300.0,299.14625274653685,1.0757229123589427,10777.401563590287,-266437.71754003654,164.10415803770525,0.0737886705858504
4933,143325.0,299.1475617050398,1.075724435751925,10779.264758481399,-266437.71765639784,164.1340497026753,0.07379066349142008
4934,143350.0,299.14889531773036,1.075726251671732,10781.127790806799,-266437.7177663797,164.16393177885848,0.07379314387031408
4935,143375.0,299.1495427175174,1.0757284111291188,10782.990681312174,-266437.7178425514,164.19372174959483,0.07379630706374932
4936,143400.0,299.14919360819647,1.0757309208696233,10784.853594967906,-266437.71787649393,164.22353083248936,0.07380023198973734
4937,143425.0,299.14897938720117,1.0757336198190894,10786.716555073555,-266437.71792518906,164.25341312454435,0.07380460091805048
4938,143450.0,299.1495355804817,1.0757362954039271,10788.579566862432,-266437.71802237304,164.28341133252346,0.0738089625430249
4939,143475.0,299.1472829319836,1.075738717206477,10790.44266701111,-266437.7179845649,164.31344722739541,0.07381282206477731
4940,143500.0,299.14849254071356,1.0757408853808266,10792.305840078436,-266437.7181301863,164.343684919517,0.07381620947176684
4941,143525.0,299.1463155008092,1.0757428053419662,10794.169035592382,-266437.7180923716,164.3739802257521,0.07381917968433832
4942,143550.0,299.1459896369949,1.075744390990626,10796.032274405736,-266437.7181304371,164.40448960631198,0.07382158837413176
4943,143575.0,299.1439911895224,1.0757456721952527,10797.895546664959,-266437.71806314064,164.43506196386195,0.07382349952804747
4944,143600.0,299.14241562453634,1.0757467214694971,10799.75882914976,-266437.71797691286,164.46576659191106,0.07382501806538591
4945,143625.0,299.1424764321335,1.0757476512333193,10801.622169697242,-266437.7179223111,164.49637801698347,0.07382630630812778
4946,143650.0,299.14169644309663,1.0757484043528058,10803.48555487128,-266437.7177813996,164.5269151020821,0.07382716535273903
4947,143675.0,299.1416958017379,1.0757489019805975,10805.348992813371,-266437.71763633465,164.55749099770955,0.07382740043115063
4948,143700.0,299.1452270255269,1.0757491769381013,10807.212494826812,-266437.7176618173,164.58815726214056,0.07382712810668822
4949,143725.0,299.14711639481465,1.0757492221548814,10809.07609214806,-266437.7176283671,164.6188043935354,0.07382643037037037
4950,143750.0,299.14898394465746,1.075749027671177,10810.939745789314,-266437.71763280156,164.64956474247631,0.07382538477075339
4951,143775.0,299.1480254756326,1.0757485646203548,10812.803444016403,-266437.7175341614,164.68037480963923,0.07382397320947766
4952,143800.0,299.14828935285,1.075747876303923,10814.667160406265,-266437.7175638503,164.7112025333468,0.07382221643448415
4953,143825.0,299.14708330063235,1.0757471418382447,10816.53092482517,-266437.71760614327,164.7419994624546,0.07382037296460772
4954,143850.0,299.14614487769916,1.0757464826774297,10818.394685214778,-266437.7177072823,164.7726491913219,0.0738185747729566
4955,143875.0,299.14407745258256,1.0757459856066716,10820.258464863646,-266437.7177516311,164.8031055091472,0.07381693832391714
4956,143900.0,299.1421286492501,1.0757455216192584,10822.12227541293,-266437.71777494793,164.8335782640038,0.07381524578037792
4957,143925.0,299.1411840954685,1.0757449663170628,10823.986153580052,-266437.71780455834,164.8640654031868,0.07381330785262875
4958,143950.0,299.1419486499293,1.075744492437991,10825.850075120568,-266437.71786566515,164.89461752040066,0.07381145856019358
4959,143975.0,299.14000138131706,1.0757443452284943,10827.714085634858,-266437.71773773525,164.92516141250002,0.07381016626344086
4960,144000.0,299.1404316996572,1.0757447063764023,10829.57813680076,-266437.7177043439,164.95562351877984,0.07380982328831553
4961,144025.0,299.14219489815923,1.0757456966948808,10831.442240508377,-266437.7176919589,164.98591988700795,0.07381071933360205
4962,144050.0,299.1438799163811,1.0757473513331988,10833.306329391544,-266437.7176564914,165.0161114939889,0.07381298038820606
4963,144075.0,299.144030269272,1.0757495894439966,10835.170418125215,-266437.7175685771,165.0461884759603,0.07381651692183723
4964,144100.0,299.14215735803947,1.0757522237663644,10837.034549642813,-266437.71741775767,165.076153143471,0.0738210230278617
4965,144125.0,299.1402549781849,1.0757549816082692,10838.898677266592,-266437.7173047557,165.10610164431472,0.07382601463283663
4966,144150.0,299.1425574262129,1.075757767867928,10840.762831009577,-266437.71743087715,165.13605175592247,0.0738313154821824
4967,144175.0,299.14276124194834,1.0757606196323133,10842.626976762795,-266437.7174835615,165.16600488828507,0.07383693471551261
4968,144200.0,299.142044240558,1.075763589991279,10844.491138644846,-266437.71750897233,165.19585987730602,0.07384287489099081
4969,144225.0,299.14154690643846,1.0757665830985914,10846.3554082366,-266437.71753437293,165.22568424815566,0.07384873413816231
4970,144250.0,299.1418517158853,1.075769523637095,10848.219699895039,-266437.7175828137,165.25545249131636,0.07385421605310802
4971,144275.0,299.14191368369524,1.0757723683293106,10850.084023558977,-266437.71759980894,165.28525283976944,0.07385922485921158
4972,144300.0,299.1427003205978,1.07577511374757,10851.94837733948,-266437.71763983846,165.31503170949802,0.07386386775253032
4973,144325.0,299.142948089063,1.0757775635303577,10853.812776433635,-266437.7176400617,165.34492402379044,0.07386786121163381
4974,144350.0,299.14039035068663,1.0757794056951422,10855.677192251436,-266437.7174916248,165.37484734010056,0.07387069775544387
4975,144375.0,299.14084698486056,1.075780414322079,10857.541657236448,-266437.71749187773,165.40493010590842,0.07387201527331189
4976,144400.0,299.14314518063077,1.0757805810729353,10859.406196812317,-266437.71758422075,165.4352685566272,0.07387184689572031
4977,144425.0,299.1417716127627,1.0757800762689165,10861.270751016118,-266437.71751540113,165.46574950535697,0.07387056696129636
4978,144450.0,299.14095671955533,1.0757790751154848,10863.135313915693,-266437.7174654382,165.49637429524006,0.07386853665394656
4979,144475.0,299.14088226800527,1.0757778846050867,10864.9999142139,-266437.71742595383,165.5270783817939,0.07386637536813921
4980,144500.0,299.141526108345,1.075776778893127,10866.864539474314,-266437.71739694173,165.55777810238914,0.07386461051997589
4981,144525.0,299.14278756242464,1.0757759376421783,10868.729170908182,-266437.71741812193,165.58841828268442,0.07386353679914356
4982,144550.0,299.1419717607866,1.0757754918723659,10870.59382930301,-266437.7173786708,165.61898438638045,0.07386329620710413
4983,144575.0,299.1426658976056,1.0757754696361688,10872.458504169053,-266437.71745627676,165.64954780624674,0.07386393900481539
4984,144600.0,299.1441594627214,1.0757759027081242,10874.323175120408,-266437.71759027085,165.67993856743573,0.07386551494483448
4985,144625.0,299.14514108450317,1.0757768551945446,10876.187839682825,-266437.7177200328,165.71017982143343,0.07386822817221553
4986,144650.0,299.1444606109216,1.0757782838713987,10878.052555010741,-266437.7178037899,165.74030964046526,0.07387207446026334
4987,144675.0,299.1440449484762,1.0757801053862603,10879.917308742095,-266437.7179522521,165.77034554223476,0.07387680446404704
4988,144700.0,299.14552325623026,1.075782300861896,10881.782110421977,-266437.71824263385,165.80038522262316,0.0738822330460346
4989,144725.0,299.14367113126247,1.0757848354041415,10883.646931506863,-266437.71839929867,165.8303130589847,0.07388823199732797
4990,144750.0,299.1418208580778,1.0757876838976823,10885.511801146044,-266437.7185600748,165.86014847806055,0.07389473619181192
4991,144775.0,299.14041428412116,1.0757908502938032,10887.376710923058,-266437.71870826656,165.8899291123131,0.07390161231303417
4992,144800.0,299.14032351331855,1.0757944534348085,10889.241649734742,-266437.7188417952,165.91961416783502,0.07390900186928365
4993,144825.0,299.1400157435589,1.0757986246829527,10891.106619462602,-266437.7188918369,165.94905725090115,0.07391725564010145
4994,144850.0,299.1411621144477,1.075803382515849,10892.971650812327,-266437.71896062733,165.97837193940614,0.0739266128795462
4995,144875.0,299.14153687963693,1.0758085754603681,10894.836751176255,-266437.7189626702,166.00761965946097,0.07393698165198824
4996,144900.0,299.141988876259,1.0758139873924353,10896.701893544641,-266437.7189772197,166.0367312652926,0.07394797872056566
4997,144925.0,299.14289503948237,1.0758193301320527,10898.567025035461,-266437.7190501201,166.06590553101245,0.07395888902227557
4998,144950.0,299.1425504557577,1.0758243787424149,10900.432165050457,-266437.71915216383,166.09514789437893,0.07396908921784356
4999,144975.0,299.14183414106657,1.0758287788666665,10902.297355784982,-266437.71934375004,166.12448081780005,0.07397764673333332
5000,145000.0,299.13958855002323,1.0758322542824765,10904.162520152817,-266437.7195373426,166.15408877404522,0.07398393108045057
5001,145025.0,299.1373066533386,1.0758347608956413,10906.027762602607,-266437.7197620952,166.18392341656676,0.07398798287351725
5002,145050.0,299.1359561406489,1.0758362883603168,10907.893054928223,-266437.7200242355,166.21398572789664,0.07398993703777731
5003,145075.0,299.13523864062074,1.0758369630295759,10909.75836824958,-266437.72027169936,166.24423481394888,0.07399016300293099
5004,145100.0,299.13493652687305,1.0758370086580085,10911.623717775805,-266437.7204545455,166.2744574512821,0.07398916376956376
5005,145125.0,299.13418764835524,1.0758367109468634,10913.489052020223,-266437.72050622595,166.304734275869,0.07398751092022905
5006,145150.0,299.13576005472333,1.0758363283403232,10915.354440835012,-266437.72055580525,166.3350640736303,0.07398570434724717
5007,145175.0,299.1378035027289,1.0758360053913736,10917.21984174532,-266437.72054088465,166.3654321939564,0.07398406236687964
5008,145200.0,299.13847462307837,1.0758358659745788,10919.085266033919,-266437.72044070676,166.39578404871236,0.07398288966526917
5009,145225.0,299.13950251856284,1.0758360230871586,10920.950718435042,-266437.7203821524,166.42604599128413,0.07398245395874915
5010,145250.0,299.1412815380163,1.075836641388944,10922.816189548907,-266437.72041300806,166.45626376551593,0.07398305281713562
5011,145275.0,299.14039027793285,1.0758378302740088,10924.681659767737,-266437.7203939712,166.48642880852626,0.07398486698590048
5012,145300.0,299.1420857810359,1.0758395618059708,10926.547177517634,-266437.72059312457,166.5164448027795,0.07398782226211847
5013,145325.0,299.1410768416433,1.0758417528254218,10928.412658384037,-266437.7207402606,166.54644526818248,0.07399171579577181
5014,145350.0,299.14068010275827,1.0758441655034894,10930.27799447914,-266437.7210140412,166.57647241402466,0.07399598331671649
5015,145375.0,299.1387407936602,1.075846540204678,10932.143149910466,-266437.7212627924,166.60645908439668,0.07400005828017009
5016,145400.0,299.1376845167097,1.075848661284964,10934.008105439085,-266437.72157165635,166.63646591389283,0.07400354527938341
5017,145425.0,299.1359523692705,1.0758502699614718,10935.87290745906,-266437.7218264249,166.66654270054477,0.07400594486515209
5018,145450.0,299.1343693003253,1.0758511376768278,10937.737715534415,-266437.72202920564,166.69674063937046,0.0740068841734741
5019,145475.0,299.1317411676626,1.075851294754316,10939.602553098519,-266437.7220887284,166.7271735830014,0.07400653605577685
5020,145500.0,299.1329969134302,1.0758509512713268,10941.467435719955,-266437.7222083914,166.7577155538738,0.07400532231295223
5021,145525.0,299.1348439137129,1.0758503566308242,10943.332341051551,-266437.72224296426,166.78826136884382,0.07400376324173631
5022,145550.0,299.1386082351848,1.0758495366646756,10945.197275162165,-266437.72231485165,166.8187931631164,0.07400202282832301
5023,145575.0,299.14260651678603,1.0758484936305732,10947.062207433632,-266437.7223597565,166.84931699210463,0.07400024548832268
5024,145600.0,299.1445411784411,1.0758474422553896,10948.92714637497,-266437.7223258706,166.87978857034832,0.07399890792703147
5025,145625.0,299.1455195880753,1.075846722708582,10950.792108796702,-266437.7223168689,166.91028667469163,0.07399853979307597
5026,145650.0,299.14504226304615,1.075846818380744,10952.657137565062,-266437.7223368808,166.94050377494864,0.07399980750613351
5027,145675.0,299.14627752247407,1.0758479184566427,10954.52223226662,-266437.7225309102,166.97055974827634,0.07400285388491112
5028,145700.0,299.14691105302575,1.0758499406774042,10956.387358126447,-266437.722793216,167.00049786007824,0.07400735567044471
5029,145725.0,299.1458992110669,1.075852769847581,10958.252486405745,-266437.723088552,167.03032320576546,0.07401301404903905
5030,145750.0,299.1432233124627,1.0758562854965876,10960.11765936664,-266437.7233630656,167.06001239654148,0.07401963612270585
5031,145775.0,299.1403737220455,1.0758604532988871,10961.982866764885,-266437.7236312599,167.08968273032593,0.07402739811870689
5032,145800.0,299.141068073581,1.0758651984237364,10963.84808704283,-266437.72401524935,167.11924040691437,0.07403642691568972
5033,145825.0,299.14028044484166,1.0758703845186066,10965.713333932043,-266437.7242563071,167.14862544722556,0.07404662203681626
5034,145850.0,299.13817315736503,1.0758756284673947,10967.57861672325,-266437.72434624296,167.1779178935452,0.0740571714664018
5035,145875.0,299.138986572809,1.0758807299444,10969.44393044147,-266437.72449612786,167.2072035246227,0.07406768506751385
5036,145900.0,299.1405101726556,1.0758856243134138,10971.309257599743,-266437.72461700084,167.23657581576336,0.074078114287605
5037,145925.0,299.1436856630937,1.0758900598782584,10973.174607477287,-266437.724818463,167.26602545911075,0.07408790856159846
5038,145950.0,299.14475338334313,1.075893717338096,10975.039979206966,-266437.7249309552,167.29571066474827,0.07409634087451208
5039,145975.0,299.14509401230146,1.0758964309523809,10976.905370538274,-266437.7250351356,167.32554870753967,0.07410289662698408
5040,146000.0,299.1444940073397,1.0758982367255172,10978.770795390645,-266437.7251186107,167.35548423765124,0.07410754334457444
5041,146025.0,299.1438456690465,1.075899352439508,10980.63621449932,-266437.7252330424,167.38554890017187,0.07411059539865128
5042,146050.0,299.1421786215875,1.0759000961729128,10982.501631859985,-266437.72530405177,167.41568704507895,0.07411265225725423
5043,146075.0,299.14172528872575,1.0759008318133754,10984.367052745354,-266437.7254184013,167.44588288950567,0.07411443067671154
5044,146100.0,299.13959352586704,1.0759017209117936,10986.232517722743,-266437.7253861083,167.4760592833168,0.07411629137760153
5045,146125.0,299.1394304583827,1.0759027737481832,10988.098014178933,-266437.7253909862,167.5062127506936,0.07411837052450782
5046,146150.0,299.1418670133411,1.0759039132157715,10989.963531515137,-266437.7254412687,167.53635943451556,0.07412066508156655
5047,146175.0,299.1419309254489,1.0759050837955624,10991.829041119036,-266437.7253161317,167.56647743819335,0.07412325382989958
5048,146200.0,299.1440761907967,1.0759061756123323,10993.694563761977,-266437.7252694427,167.59656821720472,0.07412602066415787
5049,146225.0,299.14220823247507,1.0759072745874585,10995.560073954697,-266437.72501031344,167.62657403966995,0.07412925135313526
5050,146250.0,299.14386482927455,1.0759083601267074,10997.4256265633,-266437.7249348313,167.65659035121757,0.07413293083877776
5051,146275.0,299.1459023260753,1.0759094367907096,10999.291246158531,-266437.72491917387,167.68660143415147,0.07413703180258639
5052,146300.0,299.14731747483324,1.0759105264859157,11001.156896812236,-266437.7249612441,167.7165522825384,0.07414144495019455
5053,146325.0,299.14618991399533,1.0759117384250094,11003.022560288793,-266437.72497650364,167.74632698700697,0.07414621013058958
5054,146350.0,299.14574341417716,1.0759131919551594,11004.888252306671,-266437.72511745786,167.7760741923508,0.07415141226508402
5055,146375.0,299.1435818967561,1.0759149983517928,11006.75395149444,-266437.72523981397,167.80577602999736,0.07415727551424045
5056,146400.0,299.14015628851075,1.075917152527849,11008.619719024236,-266437.72531886486,167.83543847122797,0.07416397112912788
5057,146425.0,299.1369516258071,1.075919621984974,11010.485534516718,-266437.7253731711,167.86504070811912,0.07417147831817578
5058,146450.0,299.1362249152004,1.075922266455821,11012.351373465486,-266437.72548510897,167.8946922232325,0.07417940455953081
5059,146475.0,299.1352469220024,1.0759249249670617,11014.21724574069,-266437.725494071,167.9243098079051,0.0741873070487483
5060,146500.0,299.1360058745964,1.0759275745900017,11016.08309282531,-266437.72549891315,167.95394802647698,0.07419509648949478
5061,146525.0,299.1360335097456,1.0759303426840507,11017.94894077846,-266437.72537822655,167.98364646490185,0.07420306295271957
5062,146550.0,299.13860559154625,1.0759334233326747,11019.814768556698,-266437.7253213673,168.01333668259923,0.07421163276055036
5063,146575.0,299.14269325322516,1.0759369955239595,11021.680577526835,-266437.7253324117,168.04299521596892,0.07422118226698257
5064,146600.0,299.144402057058,1.0759411410332342,11023.546393376157,-266437.7252714708,168.07253257973017,0.07423188562026979
5065,146625.0,299.1451338834713,1.0759456511383072,11025.412223594005,-266437.72525167774,168.10192257231213,0.07424321680484271
5066,146650.0,299.14481962449815,1.0759503953029401,11027.278075222071,-266437.72527711984,168.13118830669032,0.07425484165515422
5067,146675.0,299.1445747261245,1.0759553462904494,11029.143908825092,-266437.72539709933,168.16035570165744,0.07426657248092604
5068,146700.0,299.1427575530346,1.0759605279147757,11031.009784935077,-266437.7254985368,168.18944618241596,0.07427833872558687
5069,146725.0,299.1424711756737,1.0759659463510844,11032.875730911617,-266437.7257170446,168.2184796624589,0.074290157790927
5070,146750.0,299.14109481666975,1.0759715636626566,11034.741732260743,-266437.725894383,168.24747120554787,0.07430202077170839
5071,146775.0,299.1407799089772,1.0759772822686642,11036.607778411782,-266437.72608602775,168.276508004929,0.07431380454784435
5072,146800.0,299.1412286531308,1.075983018858006,11038.473870776641,-266437.7262529567,168.30552410907416,0.07432543649385635
5073,146825.0,299.14188075968974,1.0759887315727232,11040.33999256344,-266437.7263397549,168.3345423121797,0.07433689383786622
5074,146850.0,299.14351658509014,1.0759943150738913,11042.206179821587,-266437.72638546786,168.3636630674548,0.0743479905418719
5075,146875.0,299.14538599106885,1.0759995751247697,11044.072448264951,-266437.7263798594,168.39301146040188,0.07435830548988703
5076,146900.0,299.1467161934211,1.0760043658328406,11045.938791779967,-266437.72632911487,168.42249170612564,0.07436751112861925
5077,146925.0,299.1485420345935,1.0760084954050149,11047.805200412411,-266437.72631531436,168.4523096093606,0.07437514730208741
5078,146950.0,299.14696292990726,1.076011707816499,11049.671620833476,-266437.7261743617,168.48232679897617,0.07438066069436239
5079,146975.0,299.14583182053786,1.0760138293963253,11051.538118720582,-266437.72609498026,168.51250164816273,0.07438380492125982
5080,147000.0,299.1435092017974,1.0760149710030833,11053.404676788341,-266437.72597462765,168.5428246385226,0.07438500544512233
5081,147025.0,299.14281539649727,1.0760153745900563,11055.271278469874,-266437.72593426134,168.57333770818576,0.07438492253705888
5082,147050.0,299.14278931457784,1.0760151560758082,11057.137878932763,-266437.72592670005,168.60389282923472,0.07438386799134368
5083,147075.0,299.1435864539731,1.0760142039732492,11059.004498384193,-266437.7259765112,168.63450661323108,0.07438165637293467
5084,147100.0,299.1444197725334,1.076012561324156,11060.871128213157,-266437.72606317594,168.6652812757129,0.07437834441166828
5085,147125.0,299.14490838871393,1.076010452549482,11062.737790065914,-266437.7261682396,168.6962333238957,0.07437426700747148
5086,147150.0,299.1455155206734,1.07600827770133,11064.604478974032,-266437.7262937389,168.72718635410527,0.07437002037874318
5087,147175.0,299.1446279403169,1.076006423218029,11066.471184769634,-266437.72636391176,168.75815496776733,0.07436621822589097
5088,147200.0,299.14525107054413,1.0760050363529179,11068.337918402221,-266437.72651388607,168.78898467806383,0.07436320803039234
5089,147225.0,299.14494460268486,1.0760041593975114,11070.204696705025,-266437.72661468555,168.8196407157826,0.07436115854616895
5090,147250.0,299.1451676074116,1.0760037701826752,11072.07147787309,-266437.7267420447,168.85021327172137,0.07436008236757675
5091,147275.0,299.14294833699904,1.0760037020162345,11073.93829948355,-266437.7267220639,168.88065924633415,0.07435971321026445
5092,147300.0,299.14216050081797,1.0760036734733949,11075.805153753303,-266437.7267348157,168.9109816650959,0.07435955514104325
5093,147325.0,299.1428119259258,1.0760034228504123,11077.672053378727,-266437.72678028065,168.9413049384243,0.07435909985603978
5094,147350.0,299.14378607373226,1.0760027649983643,11079.538908030467,-266437.7267991494,168.97174015210993,0.07435788649002288
5095,147375.0,299.1437897844713,1.0760016506410257,11081.405589467406,-266437.7267342032,169.0023180671769,0.07435572926478282
5096,147400.0,299.1444855757633,1.0760000353802892,11083.27210033508,-266437.72668971936,169.03293182074424,0.07435250134065789
5097,147425.0,299.1447133824374,1.0759979199032301,11085.138479555428,-266437.72663299326,169.06359468490913,0.07434821040931083
5098,147450.0,299.14420387252386,1.0759951227037983,11087.004719231332,-266437.7265579034,169.0941562520756,0.07434263999477021
5099,147475.0,299.1431162775162,1.0759916521568629,11088.87095953266,-266437.72650531033,169.12487797300656,0.07433590973856208
5100,147500.0,299.14278613481,1.0759878032411945,11090.737287177395,-266437.72653646336,169.15565586590864,0.0743285513298046
5101,147525.0,299.14246482862916,1.0759839244087286,11092.603632378066,-266437.7265900626,169.18643825545539,0.07432111792761008
5102,147550.0,299.1396396735252,1.0759802831667646,11094.469983846018,-266437.72652320523,169.2172397508002,0.07431399706055261
5103,147575.0,299.13772456837756,1.0759770560344828,11096.336371022577,-266437.7264931099,169.24795936219957,0.07430745696185997
5104,147600.0,299.1356694938294,1.075974248188051,11098.202777569551,-266437.72640793334,169.27857252693437,0.07430153326803786
5105,147625.0,299.13613067822155,1.075971863232798,11100.06922310071,-266437.72636971204,169.30917223651912,0.07429626485180832
5106,147650.0,299.13671053090513,1.0759699116898374,11101.935716713184,-266437.72626623587,169.33962522198289,0.07429170360942496
5107,147675.0,299.13962918794033,1.0759682665753065,11103.802283954888,-266437.7262199001,169.3700332030801,0.07428767267032105
5108,147700.0,299.1413209824491,1.0759667597703397,11105.668943947392,-266437.7260961049,169.40041320447574,0.07428389861029554
5109,147725.0,299.1434943937376,1.0759650938682321,11107.535624697892,-266437.7260314742,169.43071889889103,0.07427987782126547
5110,147750.0,299.1441319006064,1.075963101023935,11109.40232169456,-266437.7259831735,169.46110174101608,0.07427534579012585
5111,147775.0,299.14402608046413,1.0759607712571724,11111.269020450554,-266437.72600621084,169.4916114162754,0.07427029420970263
5112,147800.0,299.1421433897906,1.0759583288349956,11113.135773220463,-266437.726035351,169.5221215891518,0.0742650862507334
5113,147825.0,299.13958871490007,1.0759560497327596,11115.00260539302,-266437.7260767012,169.55250432518574,0.07426015050189021
5114,147850.0,299.13820742632765,1.075953980710329,11116.869468940482,-266437.72616283805,169.58274757132614,0.07425555138481586
5115,147875.0,299.13771554932225,1.0759520230648942,11118.736330033797,-266437.7262285802,169.61282133483186,0.07425114425332288
5116,147900.0,299.1376187624909,1.0759501380366099,11120.603252467312,-266437.7262372972,169.64295334362578,0.07424692156862742
5117,147925.0,299.1381961386608,1.0759484555816072,11122.470188785053,-266437.726213446,169.67302176507746,0.07424314152663797
5118,147950.0,299.13930924581615,1.0759471318616916,11124.337146508087,-266437.72613873146,169.70308889646412,0.07424006752620951
5119,147975.0,299.1400470930988,1.0759461596354165,11126.204118083899,-266437.72599894204,169.73317395390623,0.07423760742187496
5120,148000.0,299.1421710653517,1.0759453043676364,11128.071097297186,-266437.725893787,169.7632974995118,0.07423530937967841
5121,148025.0,299.14361851535847,1.0759444350514122,11129.938117110938,-266437.72577036964,169.79333478667183,0.07423293967200309
5122,148050.0,299.1449958261434,1.0759435898236709,11131.8051761251,-266437.7257100332,169.8233708303728,0.07423060622031358
5123,148075.0,299.14662752081693,1.0759427607338015,11133.672258035562,-266437.72574120155,169.8534249259042,0.07422840105386413
5124,148100.0,299.1467065231218,1.0759417799674795,11135.539360916271,-266437.7257926829,169.88347701495928,0.07422611252032517
5125,148125.0,299.1448037820912,1.0759405963714395,11137.40644701513,-266437.7258360158,169.91366300214588,0.07422371179607228
5126,148150.0,299.1441766913073,1.075939376698524,11139.273490069025,-266437.7260073305,169.94378273584286,0.07422150191795067
5127,148175.0,299.14270386056927,1.0759383950208006,11141.140515216828,-266437.72615013976,169.97393358736343,0.07421989762090479
5128,148200.0,299.13962148963395,1.0759378880873463,11143.007566023505,-266437.72618728474,170.00410281484363,0.07421923909793977
5129,148225.0,299.1399483427549,1.075937893502274,11144.874663585813,-266437.72633000324,170.03420374918772,0.07421957303443791
5130,148250.0,299.14249586071577,1.0759381428571428,11146.741796510405,-266437.7265152992,170.0642020197492,0.07422033372312085
5131,148275.0,299.1436496637437,1.0759385318264483,11148.608923346952,-266437.7265685892,170.09416232216154,0.07422121252273314
5132,148300.0,299.14506403818416,1.0759390376647833,11150.476066560339,-266437.7265893889,170.12408385745823,0.07422214923046948
5133,148325.0,299.14650457245796,1.075939600441501,11152.34321061113,-266437.7265756882,170.154074261005,0.07422313115179843
5134,148350.0,299.1472567250242,1.0759401467705287,11154.210376453984,-266437.7265437358,170.18408442732874,0.07422425822784808
5135,148375.0,299.1481009391224,1.075940489875389,11156.077609355505,-266437.7265665563,170.2141413442367,0.07422535111630318
5136,148400.0,299.14854229959104,1.0759405697878135,11157.944905970451,-266437.72661978455,170.2442092602686,0.0742262354811498
5137,148425.0,299.1494973352795,1.0759404438821847,11159.81222667845,-266437.72676625144,170.27428611807443,0.07422686972881794
5138,148450.0,299.14694683602505,1.0759403573976776,11161.67958547737,-266437.72680117725,170.30441090562363,0.07422745994681194
5139,148475.0,299.14361265142657,1.075940563942931,11163.547005859378,-266437.7268219034,170.33447930531773,0.07422834429312579
5140,148500.0,299.1424276505218,1.0759412361408285,11165.414482436336,-266437.7269459573,170.36447696738634,0.0742298797250859
5141,148525.0,299.14292801892896,1.0759424673927134,11167.281983560457,-266437.727110479,170.39437570180212,0.0742323091533774
5142,148550.0,299.14238775027536,1.0759443173893315,11169.14953188895,-266437.7271716411,170.4242875839004,0.07423585196707498
5143,148575.0,299.1430748319724,1.0759467476671847,11171.01710910074,-266437.7272510044,170.45410464930012,0.07424062966562985
5144,148600.0,299.1449213646257,1.0759497018464526,11172.884717564211,-266437.72733438615,170.48379936818915,0.07424663530936183
5145,148625.0,299.1449273940276,1.0759531101826658,11174.752382072456,-266437.7272841366,170.5133343720689,0.07425371006607073
5146,148650.0,299.14564062411745,1.075956913282818,11176.62012198741,-266437.7272905738,170.54272919234504,0.0742616351272586
5147,148675.0,299.14653405393665,1.0759609571354567,11178.48793823113,-266437.72734759457,170.57195641278165,0.0742699219114219
5148,148700.0,299.14593622476843,1.0759649911309634,11180.355783437857,-266437.72739447793,170.6012016019939,0.07427794918107075
5149,148725.0,299.1451804243364,1.0759687559870545,11182.223656575896,-266437.72746966017,170.63047006174756,0.07428517177993527
5150,148750.0,299.1447826489353,1.075972030285381,11184.091523963605,-266437.7276014366,170.65977568368598,0.07429117381738173
5151,148775.0,299.14236197302,1.075974623641304,11185.95940389477,-266437.72767452773,170.68911410339024,0.07429563037008281
5152,148800.0,299.14271185238357,1.0759764677534118,11187.827316416364,-266437.72791335144,170.71856456491363,0.07429846736528883
5153,148825.0,299.1425188434871,1.0759775494114598,11189.695258719545,-266437.7281439982,170.74815791126633,0.07429967513905059
5154,148850.0,299.14118198312303,1.0759779420627218,11191.563229646077,-266437.72832403815,170.77792068322017,0.07429942353701907
5155,148875.0,299.14010652165746,1.0759778742565291,11193.431161962542,-266437.72848380526,170.80784494401342,0.07429820610292216
5156,148900.0,299.1398963562794,1.0759775703574426,11195.299138737419,-266437.7286475503,170.8378636161851,0.07429651509275419
5157,148925.0,299.13957701150304,1.075977334561199,11197.167162890823,-266437.7287506463,170.86776889841025,0.07429498106501228
5158,148950.0,299.13773436479926,1.0759773753957482,11199.035231228701,-266437.7287164018,170.89757487872328,0.07429400219680818
5159,148975.0,299.13980078850113,1.0759777718992245,11200.903310578786,-266437.72879925714,170.92719028501293,0.07429370497416023
5160,149000.0,299.14087787353856,1.0759787066459985,11202.771421395182,-266437.7287851999,170.95667144022477,0.07429443098882646
5161,149025.0,299.1396368496705,1.0759803229368459,11204.639563239933,-266437.72864603513,170.986069972233,0.07429650729691335
5162,149050.0,299.1403894933177,1.0759825230808957,11206.507720156407,-266437.7286199077,171.0153672952418,0.0742997903673575
5163,149075.0,299.14120946456217,1.07598513135812,11208.375907299935,-266437.72863413376,171.04452555693263,0.07430395597727861
5164,149100.0,299.13927333152617,1.0759878802194254,11210.244088141826,-266437.7285434818,171.07369026621492,0.07430846918360764
5165,149125.0,299.1396310790423,1.075990633823719,11212.112314680577,-266437.7286040941,171.10281559252806,0.07431310478771457
5166,149150.0,299.1385328422681,1.0759933677182114,11213.980579440913,-266437.728620331,171.13187769518098,0.07431789581317336
5167,149175.0,299.1383091956268,1.075996222329721,11215.848808395678,-266437.72872323275,171.16087682765738,0.07432316221620229
5168,149200.0,299.13698177758414,1.0759993139227442,11217.717038677732,-266437.7287878056,171.1897748606436,0.07432915889598249
5169,149225.0,299.13544060734995,1.0760026406834298,11219.585263935758,-266437.72885033855,171.21861389819475,0.07433588065764025
5170,149250.0,299.1348551978984,1.0760061550957258,11221.453527605338,-266437.7289712661,171.24745793676274,0.07434315097015409
5171,149275.0,299.13474139282016,1.0760098279195667,11223.321818171024,-266437.7291223576,171.27628186774945,0.0743507918922403
5172,149300.0,299.1333011677942,1.0760134821186929,11225.190131364237,-266437.729194858,171.30511873786975,0.07435835118242157
5173,149325.0,299.132928617446,1.0760168896405098,11227.05846282184,-266437.72931564884,171.33387264933646,0.07436529203710865
5174,149350.0,299.1326257236713,1.0760198482447663,11228.926830695884,-266437.7294464574,171.36266970119166,0.07437120019323674
5175,149375.0,299.13116311147587,1.0760222391164345,11230.795239319332,-266437.7295007407,171.39150547108454,0.07437586199124166
5176,149400.0,299.1299305494815,1.0760239401841476,11232.663665595686,-266437.72951878514,171.42039839849338,0.07437905917197865
5177,149425.0,299.1297646765159,1.0760249430925708,11234.532162578125,-266437.7295549281,171.44940131826965,0.07438079683275399
5178,149450.0,299.1328338773893,1.0760251731350965,11236.400724125095,-266437.72972581594,171.47862757662358,0.07438097843856603
5179,149475.0,299.133685146718,1.0760246361647359,11238.26932143305,-266437.72978000337,171.50796299144147,0.07437971769626772
5180,149500.0,299.1362314481115,1.0760235739561212,11240.137949536293,-266437.72990252863,171.5373975094255,0.07437752229299366
5181,149525.0,299.13803941895003,1.0760223182169042,11242.006510239715,-266437.73000490497,171.56687625447063,0.07437505519104595
5182,149550.0,299.1373318701522,1.0760212095954718,11243.87492896756,-266437.7300107726,171.59637229230177,0.07437299762042578
5183,149575.0,299.135325282793,1.0760203993698554,11245.743190448213,-266437.7299864971,171.62578322427984,0.07437170036008234
5184,149600.0,299.1369281019606,1.0760200163291542,11247.611282500135,-266437.730191257,171.65513055776276,0.07437151134683385
5185,149625.0,299.1354420831082,1.0760201546471266,11249.47922400576,-266437.7302914901,171.6844076770793,0.07437270793161078
5186,149650.0,299.1340572001155,1.076020904633378,11251.34704851151,-266437.7304338573,171.71351839901033,0.07437545479082325
5187,149675.0,299.1335856443072,1.0760223264584936,11253.214772102776,-266437.7306364047,171.74248056836288,0.0743798053199692
5188,149700.0,299.13324720273636,1.0760244638658698,11255.082412602145,-266437.7308187996,171.77134240958438,0.07438594327744591
5189,149725.0,299.13339374418734,1.0760273516377645,11256.949932934527,-266437.7309770393,171.80004696197815,0.07439405850995508
5190,149750.0,299.1349132269311,1.0760308917999095,11258.817325587335,-266437.7311231781,171.8285403323059,0.07440387574648434
5191,149775.0,299.1365006593476,1.0760349854904976,11260.68457513563,-266437.7312130844,171.85691085336413,0.07441505495634312
5192,149800.0,299.13835508344556,1.0760396450349825,11262.551743787122,-266437.7312768793,171.8850695529238,0.07442741600872974
5193,149825.0,299.1398320476189,1.0760447807085092,11264.418791899216,-266437.7313005393,171.9130425748941,0.07444050911307923
5194,149850.0,299.14122234706434,1.076050292524863,11266.285719653806,-266437.731338226,171.9408591014437,0.07445395264677578
5195,149875.0,299.1412669278931,1.07605609699769,11268.152523002924,-266437.73136186507,171.96859658147292,0.07446751250962282
5196,149900.0,299.1410921978705,1.0760620839586936,11270.019214146916,-266437.73143159534,171.9962093049195,0.07448090994804697
5197,149925.0,299.1411633503911,1.076068148390406,11271.885794303742,-266437.731563422,172.0238200659228,0.0744939899961524
5198,149950.0,299.1403597515547,1.0760742437007111,11273.75226220001,-266437.7316871836,172.05142322972367,0.0745068239405014
5199,149975.0,299.13998550679474,1.0760804536538457,11275.618594442856,-266437.7318549682,172.07894028782053,0.07451986083333335
5200,150000.0,299.13819453675563,1.0760869076459652,11277.484796382654,-266437.73194257537,172.10632678100367,0.07453361936807025
5201,150025.0,299.13892613622954,1.0760936311034213,11279.350887453067,-266437.7321122487,172.13372247955914,0.07454825772138923
5202,150050.0,299.13946815221976,1.0761004890127488,11281.216824996833,-266437.7322217953,172.16118050413223,0.07456348709078098
5203,150075.0,299.13985690231857,1.0761071976044065,11283.082621701162,-266437.73228926485,172.18882820554703,0.07457864014860366
5204,150100.0,299.13806506897197,1.076113426384886,11284.94829010045,-266437.73223062773,172.21664179039385,0.07459293256484152
5205,150125.0,299.13745505621705,1.076118956844666,11286.813867607794,-266437.73221403203,172.24453317633498,0.07460580810603153
5206,150150.0,299.13681816004083,1.076123739005185,11288.679302713945,-266437.7321814386,172.27269701670826,0.07461716753088793
5207,150175.0,299.13586366929064,1.0761278701996924,11290.54455843731,-266437.73211285536,172.30109871774192,0.07462729525089608
5208,150200.0,299.13836691482675,1.0761313039610927,11292.409666628306,-266437.7322002785,172.32960338484673,0.07463628297177963
5209,150225.0,299.1396767444656,1.076133978055022,11294.274644778281,-266437.73224368214,172.35815726525914,0.07464415630198339
5210,150250.0,299.14020986509286,1.0761357700377403,11296.13952225456,-266437.732301062,172.3868728761594,0.0746507671592145
5211,150275.0,299.14112906561763,1.0761366206190837,11298.004243835734,-266437.73243236775,172.41582529054747,0.07465602545408034
5212,150300.0,299.1394550462943,1.0761366052177244,11299.868814327101,-266437.73247370374,172.44494132783427,0.07466013025129485
5213,150325.0,299.1374710148317,1.0761359190640578,11301.73323535715,-266437.7325110281,172.47416850620127,0.07466361501086818
5214,150350.0,299.1366634183443,1.0761349500798973,11303.597520905947,-266437.7325643178,172.50358071652286,0.07466721188878236
5215,150375.0,299.1365656967662,1.076133944337934,11305.461665785568,-266437.7325856341,172.53309609950153,0.0746711830904908
5216,150400.0,299.136618343045,1.0761329930994818,11307.325710748295,-266437.73254903854,172.5625843620216,0.07467541460609546
5217,150425.0,299.1382743981728,1.0761322053788163,11309.189655547882,-266437.73254639405,172.5920093145522,0.07467946435415868
5218,150450.0,299.1392915678608,1.0761316217027521,11311.053485949833,-266437.732487865,172.62136700134127,0.07468267158459474
5219,150475.0,299.14005471564474,1.0761311120051078,11312.917204796588,-266437.73242536734,172.65062521966797,0.07468467713920816
5220,150500.0,299.1404244655556,1.0761306507693285,11314.780790945257,-266437.73237885477,172.67998157600718,0.07468565134393154
5221,150525.0,299.14026532324766,1.076130290501723,11316.64423337518,-266437.7323183967,172.70934360781314,0.07468607793948677
5222,150550.0,299.14267930863474,1.0761301799093745,11318.507581095575,-266437.7324135237,172.7386409460719,0.07468662786393515
5223,150575.0,299.14418997753944,1.0761305739535472,11320.370798291577,-266437.7325106083,172.76789897887957,0.07468803362685042
5224,150600.0,299.1447494821051,1.0761315813078143,11322.233854323673,-266437.7326016748,172.7970094402552,0.0746907494736842
5225,150625.0,299.1443128055235,1.0761332750350803,11324.096746301031,-266437.73266081465,172.82599895624446,0.074695122655951
5226,150650.0,299.1449951376824,1.0761357646196026,11325.959500088997,-266437.7327697533,172.8547964880429,0.07470156660927237
5227,150675.0,299.14518035972947,1.076138984060188,11327.822096073933,-266437.73283481586,172.88336699859732,0.07471004762815607
5228,150700.0,299.14629062446596,1.076142729585006,11329.684518872351,-266437.7329357113,172.91168116421244,0.07472016861095174
5229,150725.0,299.1461839480559,1.0761467567240273,11331.546784383338,-266437.73297681665,172.93982016169537,0.07473125309114086
5230,150750.0,299.14491691569475,1.076150712100936,11333.408889043942,-266437.73295219225,172.9679531715415,0.07474236946409227
5231,150775.0,299.14602197935767,1.0761541494011206,11335.270878337957,-266437.73302712495,172.99616805530073,0.0747523865953109
5232,150800.0,299.14709885253825,1.0761566973692585,11337.132740446179,-266437.73309008556,173.02446940620425,0.07476028020893051
5233,150825.0,299.1470617930199,1.0761580524137047,11338.994482452017,-266437.733069434,173.0529935801809,0.07476524430008917
5234,150850.0,299.1464183900031,1.0761580827761854,11340.856123970492,-266437.73301098397,173.08186592015286,0.07476716803565744
5235,150875.0,299.1469058404633,1.0761568948306588,11342.71765344548,-266437.73298239766,173.11106894200412,0.07476648663101604
5236,150900.0,299.1478931463941,1.0761547384634962,11344.57906584607,-266437.73296973476,173.14038662090258,0.07476373171663166
5237,150925.0,299.1473670974925,1.0761518746977212,11346.440341667087,-266437.73288548447,173.16978445220826,0.07475933836069747
5238,150950.0,299.1466864558756,1.0761483993128453,11348.301477453304,-266437.73280524294,173.19930633975954,0.07475347496341542
5239,150975.0,299.1454640680024,1.076144319974554,11350.162490982608,-266437.7327091287,173.22898716342243,0.0747463199745547
5240,151000.0,299.14415242612716,1.0761397714812688,11352.023383720765,-266437.7325911883,173.25879881581128,0.07473838987470585
5241,151025.0,299.1448991210732,1.0761350162787733,11353.884129602671,-266437.73257066344,173.28855532144223,0.07473036798931706
5242,151050.0,299.1448617654013,1.0761302688664245,11355.744743504838,-266437.73249252996,173.31829057238224,0.0747227805963507
5243,151075.0,299.14627365681395,1.0761256823671492,11357.605212645665,-266437.73245614057,173.34789790503433,0.07471585259344013
5244,151100.0,299.14696801067663,1.0761212964092781,11359.465582031433,-266437.73236018454,173.37733919447095,0.07470963349221481
5245,151125.0,299.1489953620534,1.0761168848011178,11361.32581328038,-266437.73233773373,173.40684200590925,0.07470380632863134
5246,151150.0,299.15127658427014,1.0761123047455683,11363.185909306436,-266437.7323768346,173.4362573744362,0.07469807553522648
5247,151175.0,299.1524631652056,1.0761075644054872,11365.045856286051,-266437.7324337845,173.4656378366997,0.07469214208587399
5248,151200.0,299.15102406896534,1.0761026998158374,11366.90566723602,-266437.7324371311,173.49506962507144,0.07468574306217059
5249,151225.0,299.15044342114265,1.0760978994285708,11368.765360182133,-266437.7325515875,173.52460408292063,0.07467886876190477
5250,151250.0,299.14993455227557,1.0760933091474634,11370.62492444186,-266437.7327017078,173.55419607998476,0.07467163041960262
5251,151275.0,299.1489657758312,1.0760891396293468,11372.484347683143,-266437.73282202036,173.58377143634172,0.0746644570322417
5252,151300.0,299.14957211618736,1.076085530427057,11374.343653097,-266437.732995828,173.61320364915287,0.07465773456437592
5253,151325.0,299.1485857509197,1.076082460791777,11376.202846327027,-266437.7330406993,173.64242568944297,0.07465164071818298
5254,151350.0,299.147607524199,1.076079921027592,11378.061900480088,-266437.7330359976,173.67153695705676,0.07464632584839836
5255,151375.0,299.1478812681378,1.0760777787924902,11379.92083599097,-266437.7330590438,173.7006429145104,0.07464172311009641
5256,151400.0,299.14813164631266,1.076075817576564,11381.779638228812,-266437.73304047005,173.72973431215522,0.0746375600152178
5257,151425.0,299.1490416802965,1.0760739168251545,11383.638293762495,-266437.7330040734,173.75887572733612,0.07463365246608344
5258,151450.0,299.15007959333184,1.0760720432274824,11385.496840546848,-266437.7329082686,173.7880127769538,0.07462991189706536
5259,151475.0,299.1518689201519,1.0760701821292769,11387.35524542526,-266437.7327907163,173.8171019878327,0.07462626926489228
5260,151500.0,299.15337343971345,1.076068309953747,11389.213494599291,-266437.73261578934,173.8460848896281,0.07462267464993982
5261,151525.0,299.1558948154692,1.076066263207905,11391.071653577323,-266437.7324923985,173.87506019441275,0.0746188989611048
5262,151550.0,299.15765599752973,1.07606398258281,11392.929694719844,-266437.7323769715,173.90407001475708,0.07461482139464186
5263,151575.0,299.15709079299626,1.0760614554204653,11394.787657415121,-266437.73223190557,173.93305196909827,0.07461043800658562
5264,151600.0,299.15723722177887,1.07605858170307,11396.64548671191,-266437.73220956017,173.9620479932257,0.07460565527065528
5265,151625.0,299.1566009251169,1.076055547854158,11398.503185336916,-266437.7322267852,173.99111520432967,0.07460073559944297
5266,151650.0,299.1541574782607,1.0760526720460721,11400.360747920677,-266437.7322163156,174.02008165438897,0.0745960489842415
5267,151675.0,299.1531609893696,1.0760501957732211,11402.218188458024,-266437.73230669467,174.04902605251834,0.07459191945077197
5268,151700.0,299.1512266459794,1.0760481600556708,11404.075523902487,-266437.7323298224,174.07787515619663,0.07458836110583919
5269,151725.0,299.14911014592013,1.0760465855787469,11405.932724680304,-266437.7322798073,174.10663283048703,0.07458538096141683
5270,151750.0,299.1479205912222,1.0760453095554283,11407.789807119181,-266437.7321784293,174.13531770638082,0.07458269442863467
5271,151775.0,299.1498608278956,1.0760440678426901,11409.646714908042,-266437.73209882417,174.16389208415526,0.07457988562215478
5272,151800.0,299.1525720755419,1.0760426144509758,11411.503486214084,-266437.73196393595,174.1924966501675,0.0745766361337632
5273,151825.0,299.156008983567,1.0760408754898236,11413.360134811439,-266437.7318172483,174.2210081036531,0.07457290355201618
5274,151850.0,299.1577404243284,1.0760388283096358,11415.216627481617,-266437.7316034757,174.24954288018955,0.07456870710900473
5275,151875.0,299.1578174347357,1.076036436062673,11417.072986986139,-266437.73136609193,174.27821273275208,0.07456401213040181
5276,151900.0,299.1584475829699,1.076033665466489,11418.929222390916,-266437.7312353928,174.3071354423599,0.07455874398332385
5277,151925.0,299.1585380530502,1.0760304593911827,11420.785329737755,-266437.7311580304,174.33628595509663,0.07455277409372237
5278,151950.0,299.1574010289194,1.0760268357643485,11422.641329181575,-266437.731104376,174.3655358372798,0.07454609894550734
5279,151975.0,299.1551672520831,1.076022806818181,11424.497207704204,-266437.73106257914,174.39488191357324,0.07453874305555555
5280,152000.0,299.1518385871992,1.076018458372782,11426.352950405202,-266437.7309675411,174.4242529715963,0.07453088922552546
5281,152025.0,299.15009865795764,1.0760141071563794,11428.208553847508,-266437.7309021207,174.45357730108546,0.07452299286886281
5282,152050.0,299.1498464831849,1.0760100044166816,11430.06403417027,-266437.7308248946,174.4828496076724,0.07451541478957663
5283,152075.0,299.15164236809215,1.0760062431238953,11431.919374597377,-266437.73076544,174.51209675378502,0.07450830141307091
5284,152100.0,299.1543878934719,1.0760027875118252,11433.77456854157,-266437.730686298,174.54121156707663,0.07450167669504888
5285,152125.0,299.15619281277566,1.0759994847395629,11435.629642990516,-266437.73054018506,174.5703273874385,0.07449542981460461
5286,152150.0,299.1564789561186,1.0759961099552353,11437.484602720167,-266437.73033896065,174.5994026722779,0.07448933963810604
5287,152175.0,299.15950084322975,1.0759924507690362,11439.339418382853,-266437.73032691976,174.62857119641956,0.07448315740040343
5288,152200.0,299.158515193294,1.0759885860591156,11441.194135737856,-266437.73019474413,174.65792055183715,0.0744769723955379
5289,152225.0,299.15696802671687,1.0759846972904843,11443.048721825242,-266437.7301216922,174.6874331568998,0.07447095979836167
5290,152250.0,299.15371860927337,1.0759809293139284,11444.903201988634,-266437.7300151991,174.7169399150759,0.07446511988911987
5291,152275.0,299.15198441603656,1.075977452632904,11446.757555617636,-266437.7299796079,174.74639155341396,0.07445944589317206
5292,152300.0,299.151585500661,1.0759745162793617,11448.611786540121,-266437.7299696143,174.77583806977768,0.07445421040367779
5293,152325.0,299.15146677792444,1.0759722760987271,11450.465894836832,-266437.7298966601,174.80505461774334,0.07444972547538091
5294,152350.0,299.1534353065783,1.0759708059175312,11452.319862789964,-266437.72986701323,174.83417184721435,0.07444623563109849
5295,152375.0,299.1556765624368,1.0759700714375622,11454.173710238205,-266437.72980197356,174.86318338425227,0.0744438393126888
5296,152400.0,299.1588581345413,1.0759699231640543,11456.02745234539,-266437.7297900545,174.89208089767794,0.07444243244603863
5297,152425.0,299.15924538291154,1.0759703554171376,11457.88106142718,-266437.72969359544,174.9207882434252,0.074442139738266
5298,152450.0,299.1605707929795,1.0759713661068118,11459.734543567567,-266437.7297052907,174.94943198597218,0.07444307630370509
5299,152475.0,299.1608454283645,1.0759729503773576,11461.587883758591,-266437.72974646266,174.9780619718239,0.07444530886792451
5300,152500.0,299.16126211387757,1.0759750636357912,11463.441107214023,-266437.72987604584,175.00667750204366,0.07444877821794628
5301,152525.0,299.16050522702096,1.0759775903432658,11465.29421435349,-266437.7300291561,175.035266128002,0.0744532561926317
5302,152550.0,299.16013399138825,1.0759804205166879,11467.147239716864,-266437.73024703044,175.06387999094855,0.07445850656860895
5303,152575.0,299.1569116456131,1.0759835662393156,11469.000151137103,-266437.7303136002,175.09239120098042,0.07446460784313724
5304,152600.0,299.1549226221172,1.0759868358152678,11470.852931980622,-266437.7303664001,175.1208604676092,0.074471183600377
5305,152625.0,299.1564780586754,1.0759899251162197,11472.705541815467,-266437.7304604069,175.1492955577334,0.07447756169116723
5306,152650.0,299.15759791005564,1.0759925755291744,11474.557997249394,-266437.73041894403,175.17782392073366,0.07448316701212235
5307,152675.0,299.15902282472973,1.075994501883948,11476.410319401508,-266437.7303166609,175.2064083062045,0.07448726764632001
5308,152700.0,299.15945734727165,1.0759954229296156,11478.262510255076,-266437.7301300469,175.23523372763233,0.07448926345199974
5309,152725.0,299.16344741983653,1.0759951737602,11480.11455052069,-266437.7301082867,175.26426893408666,0.07448897143753923
5310,152750.0,299.1666529941628,1.0759937995355542,11481.966462740515,-266437.7301179161,175.29358980361516,0.07448673275591539
5311,152775.0,299.1681980906122,1.0759913692269067,11483.818217163442,-266437.7301706832,175.32305768204068,0.07448294785391565
5312,152800.0,299.16820635491536,1.075988054206662,11485.669835581191,-266437.7302998938,175.3526805320911,0.07447807114624504
5313,152825.0,299.1650482825866,1.0759840624137489,11487.521484644123,-266437.73037416936,175.38248193777446,0.07447251574457407
5314,152850.0,299.16037185475045,1.0759797609281898,11489.373153067645,-266437.7303817816,175.41239191646287,0.0744669396048918
5315,152875.0,299.1600419727236,1.0759756276649102,11491.224821645195,-266437.7305559479,175.44218770253326,0.07446196450965636
5316,152900.0,299.15945196928067,1.0759719959877116,11493.07649888274,-266437.730608583,175.47181013046207,0.07445793204187823
5317,152925.0,299.16018744584403,1.0759689827629426,11494.92820254247,-266437.7306298582,175.50132239068574,0.07445489670302116
5318,152950.0,299.16133620066404,1.075966584571034,11496.77993087144,-266437.73055908113,175.53066945390742,0.07445269505546154
5319,152975.0,299.1638923862779,1.075964840977443,11498.63169203174,-266437.73048637266,175.55982639636596,0.0744512143483709
5320,153000.0,299.1649599939858,1.0759637965294737,11500.483484719449,-266437.73031385127,175.58873776877783,0.07445047710330137
5321,153025.0,299.167223783665,1.0759634704371783,11502.335259149917,-266437.7302157715,175.61745887824128,0.07445062463985969
5322,153050.0,299.1679469580434,1.0759638189617375,11504.187020949063,-266437.7301020732,175.64602368326135,0.0744515748637986
5323,153075.0,299.1678146244049,1.075964686576508,11506.038794034597,-266437.7300138529,175.6744796025545,0.07445302523165538
5324,153100.0,299.1684324247258,1.0759658986541465,11507.890599671398,-266437.7300156499,175.70290916794997,0.07445476137715179
5325,153125.0,299.1684250066964,1.0759672297534102,11509.742417945148,-266437.730021358,175.73138826780576,0.07445644404806608
5326,153150.0,299.1686799448717,1.0759684017896245,11511.594239751366,-266437.73007595004,175.7597539070146,0.07445767054627368
5327,153175.0,299.1683762909156,1.075969193255755,11513.446065805403,-266437.73011292587,175.78805582169673,0.07445815884634634
5328,153200.0,299.16816668718303,1.075969508413085,11515.297893419876,-266437.73016357084,175.81653092593987,0.07445778595108525
5329,153225.0,299.16834279412103,1.0759693337711063,11517.14977137427,-266437.7302337403,175.8451327908068,0.07445656147592244
5330,153250.0,299.16857619302164,1.0759686210216963,11519.001688774186,-266437.73032146925,175.87387173650978,0.07445443375226661
5331,153275.0,299.16797738465834,1.0759673572768185,11520.85363245465,-266437.7303505569,175.90269391960496,0.07445142073018253
5332,153300.0,299.16716764735264,1.0759656627914238,11522.705584411186,-266437.73032884917,175.9317001126321,0.07444783036439775
5333,153325.0,299.1677567247841,1.0759637315335577,11524.557558487038,-266437.73031300824,175.96084715035624,0.07444414854393198
5334,153350.0,299.16710257225833,1.075961753764448,11526.409562337369,-266437.7301624497,175.99004376607314,0.07444080843486409
5335,153375.0,299.16907273987977,1.0759598595702142,11528.261575539766,-266437.7300646556,176.01923141622945,0.07443798631934032
5336,153400.0,299.1719748926985,1.0759580835675466,11530.11357995975,-266437.7299551875,176.04851051514592,0.07443561157953904
5337,153425.0,299.1728525244783,1.0759563584363674,11531.9655744118,-266437.72974038386,176.07774655064327,0.07443330972898711
5338,153450.0,299.1753556220263,1.0759546487482043,11533.817569641917,-266437.7296173601,176.10697443041778,0.0744308130111756
5339,153475.0,299.1761584983143,1.075952941073657,11535.66959085684,-266437.72943391115,176.13621528682907,0.07442807883895128
5340,153500.0,299.1774995987639,1.0759511686325898,11537.521621910788,-266437.72932659346,176.1655001801786,0.07442508675029642
5341,153525.0,299.17769092755486,1.0759492741794576,11539.373660133506,-266437.72924466536,176.19484632503443,0.07442177898415073
5342,153550.0,299.17806891240843,1.0759471621436139,11541.225724416283,-266437.72925634834,176.22430897860139,0.07441795838792187
5343,153575.0,299.17728734786647,1.075944900449101,11543.077814443213,-266437.7292875192,176.2537962189996,0.07441365281936124
5344,153600.0,299.17607814062956,1.075942549298409,11544.929912992055,-266437.7293323204,176.28324002139084,0.07440895840349233
5345,153625.0,299.1745884821047,1.075940178077066,11546.78202383443,-266437.72935956833,176.31263389350306,0.07440404913330836
5346,153650.0,299.1748131406393,1.0759378656567538,11548.634125938383,-266437.7294238207,176.34197768056868,0.07439912854560186
5347,153675.0,299.17528030135844,1.0759355570929936,11550.486208177363,-266437.72942572035,176.3712162015708,0.07439418792071799
5348,153700.0,299.1749424326662,1.075933210444319,11552.338305469159,-266437.72929519584,176.40038969595577,0.07438922602355577
5349,153725.0,299.1760367641118,1.0759306966355133,11554.190393917108,-266437.7291471967,176.42951090691602,0.0743840702180685
5350,153750.0,299.17798542428176,1.075927854419734,11556.042537611323,-266437.7289544794,176.45872019124167,0.07437846838597142
5351,153775.0,299.18134118497727,1.075924570752366,11557.894762302853,-266437.72880270664,176.48799301968126,0.07437227061534625
5352,153800.0,299.1818303792886,1.07592081891774,11559.747029340657,-266437.7285303417,176.51730676081962,0.07436548751478918
5353,153825.0,299.18294281758165,1.0759168099863023,11561.599359960255,-266437.72834173875,176.5467301221518,0.07435850186776238
5354,153850.0,299.1830028924367,1.075912849112978,11563.451724116689,-266437.72814153484,176.5761506125118,0.07435185496420788
5355,153875.0,299.1816915304329,1.075909149365197,11565.304139642496,-266437.7279025086,176.60552353273602,0.07434593434154839
5356,153900.0,299.1817756537861,1.0759058150706233,11567.156582469643,-266437.7277685743,176.63476216252892,0.07434095849667098
5357,153925.0,299.1800998697895,1.0759028926838363,11569.00908058757,-266437.7276055281,176.6638956661069,0.07433694749284554
5358,153950.0,299.17931237457213,1.0759002986253647,11570.861626040032,-266437.7275358437,176.6929668844313,0.07433363426012311
5359,153975.0,299.1781335790421,1.0758979559079593,11572.714263544938,-266437.7274817325,176.7219232525499,0.07433060939054721
5360,154000.0,299.1761266294844,1.0758958951066335,11574.566967459217,-266437.727404325,176.75078332997592,0.0743277080768513
5361,154025.0,299.1755595665794,1.0758941978117609,11576.419720133756,-266437.72739299753,176.7795750388538,0.07432500553276136
5362,154050.0,299.17537049505853,1.0758929931630297,11578.272501883499,-266437.7273836167,176.80823013151857,0.07432274224625517
5363,154075.0,299.17448158047455,1.0758923726696488,11580.125310750534,-266437.72730627074,176.8367353471913,0.07432116424310212
5364,154100.0,299.1755694627522,1.0758922524386447,11581.978149153565,-266437.7272852599,176.86516420118065,0.0743202651755203
5365,154125.0,299.1767447890419,1.0758924088706663,11583.830999980037,-266437.7272448446,176.89360548030825,0.07431980426139889
5366,154150.0,299.17760814713347,1.0758926573504743,11585.683865099536,-266437.7272063852,176.92216684591034,0.0743195488478976
5367,154175.0,299.1783985368229,1.0758928204172868,11587.53676690913,-266437.7271970478,176.95078127993062,0.07431921280427219
5368,154200.0,299.17632316694585,1.0758927533370577,11589.389685731398,-266437.7270868261,176.9795271207551,0.07431855292729865
5369,154225.0,299.1758877704529,1.0758923741154556,11591.242642445663,-266437.72709109297,177.00846553507154,0.07431748497827433
5370,154250.0,299.17602825842465,1.0758918419909382,11593.095627870267,-266437.727143844,177.03750738565148,0.07431633190591444
5371,154275.0,299.1730531782698,1.0758914138744098,11594.948656750536,-266437.72703951097,177.06637494291402,0.074315594564408
5372,154300.0,299.1728124093304,1.0758912041689923,11596.801678247944,-266437.72704766167,177.09510089695405,0.07431549109746259
5373,154325.0,299.17228275995507,1.0758913905842942,11598.654747098477,-266437.72699959733,177.12363617187708,0.07431636186577345
5374,154350.0,299.173852500961,1.0758920156279064,11600.507851294116,-266437.7270096904,177.15211977203117,0.07431812787596895
5375,154375.0,299.1750206739829,1.0758928956473208,11602.361022418132,-266437.7269829649,177.1805101507318,0.07432023152281741
5376,154400.0,299.17577327468825,1.0758936684644467,11604.214219657159,-266437.7269581866,177.20893957646783,0.07432181811419003
5377,154425.0,299.1762786085283,1.075893965166728,11606.067435123008,-266437.7269489127,177.2374770956367,0.07432213567621168
5378,154450.0,299.17656226417523,1.0758935711718405,11607.920677445907,-266437.72696675395,177.26618654836724,0.07432084501456276
5379,154475.0,299.17712866555115,1.0758924276951665,11609.773955083681,-266437.7270291207,177.2949699256507,0.07431803897149936
5380,154500.0,299.1762711110076,1.0758906367465766,11611.627256584501,-266437.7270333896,177.32385972124155,0.0743142117326395
5381,154525.0,299.1744351077044,1.0758883968165482,11613.480584050205,-266437.7269989476,177.3528688795988,0.07431001220116434
5382,154550.0,299.1735934093749,1.0758859565917387,11615.333946620944,-266437.726993545,177.3819730731316,0.07430592872623688
5383,154575.0,299.17226537283284,1.0758835151683994,11617.187338150668,-266437.72695331904,177.41122308964847,0.07430211007924711
5384,154600.0,299.17216714794154,1.0758812639430508,11619.040593139622,-266437.72695373005,177.44052752745293,0.07429865663881148
5385,154625.0,299.1725351092336,1.0758794028345084,11620.893722882944,-266437.72696381103,177.46979686532998,0.07429576383215741
5386,154650.0,299.1734345314025,1.0758779068126965,11622.746718687433,-266437.7269893576,177.49898177612783,0.07429331309943689
5387,154675.0,299.1735191781116,1.0758766382702294,11624.599580264266,-266437.7269781619,177.5281347386168,0.07429095978718137
5388,154700.0,299.1731287553656,1.075875492422836,11626.452360430976,-266437.7269321772,177.55726755458664,0.07428849124760312
5389,154725.0,299.17359215813207,1.0758744277674699,11628.305174506098,-266437.7269287266,177.58618093382822,0.07428588274582558
5390,154750.0,299.172492581339,1.0758734556977672,11630.157991433969,-266437.72686151357,177.6150675107279,0.07428326593705556
5391,154775.0,299.1710877759641,1.0758725174332335,11632.010809691925,-266437.726786598,177.64396605749272,0.07428065337537089
5392,154800.0,299.17077613659654,1.075871539279312,11633.86365174798,-266437.726744546,177.6728467043082,0.07427803053340748
5393,154825.0,299.1701305197748,1.075870442652329,11635.716510067705,-266437.7266580929,177.7017891001732,0.07427534229390678
5394,154850.0,299.17131630200777,1.0758691107815872,11637.569366683447,-266437.7266469731,177.73072841155405,0.07427246666666665
5395,154875.0,299.1724744624411,1.075867569434148,11639.422232760724,-266437.7266223443,177.75971824061048,0.07426942846553
5396,154900.0,299.1720602442095,1.0758660525600636,11641.275118835749,-266437.7265436823,177.78870562207413,0.0742665601259959
5397,154925.0,299.17337395158677,1.0758647001976034,11643.128015851957,-266437.7265557466,177.81759617358293,0.0742640008645177
5398,154950.0,299.174487821016,1.0758635606593807,11644.98091275808,-266437.7265639476,177.84650404735459,0.0742617294560721
5399,154975.0,299.17583842333306,1.0758625678395055,11646.833829861333,-266437.7265972228,177.87538177561743,0.07425953543209875
5400,155000.0,299.1762020011724,1.07586164481886,11648.686790801432,-266437.7266111991,177.90416447429502,0.07425727680059245
5401,155025.0,299.1748040104897,1.075860690731827,11650.539768130606,-266437.7265769628,177.93302381235355,0.07425484073799825
5402,155050.0,299.1752933499288,1.0758595546918372,11652.392783697489,-266437.72666805534,177.96196238879645,0.07425203683138994
5403,155075.0,299.17477027720184,1.0758580928324692,11654.245782733567,-266437.726708997,177.99094929768086,0.07424866703676286
5404,155100.0,299.174555144619,1.0758562403330245,11656.098785441849,-266437.7267499235,178.02002295121812,0.07424463632439096
5405,155125.0,299.1740445992722,1.0758541544580091,11657.951799917966,-266437.72675807803,178.0491471832533,0.07424021611789366
5406,155150.0,299.1744500242276,1.0758520232414768,11659.804827954478,-266437.72678356816,178.07823592152158,0.07423573676098881
5407,155175.0,299.17588674426753,1.0758499434787965,11661.657865207137,-266437.7268206058,178.10722332741628,0.0742313794378698
5408,155200.0,299.17837071775415,1.0758479036174273,11663.5109224687,-266437.72688073944,178.1361988637457,0.07422714377272444
5409,155225.0,299.17943213074534,1.0758459240295746,11665.364030667259,-266437.7268715347,178.16512941731372,0.07422304818237828
5410,155250.0,299.1809472557135,1.0758441606603828,11667.21716434606,-266437.72690468543,178.19393523359832,0.07421927567301173
5411,155275.0,299.1801714203004,1.0758427342325692,11669.070331456614,-266437.7268242645,178.22267105937433,0.07421600763734908
5412,155300.0,299.17994639860814,1.0758417650717405,11670.923527413424,-266437.7267708146,178.25125937816378,0.07421351259313995
5413,155325.0,299.17937856292315,1.0758412744735866,11672.776779772355,-266437.7267000683,178.27973509752505,0.07421190678487868
5414,155350.0,299.1780056249921,1.0758412821175745,11674.63011719505,-266437.72656971426,178.30806568556488,0.07421123779624497
5415,155375.0,299.17906875547743,1.075841897648941,11676.483505834847,-266437.7265259576,178.33632718666925,0.074211706117676
5416,155400.0,299.1803907965662,1.075843225278444,11678.336920500806,-266437.7264591415,178.3644796459296,0.0742135474124669
5417,155425.0,299.1813363725235,1.075845360280546,11680.190344516894,-266437.72637120145,178.39239910957315,0.07421698504983386
5418,155450.0,299.1817667083716,1.075848273789752,11682.043764750113,-266437.72626791586,178.42022823054694,0.0742220059666605
5419,155475.0,299.1811161846862,1.0758518427429271,11683.897207536322,-266437.7261281524,178.4479520178353,0.07422842232472322
5420,155500.0,299.1808423566991,1.0758558324417387,11685.750674712328,-266437.7260307144,178.47566094361446,0.07423579905306521
5421,155525.0,299.1809484714126,1.0758601421984506,11687.6041793429,-266437.7259986326,178.5033648170418,0.07424400971351283
5422,155550.0,299.17901206140493,1.0758646864589094,11689.45770671938,-266437.7259300669,178.5311515008299,0.0742529617063126
5423,155575.0,299.17774914829135,1.0758693896263518,11691.311268263065,-266437.7259152998,178.55899869929954,0.07426254240412977
5424,155600.0,299.1763330427034,1.0758742801843317,11693.164865028362,-266437.72589285765,178.58679214574514,0.0742728148079877
5425,155625.0,299.1758535291803,1.0758792693205552,11695.018496251174,-266437.7259030599,178.6146604445879,0.07428351763115859
5426,155650.0,299.175416561329,1.075884170075548,11696.872142169805,-266437.7259017418,178.64247392322352,0.07429417302377002
5427,155675.0,299.1754110224759,1.075888747543601,11698.725807566483,-266437.7258985052,178.67030549686822,0.07430422562024071
5428,155700.0,299.1752362708293,1.0758926855160558,11700.579490966267,-266437.7258588143,178.69824764652802,0.07431294075029161
5429,155725.0,299.17583065788807,1.0758956260282382,11702.433187025574,-266437.7258536684,178.7263617713936,0.07431948164518107
5430,155750.0,299.1767740656108,1.0758975249493647,11704.286904643503,-266437.7258772945,178.7546668183884,0.07432378923464061
5431,155775.0,299.17739838193404,1.075898572533137,11706.140698990524,-266437.72588940593,178.78312265562113,0.07432634186303384
5432,155800.0,299.1786928017668,1.0758990337444014,11707.9945452422,-266437.7259379415,178.81175356966696,0.07432768378428121
5433,155825.0,299.1785706046495,1.0758991713900135,11709.848402495436,-266437.72590786463,178.84044803103924,0.07432828640657585
5434,155850.0,299.1791124816312,1.0758992661760196,11711.702336486267,-266437.72588354856,178.86908746783206,0.07432856792394968
5435,155875.0,299.1789242346086,1.075899530169242,11713.556307441722,-266437.7257883406,178.89757686712056,0.07432880334805
5436,155900.0,299.17976741150125,1.0758999690392985,11715.410337038722,-266437.72569891537,178.92591213291655,0.07432896517687447
5437,155925.0,299.1819219924602,1.0759005667524824,11717.264377588734,-266437.7256497492,178.95413083480457,0.07432913987985776
5438,155950.0,299.1828421581784,1.0759013887356743,11719.11844234434,-266437.7255316546,178.98226474811557,0.07432968695225836
5439,155975.0,299.1818626925856,1.0759023688725489,11720.972547629019,-266437.72530637303,179.0103787432599,0.07433070061274506
5440,156000.0,299.1811388004041,1.0759034133431353,11722.826674174024,-266437.72507351637,179.03846479611602,0.07433207639527045
5441,156025.0,299.18166040352787,1.0759044277226508,11724.680852833002,-266437.7248809419,179.0665258148966,0.07433356406958223
5442,156050.0,299.18349846689915,1.0759054954988057,11726.535049755685,-266437.7247707305,179.09464930565264,0.07433518384469345
5443,156075.0,299.18328073493734,1.0759067724099927,11728.389295623963,-266437.72457828233,179.1226802560006,0.07433709668136171
5444,156100.0,299.18372172641546,1.0759083224977042,11730.24357648611,-266437.72444521013,179.15062566225907,0.07433935843281295
5445,156125.0,299.18407638799096,1.0759102532133675,11732.097920414653,-266437.7243389648,179.17853668404956,0.0743422275676337
5446,156150.0,299.18315268110865,1.075912686371703,11733.952311524301,-266437.7241868617,179.20633707857547,0.07434610684780611
5447,156175.0,299.182933594897,1.0759154814610865,11735.806707584838,-266437.7240807028,179.234185132587,0.07435083657611354
5448,156200.0,299.1835727010459,1.0759183302134945,11737.661204209677,-266437.7240300212,179.2620381777697,0.07435582816418912
5449,156225.0,299.18289756422,1.075920897798165,11739.515732675816,-266437.7239143735,179.28990858434258,0.07436039975535165
5450,156250.0,299.18210904647447,1.07592289041766,11741.37034144338,-266437.7237930353,179.31793960080728,0.07436391279887479
5451,156275.0,299.18190199547547,1.0759241227684027,11743.224978345415,-266437.723694669,179.34610530105167,0.07436597811200779
5452,156300.0,299.18139512726924,1.0759246381808176,11745.079662538395,-266437.723546672,179.37435911907826,0.07436669820893693
5453,156325.0,299.18331198087014,1.0759244647964794,11746.934399416428,-266437.7235114141,179.40262809986564,0.07436611416697222
5454,156350.0,299.183702903269,1.0759237346165595,11748.78911838036,-266437.7233921483,179.43102277665758,0.07436444002444237
5455,156375.0,299.18198306671536,1.0759227014907133,11750.643871307771,-266437.72314882744,179.45938463337006,0.07436208492179859
5456,156400.0,299.18067400830716,1.0759216323987535,11752.498622855268,-266437.7229132312,179.48771977441828,0.07435945128581024
5457,156425.0,299.17989274917534,1.0759208004763645,11754.353395646673,-266437.7226891723,179.5160814968243,0.07435704195676068
5458,156450.0,299.1808622774621,1.0759201928924707,11756.208222087173,-266437.72252053226,179.54442827599692,0.07435493332112104
5459,156475.0,299.1821457866909,1.0759197439560435,11758.063075745398,-266437.72235767747,179.57270192423695,0.07435307826617824
5460,156500.0,299.18175636037336,1.0759195467863025,11759.917780547801,-266437.7221014165,179.60094860703177,0.07435171555881093
5461,156525.0,299.1819796266323,1.0759196270596847,11761.77236780597,-266437.72187194903,179.62916114378137,0.074350930733553
5462,156550.0,299.18359238794295,1.0759198879736405,11763.626828981916,-266437.72173409036,179.65739047257316,0.07435054908780277
5463,156575.0,299.184270058687,1.0759202144948752,11765.481169086544,-266437.7215905629,179.68567157387758,0.07435034644948753
5464,156600.0,299.18333426971617,1.075920509911558,11767.33538474673,-266437.72142230906,179.71393345611475,0.07435011759682827
5465,156625.0,299.1834197891204,1.0759208331503838,11769.189607494854,-266437.7213474971,179.74211943816326,0.07434992090498839
5466,156650.0,299.1817619851226,1.0759213759526856,11771.043862143262,-266437.7211984029,179.7702861699897,0.07435010407901955
5467,156675.0,299.18330088478393,1.075922232260424,11772.898134123363,-266437.7212322456,179.79843695049996,0.07435085893684465
5468,156700.0,299.1834432888399,1.0759234371304927,11774.752441981083,-266437.72121084033,179.82636924337183,0.07435229018102027
5469,156725.0,299.1825397553319,1.075924855027422,11776.606789742025,-266437.721155165,179.85423239219998,0.0743541778184034
5470,156750.0,299.18154537537293,1.0759263427161392,11778.461183447613,-266437.7211166458,179.88213469097676,0.07435629494912567
5471,156775.0,299.1800238782283,1.075927757614522,11780.315567588856,-266437.72103816445,179.91005695315556,0.07435840935672514
5472,156800.0,299.17877123941753,1.0759290565807904,11782.169944183914,-266437.72094067896,179.93807007320797,0.07436047987088128
5473,156825.0,299.17915993094607,1.0759301900499327,11784.024359988349,-266437.720873676,179.96611791523577,0.07436243009377663
5474,156850.0,299.17967718867556,1.0759311786910195,11785.878795390177,-266437.72075342515,179.99422917132432,0.0743643022222222
5475,156875.0,299.1822490604454,1.0759321513270024,11787.733217806348,-266437.7206902854,180.02225760506465,0.07436631361090819
5476,156900.0,299.18481392337634,1.0759330816748827,11789.587663609316,-266437.7206347762,180.05028679276987,0.07436838634288842
5477,156925.0,299.1871264395763,1.0759340422903734,11791.44211276358,-266437.72062112135,180.0783198669832,0.07437055920652304
5478,156950.0,299.1882132196871,1.0759351188781405,11793.296555154997,-266437.7206435942,180.1063196307113,0.07437295066009611
5479,156975.0,299.18756859470784,1.075936227493917,11795.15102964396,-266437.72068886907,180.13436435346725,0.07437529750608271
5480,157000.0,299.18659552003874,1.075937279571854,11797.005497533642,-266437.7207835406,180.16243234780768,0.074377316487259
5481,157025.0,299.18646673020777,1.0759381186306698,11798.859995506184,-266437.720956084,180.1906223699989,0.0743786796181442
5482,157050.0,299.1845755695785,1.075938584655602,11800.714507215374,-266437.72105067223,180.21889696401007,0.07437908918475285
5483,157075.0,299.1823312856186,1.0759385397520056,11802.569053692481,-266437.7211072367,180.2472837653174,0.0743783274373936
5484,157100.0,299.18104176110586,1.0759378994834394,11804.423631981446,-266437.72115238575,180.2758201609846,0.0743763006988757
5485,157125.0,299.1812903911166,1.0759367028192974,11806.27823342391,-266437.7211975184,180.3044404171225,0.07437314546117388
5486,157150.0,299.18160461466476,1.075935100115424,11808.132898366666,-266437.72114771325,180.33314118297807,0.07436923321790898
5487,157175.0,299.1800186888968,1.075933311042274,11809.987593959955,-266437.7208948316,180.36187816053217,0.07436504275996111
5488,157200.0,299.1821595616686,1.0759314994230884,11811.84231482284,-266437.7207388266,180.3906570358901,0.07436090271451994
5489,157225.0,299.1847739539767,1.075929757923497,11813.697026708422,-266437.7205714941,180.41935252592606,0.07435698797814207
5490,157250.0,299.18585933910015,1.0759281185576395,11815.551791688806,-266437.7203454141,180.4480376049294,0.07435338238329385
5491,157275.0,299.18672560906754,1.0759267036295215,11817.406606088414,-266437.7202066647,180.4765937856277,0.07435031215100751
5492,157300.0,299.18601520310676,1.0759256217003457,11819.261482760345,-266437.7201077891,180.50498715607756,0.07434795606529522
5493,157325.0,299.1851256230431,1.075924929256158,11821.116395127638,-266437.72011512605,180.53343689734268,0.07434642306758887
5494,157350.0,299.1848811309673,1.075924850106157,11822.97130894381,-266437.720258948,180.5618249349713,0.07434607849560206
5495,157375.0,299.18381448647483,1.0759255542819017,11824.826245932843,-266437.72042167076,180.59009543437665,0.07434715714458999
5496,157400.0,299.1823285593352,1.0759270589412404,11826.681209935283,-266437.7205596997,180.61820967515627,0.0743496403492814
5497,157425.0,299.1816298453375,1.0759292667636713,11828.536210448996,-266437.720684416,180.64603884000255,0.07435340754213651
5498,157450.0,299.1818492191306,1.0759319949081647,11830.391207195413,-266437.72078824986,180.67377214020743,0.07435816239316237
5499,157475.0,299.1821779829089,1.0759349065454542,11832.246199311256,-266437.7208238641,180.70134014133345,0.07436326539393937
5500,157500.0,299.1834250662302,1.0759375333575711,11834.101222260482,-266437.7208499974,180.72895955838345,0.07436772532266858
5501,157525.0,299.1846476790862,1.0759394933357562,11835.956255848161,-266437.7208477225,180.75674054374178,0.07437072755361684
5502,157550.0,299.18585486431624,1.075940537222121,11837.811320052744,-266437.72085491294,180.78475627197298,0.07437179786782964
5503,157575.0,299.1863900864824,1.0759406707243213,11839.666416070962,-266437.7208564231,180.81287884150933,0.07437105190164726
5504,157600.0,299.1869220532847,1.0759399614895546,11841.521528915455,-266437.72091091477,180.84115407587052,0.07436872709657885
5505,157625.0,299.1867000174353,1.0759385958953864,11843.376649091944,-266437.72097862983,180.86947918410232,0.07436523780118658
5506,157650.0,299.1863559507292,1.0759368557593363,11845.231783839885,-266437.72107469325,180.89782806295028,0.074361102354579
5507,157675.0,299.186524282498,1.0759349786976515,11847.086943709255,-266437.7212104368,180.92628983932474,0.07435673136044539
5508,157700.0,299.1881994087249,1.0759330886428267,11848.942146960897,-266437.7213990747,180.9547838644643,0.07435234779451803
5509,157725.0,299.18885405807606,1.0759314420447668,11850.797391082258,-266437.72150635254,180.98328823182104,0.07434838058076224
5510,157750.0,299.18792070707053,1.0759303878303994,11852.652682798811,-266437.7214907312,181.01175369545766,0.07434542091574425
5511,157775.0,299.1875326881348,1.0759301376390902,11854.50798115498,-266437.72142787,181.04013894986704,0.07434391563860666
5512,157800.0,299.18809221948106,1.0759307652820602,11856.363308630978,-266437.72132913163,181.0683200398453,0.07434412806094684
5513,157825.0,299.188493779168,1.075932245798573,11858.218647580507,-266437.7211397508,181.09624915765937,0.07434615088864706
5514,157850.0,299.1893594947717,1.0759343931701417,11860.07398306357,-266437.72092777316,181.12402176518594,0.07434976802659411
5515,157875.0,299.19300556411633,1.0759370426637656,11861.929390207624,-266437.7208423983,181.1517263412498,0.07435474160019336
5516,157900.0,299.1947942955107,1.0759400633798557,11863.784871401533,-266437.72072684474,181.17941652014994,0.07436085559784905
5517,157925.0,299.1976403703635,1.075943260299625,11865.640360152578,-266437.7207680172,181.20709648091105,0.07436763688534492
5518,157950.0,299.1954088121639,1.0759465432747473,11867.495879674505,-266437.7206997045,181.2347939016731,0.07437479543395542
5519,157975.0,299.19314861551914,1.0759498730676322,11869.351443828127,-266437.72074464115,181.26244603683583,0.07438210760869564
5520,158000.0,299.1916942724142,1.0759532163255443,11871.207051047078,-266437.7209065391,181.2900396041177,0.07438941967034957
5521,158025.0,299.18988067209926,1.0759566090788357,11873.062666377024,-266437.7210721512,181.31756114813484,0.07439680490160568
5522,158050.0,299.18855263564467,1.075960164463757,11874.918261547515,-266437.72124336154,181.34501648765777,0.07440459937232179
5523,158075.0,299.1882055273954,1.0759637676200815,11876.773881128336,-266437.72139376705,181.37251776967182,0.07441256981655803
5524,158100.0,299.1877947130616,1.0759672626244339,11878.629523701284,-266437.7214460789,181.40005603963812,0.07442035855203617
5525,158125.0,299.18843344806345,1.0759704377488233,11880.48519694781,-266437.72144370596,181.4275766104477,0.07442743147544936
5526,158150.0,299.1891865648631,1.075973112598757,11882.34086761756,-266437.72136971576,181.45529953935238,0.07443338224473792
5527,158175.0,299.19133613030607,1.0759751780028939,11884.196553903266,-266437.721337208,181.4830422029668,0.07443803316449588
5528,158200.0,299.19378740423195,1.075976572496533,11886.052259556325,-266437.72133674007,181.51089103370117,0.07444131976849336
5529,158225.0,299.19383776919807,1.0759771268836644,11887.907990902639,-266437.7212684604,181.5389599426764,0.07444290391802287
5530,158250.0,299.1936128721145,1.0759766304465734,11889.763763187535,-266437.72124917177,181.56728871379505,0.07444243096486466
5531,158275.0,299.1935113344779,1.0759751923957577,11891.619580291925,-266437.7212788478,181.5958141181611,0.07444018606893223
5532,158300.0,299.192836562383,1.0759731115127413,11893.475453990468,-266437.72133110475,181.62456132477868,0.07443673227302847
5533,158325.0,299.18963259281986,1.075970703710396,11895.331331603707,-266437.72127228696,181.6534011694977,0.0744325784845199
5534,158350.0,299.18968355868685,1.0759683249623604,11897.187263420341,-266437.72135651956,181.6821999365252,0.07442826172839502
5535,158375.0,299.18913324867503,1.07596620050578,11899.043224150095,-266437.7213560488,181.71091667901018,0.07442413144267819
5536,158400.0,299.1899454561432,1.0759643315273009,11900.89921901329,-266437.72136310325,181.73958267322863,0.07442025735958097
5537,158425.0,299.1932099054409,1.0759626437341996,11902.755239959177,-266437.72144915484,181.7682461084628,0.07441660569399298
5538,158450.0,299.1946270633083,1.0759610722753803,11904.611166426055,-266437.7214430257,181.79699070897277,0.07441310513329719
5539,158475.0,299.1950935232247,1.0759595002406734,11906.466937959915,-266437.72141997644,181.82581116323712,0.07440959115523461
5540,158500.0,299.1955190156407,1.075957813571557,11908.322576519146,-266437.72141949454,181.85464157793422,0.07440593761655534
5541,158525.0,299.1950979030431,1.0759559204859854,11910.17806414115,-266437.7214077354,181.8835573056057,0.07440204480933474
5542,158550.0,299.19685711882823,1.075953670034277,11912.03345583798,-266437.7215463201,181.91261175211983,0.07439770731853987
5543,158575.0,299.19597422907617,1.0759509711399708,11913.888865830735,-266437.7215965463,181.94183832341275,0.07439279292929289
5544,158600.0,299.1939585653739,1.0759478517583407,11915.744286690579,-266437.72161481867,181.9712103574392,0.07438735106702732
5545,158625.0,299.1924394361098,1.0759444043755257,11917.59973064171,-266437.72164811025,182.00063913493213,0.07438146868614012
5546,158650.0,299.1942382409708,1.075940751457244,11919.45518055416,-266437.7218053307,182.03004795919722,0.07437522793101373
5547,158675.0,299.1946123126649,1.0759370514900264,11921.31061661276,-266437.72185171884,182.0594450008412,0.07436876544099973
5548,158700.0,299.1929536476239,1.0759335155883942,11923.166066264717,-266437.7217685624,182.08866788075937,0.07436239364450048
5549,158725.0,299.1940273232429,1.0759302378378377,11925.021503406353,-266437.7217924179,182.11757961753761,0.0743563491291291
5550,158750.0,299.19592156398215,1.075927248063412,11926.876978840975,-266437.72183503024,182.14638927520576,0.07435077451510234
5551,158775.0,299.1955105658018,1.0759245495317002,11928.732506033066,-266437.72176505515,182.17505905925802,0.07434579052593655
5552,158800.0,299.19605836412717,1.0759220606278888,11930.588078955685,-266437.7217513811,182.2036900654902,0.07434129665646194
5553,158825.0,299.19628686922306,1.075919671768095,11932.443674756618,-266437.7217433386,182.23240668731253,0.0743371164926179
5554,158850.0,299.1965201990396,1.0759173759375937,11934.299263920417,-266437.72175967647,182.2610595941795,0.07433327098709867
5555,158875.0,299.1975698319531,1.0759151617470604,11936.154852378555,-266437.7218453779,182.28965238300947,0.07432973584113267
5556,158900.0,299.196349556235,1.0759129747465659,11938.010488656755,-266437.72184669535,182.3183145823287,0.0743263584667986
5557,158925.0,299.19696361676824,1.0759107895525968,11939.866153720028,-266437.7219698338,182.34690604719933,0.07432309103994239
5558,158950.0,299.19647241284366,1.0759086218744378,11941.721841237677,-266437.7220460819,182.37551594471438,0.07431995556754808
5559,158975.0,299.196444222062,1.0759065350119905,11943.577552426663,-266437.72214478464,182.40409167320152,0.07431698087529973
5560,159000.0,299.19752227794726,1.075904611340886,11945.43326763686,-266437.7222884078,182.43255886405333,0.07431414493796076
5561,159025.0,299.1968075391942,1.075902801510248,11947.289002287951,-266437.72232522815,182.46100142964173,0.07431125326621116
5562,159050.0,299.1957538425307,1.0759010557852478,11949.144784034139,-266437.7223152231,182.489448124693,0.07430814416681641
5563,159075.0,299.19620086634285,1.0758994318236281,11951.000617333319,-266437.7223426646,182.51796726300037,0.07430487994248737
5564,159100.0,299.1966212375558,1.07589788787062,11952.856472924395,-266437.72234950634,182.5462740170711,0.07430139263252467
5565,159125.0,299.1985299043595,1.0758964056174394,11954.712347187195,-266437.7224181045,182.5746221015692,0.07429777146963704
5566,159150.0,299.19987631303485,1.0758951037662416,11956.568238705393,-266437.7224735799,182.60286463032168,0.07429436848092924
5567,159175.0,299.20013663948725,1.075894206178161,11958.424139601759,-266437.7224691696,182.63092817696372,0.07429170468151336
5568,159200.0,299.2005271656189,1.0758939243430898,11960.280083371208,-266437.7224554084,182.6589541795057,0.07429024546597231
5569,159225.0,299.2021929826448,1.0758943201675646,11962.13607935618,-266437.72249962646,182.6868683859367,0.07429013034111306
5570,159250.0,299.2005369880928,1.0758953799437565,11963.992109963787,-266437.72239050484,182.71462771423455,0.07429135624962599
5571,159275.0,299.20028200089706,1.0758969526202442,11965.848171001362,-266437.722363679,182.74233026070843,0.07429363071308921
5572,159300.0,299.20024583330314,1.0758987822238173,11967.704266440442,-266437.722383591,182.76996139075317,0.07429641689096234
5573,159325.0,299.19954269596906,1.0759005171032174,11969.560371900834,-266437.72241097107,182.79767823860794,0.0742989500059801
5574,159350.0,299.1985148617037,1.0759019065470854,11971.416482440465,-266437.72247757897,182.8254735981466,0.07430071300448426
5575,159375.0,299.19820537721154,1.0759026685796271,11973.272624684168,-266437.7226282286,182.85339333189873,0.07430116780248681
5576,159400.0,299.1965593844955,1.07590266051043,11975.12881927355,-266437.7227414684,182.88144560307228,0.07430010417787337
5577,159425.0,299.1978535785822,1.0759018776741966,11976.985004509426,-266437.7229984617,182.9097144860166,0.07429760965698574
5578,159450.0,299.198034019597,1.0759004825237501,11978.841217621124,-266437.72316947527,182.93819054257048,0.07429406273525718
5579,159475.0,299.1972196470726,1.0758986781959383,11980.697457282482,-266437.72324708826,182.96668297108735,0.07428988405017917
5580,159500.0,299.1969368976883,1.0758966639192502,11982.553713746265,-266437.72329107736,182.9952293667803,0.07428547440721492
5581,159525.0,299.19746130449033,1.0758946507225609,11984.409973896436,-266437.72331452335,183.02373319174743,0.07428123934073805
5582,159550.0,299.2001603716637,1.0758927392680162,11986.266212154262,-266437.72339206864,183.0521793571558,0.07427739715803924
5583,159575.0,299.20023337028385,1.0758909711079276,11988.122460819826,-266437.72331288847,183.08063377244522,0.0742739973734479
5584,159600.0,299.2021792042372,1.0758893276037007,11989.978720011146,-266437.72333072266,183.10905920561044,0.07427092587287373
5585,159625.0,299.2031555605678,1.0758878323188927,11991.835007125059,-266437.72333736176,183.13745570593164,0.07426816833751042
5586,159650.0,299.20212934180506,1.075886642145457,11993.691281300384,-266437.72329552285,183.16583637205432,0.0742659843088121
5587,159675.0,299.2009167601405,1.0758859105225484,11995.547547365171,-266437.7232947094,183.19416865270836,0.07426462777380098
5588,159700.0,299.20046081403916,1.0758856608218528,11997.40381841252,-266437.72336658364,183.22240113783042,0.07426417671616864
5589,159725.0,299.19841851389356,1.075885984615385,11999.260094976013,-266437.72337134817,183.25050659171154,0.07426495503875967
5590,159750.0,299.1978003056099,1.075887062481369,12001.116360564582,-266437.72344877233,183.2784463279677,0.07426743647528765
5591,159775.0,299.1965044051618,1.0758890222341442,12002.972672519596,-266437.7234460693,183.30622884334778,0.07427196047925606
5592,159800.0,299.1978462304663,1.075891791346326,12004.829028146776,-266437.72351972753,183.33384642958475,0.07427829316407412
5593,159825.0,299.19796890203753,1.0758950572041475,12006.68540300785,-266437.7234834947,183.361421713026,0.07428553366702417
5594,159850.0,299.1995729367289,1.0758983693178434,12008.54177682745,-266437.72351802257,183.38895013827837,0.07429246291331543
5595,159875.0,299.1999612548245,1.0759014323921852,12010.398167748614,-266437.7235060018,183.41647825017884,0.07429837949725991
5596,159900.0,299.19934670686644,1.0759041567506404,12012.25458151782,-266437.7234828187,183.44414237931048,0.07430320040497883
5597,159925.0,299.19973307157284,1.0759064518875792,12014.111012769186,-266437.72356943006,183.4718589432537,0.07430685447183515
5598,159950.0,299.19912134833567,1.0759082514734775,12015.967476671352,-266437.7236504291,183.49968872459382,0.0743093706614276
5599,159975.0,299.1971976848806,1.0759095895833335,12017.823974728613,-266437.723681176,183.5276500086311,0.07431095029761901
5600,160000.0,299.1982177456403,1.0759103977265967,12019.680492115855,-266437.7238476765,183.55571546384587,0.07431150669523295
