step,cummean_calc_time,cummean_calc_temp,cummean_calc_dens,cummean_wall_time,cummean_calc_epot,cummean_calc_msd,cummean_calc_drft
0,20000.0,295.130144,1.070093,2919.7541036666667,-266437.87048800004,29.689380666666665,0.062953
1,20025.0,296.81277549999993,1.0698823333333334,2923.4544015,-266437.94369283336,29.82583533333333,0.06236533333333333
2,20050.0,295.8984414444444,1.069583,2927.0891485555553,-266437.8181745556,29.892174111111107,0.06155044444444444
3,20075.0,294.85306499999996,1.0693184166666667,2930.733960833333,-266437.62696433335,29.951710499999997,0.06076366666666667
4,20100.0,296.47794239999996,1.0690301333333334,2934.3589362,-266437.50779653335,30.028770666666663,0.05995206666666667
5,20125.0,298.1096974444444,1.0685413333333333,2937.971591444444,-266437.38323783333,30.099773499999998,0.05885122222222222
6,20150.0,299.872915,1.067741,2941.579029238095,-266437.2957294286,30.173373952380953,0.05730104761904762
7,20175.0,299.5054930416667,1.066679125,2945.217573166666,-266437.15803237504,30.259359458333332,0.0553925
8,20200.0,299.5626583703704,1.0653926296296297,2948.8703257777775,-266437.0863238889,30.343583666666664,0.05320648148148148
9,20225.0,299.05744680000004,1.0640107,2952.538716833333,-266437.0109943667,30.426395799999995,0.050956800000000003
10,20250.0,298.4295502121212,1.0626481818181819,2956.2106766969696,-266436.9362785455,30.5009586060606,0.048816696969696975
11,20275.0,297.95555325000004,1.0613855833333334,2959.8718349444443,-266436.8599618611,30.56149869444444,0.046879388888888894
12,20300.0,299.14304043589743,1.0602428717948718,2963.526546794872,-266436.855898,30.605618769230766,0.04514805128205128
13,20325.0,299.59636273809525,1.059177380952381,2967.1757237142856,-266436.81551185716,30.643745690476184,0.043566976190476184
14,20350.0,299.6430813555556,1.0582000222222223,2970.8147584000003,-266436.75622655556,30.679263799999994,0.04215124444444444
15,20375.0,299.4592725208334,1.057424125,2974.4505876041667,-266436.69089756254,30.71433379166666,0.041026062499999995
16,20400.0,298.8969428431373,1.0569091568627451,2978.083337019608,-266436.602443804,30.750218235294113,0.040255941176470585
17,20425.0,298.5999622777779,1.0566694444444442,2981.7150850555554,-266436.5306312038,30.780588277777774,0.039866481481481475
18,20450.0,298.94909628070184,1.0566784561403508,2985.352618210526,-266436.49646675447,30.807541035087716,0.03985608771929824
19,20475.0,299.1604298000001,1.0568899666666665,2988.990000816667,-266436.46415605006,30.836122766666666,0.040196033333333325
20,20500.0,299.2054186349207,1.0572161587301585,2992.621181761905,-266436.437022508,30.85710487301587,0.04078030158730158
21,20525.0,299.49540937878794,1.0575991818181816,2996.2499437575757,-266436.44216568186,30.867625954545453,0.0415046212121212
22,20550.0,299.8870520000001,1.058001492753623,2999.872511014493,-266436.4687779421,30.87578336231884,0.04226688405797101
23,20575.0,299.78486126388896,1.0583815416666664,3003.494597972222,-266436.4851132223,30.880956361111114,0.04297891666666665
24,20600.0,299.5637059600001,1.0586969733333331,3007.1166851733333,-266436.5010495334,30.887208813333338,0.04355911999999999
25,20625.0,298.87959605128214,1.0589155384615383,3010.7463845897437,-266436.49561924365,30.896274589743594,0.043935538461538456
26,20650.0,298.2094659753087,1.0590308518518516,3014.3777203703703,-266436.48324976553,30.914648172839513,0.04410882716049382
27,20675.0,297.8043526428572,1.0590688809523807,3018.012491238095,-266436.46926788107,30.942722476190482,0.044140345238095235
28,20700.0,297.824889816092,1.0590707586206893,3021.649696597701,-266436.4618909886,30.978020310344835,0.044107999999999994
29,20725.0,297.88017072222226,1.059087044444444,3025.287755611111,-266436.44309387787,31.016713288888898,0.04409635555555556
30,20750.0,297.95387920430113,1.059170774193548,3028.9290282903225,-266436.4164120861,31.062272720430112,0.04418991397849462
31,20775.0,298.44936772916674,1.0593269479166665,3032.5726860312498,-266436.4056246772,31.10134648958334,0.04440436458333333
32,20800.0,298.6515938181819,1.059530707070707,3036.219976282828,-266436.3842982021,31.137604040404042,0.04470423232323232
33,20825.0,298.96818317647063,1.059767882352941,3039.869193,-266436.38186641183,31.17357731372549,0.04506413725490195
34,20850.0,298.9325956952382,1.0600204095238095,3043.5176862857143,-266436.38005716196,31.205943742857148,0.04544910476190475
35,20875.0,298.8745536296297,1.0602601018518518,3047.167635638889,-266436.39487576863,31.232892944444448,0.045802027777777775
36,20900.0,298.4378045225226,1.0604680720720718,3050.817076054054,-266436.40513682895,31.256521711711716,0.04608509009009008
37,20925.0,298.1039756052632,1.060616543859649,3054.4640667982458,-266436.42869336857,31.281329921052635,0.046257026315789464
38,20950.0,297.80866987179496,1.0606851367521366,3058.1093387094015,-266436.45660705137,31.312035752136754,0.04629339316239315
39,20975.0,297.6009013333334,1.0606780166666665,3061.7525360083337,-266436.48759776674,31.338234700000005,0.046216783333333324
40,21000.0,297.3634729512196,1.0606027235772357,3065.39197699187,-266436.50720088626,31.366029869918705,0.04605292682926828
41,21025.0,297.3879393333334,1.0604775714285712,3069.0293468650793,-266436.5252791985,31.39835993650794,0.04584145238095237
42,21050.0,297.3350531472869,1.060327534883721,3072.663132248062,-266436.52146941866,31.42753497674419,0.04562586046511627
43,21075.0,297.4964736363637,1.0601646136363636,3076.2970825378784,-266436.5106044394,31.459555568181823,0.045421825757575744
44,21100.0,297.6903280000001,1.0600065185185183,3079.9289344444446,-266436.4848169482,31.49096003703704,0.04525629629629629
45,21125.0,298.3028777391305,1.0598549057971014,3083.5586162971013,-266436.4712576377,31.520178260869567,0.045141311594202885
46,21150.0,298.764987248227,1.0596888226950354,3087.190205539007,-266436.4531401277,31.550822382978726,0.04505870212765956
47,21175.0,298.8078416944445,1.0594979097222221,3090.819103541666,-266436.42580177786,31.582327173611116,0.045004791666666655
48,21200.0,299.16107955102046,1.0592841088435372,3094.444617278911,-266436.43152665993,31.616744931972793,0.04499897278911563
49,21225.0,298.96260783333344,1.0590685666666666,3098.0720299199997,-266436.4271047201,31.65217181333334,0.045073979999999986
50,21250.0,298.7348050000001,1.058870588235294,3101.6998098888885,-266436.43411346414,31.690424653594775,0.045217117647058803
51,21275.0,298.56606888461545,1.0587043076923075,3105.32601625,-266436.4522231283,31.73038646794872,0.04540351923076921
52,21300.0,298.19805468553466,1.0585766226415094,3108.952242232704,-266436.4627223208,31.76705713836478,0.04561987421383646
53,21325.0,298.0152548518519,1.0584721728395061,3112.5787910740737,-266436.4798664507,31.80240885802469,0.045825499999999984
54,21350.0,297.9603262848485,1.058394921212121,3116.205860212121,-266436.4968473879,31.834098193939397,0.0460035212121212
55,21375.0,297.83954784523814,1.0583548749999998,3119.834237315476,-266436.50270828576,31.865795261904765,0.046147904761904744
56,21400.0,297.8628910116959,1.0583600350877191,3123.464942725146,-266436.50640442694,31.896690152046787,0.046263795321637415
57,21425.0,298.00164334482764,1.058425408045977,3127.0936680114937,-266436.5058203909,31.92937794252874,0.04639620689655171
58,21450.0,298.1751836553673,1.0585513276836158,3130.7263356101694,-266436.50077341247,31.964864728813563,0.046575118644067784
59,21475.0,298.41384618333336,1.0587276777777777,3134.3603800166666,-266436.4955338334,32.00104893888889,0.04680052777777776
60,21500.0,298.64598825136613,1.0589396229508197,3137.995525830601,-266436.4893305793,32.03927168852459,0.047061710382513645
61,21525.0,298.6937485698925,1.0591699193548385,3141.6286265752688,-266436.4776991237,32.08170316129033,0.047345301075268804
62,21550.0,298.70914256084654,1.0594051216931215,3145.2628256402113,-266436.4691984974,32.125571153439154,0.04764275132275131
63,21575.0,298.9801567239583,1.0596187656249998,3148.895493802083,-266436.48103705735,32.1691880625,0.04791524479166665
64,21600.0,298.96733418974355,1.0597990615384614,3152.527590733333,-266436.4875822565,32.214303302564105,0.04814070256410255
65,21625.0,298.8126966717171,1.0599381969696968,3156.159467893939,-266436.49667464657,32.259481984848485,0.04829642424242423
66,21650.0,298.68335641293527,1.060039830845771,3159.791465373134,-266436.5149209603,32.30403893532338,0.04838556716417909
67,21675.0,298.46842623039214,1.0601139950980392,3163.4215796911767,-266436.531520804,32.34742654901961,0.048426284313725476
68,21700.0,298.3415554975845,1.060168961352657,3167.0509644782605,-266436.5493815943,32.39056206763285,0.04843203864734299
69,21725.0,298.3358982666666,1.0602154,3170.6807488,-266436.56543732865,32.43169627619048,0.048423309523809514
70,21750.0,298.3971372676056,1.0602490469483568,3174.30917242723,-266436.5745714226,32.473347652582156,0.048398258215962435
71,21775.0,298.4412609259259,1.060259986111111,3177.9366061157407,-266436.5751928843,32.51524280555555,0.048347087962962956
72,21800.0,298.59200198630134,1.0602368264840183,3181.5672354611875,-266436.57649279456,32.55755410045662,0.048263219178082184
73,21825.0,298.80267059009003,1.0601795135135135,3185.199694837838,-266436.57724469824,32.60143098198198,0.04815868918918918
74,21850.0,298.93131395555554,1.0600932044444444,3188.832906773334,-266436.57215634227,32.64676210222222,0.04804468444444444
75,21875.0,298.9346044780701,1.059968407894737,3192.4672120614036,-266436.5627742632,32.69446160526315,0.04790629385964912
76,21900.0,299.0057498744588,1.0597997316017316,3196.1009772640696,-266436.5588323594,32.741926887445885,0.04773077056277055
77,21925.0,299.001805559829,1.0595916538461538,3199.7348444444447,-266436.5540265557,32.78879886752136,0.04752407692307691
78,21950.0,298.93422459071724,1.059356907172996,3203.366036628692,-266436.5478987216,32.83614646413501,0.04730625316455695
79,21975.0,298.95442627083327,1.0591077291666668,3206.9958330791665,-266436.54762594175,32.882575383333325,0.04709017499999999
80,22000.0,298.937437382716,1.058855790123457,3210.6251685349794,-266436.5461894034,32.92936304115225,0.046885765432098755
81,22025.0,298.9589781991869,1.0586150406504067,3214.254532296748,-266436.5459428822,32.975460109756085,0.04669378455284552
82,22050.0,298.8706445783132,1.0583990401606427,3217.882802891566,-266436.5393114619,33.02084655823292,0.04651741365461847
83,22075.0,298.91352047222216,1.0582154325396826,3221.5101342103176,-266436.5381950437,33.06609309523809,0.04636217063492063
84,22100.0,298.93420409411755,1.0580688901960786,3225.13831554902,-266436.5356898393,33.11016451764705,0.046239419607843134
85,22125.0,299.014751492248,1.0579453062015507,3228.7670681937984,-266436.53554162406,33.15440380620154,0.04613140310077519
86,22150.0,298.9858235517241,1.0578194942528738,3232.3934987662833,-266436.5299676821,33.19811169348658,0.04600354022988505
87,22175.0,298.9832990378787,1.057670768939394,3236.0185667613637,-266436.5252659092,33.24265272727272,0.04582778409090908
88,22200.0,299.08354847565533,1.0574997078651687,3239.6414364756556,-266436.52612898883,33.287977123595496,0.04560832209737827
89,22225.0,299.0925512481481,1.057330503703704,3243.26282562963,-266436.5223934445,33.33396944074073,0.045372574074074065
90,22250.0,299.1514277252747,1.0571911355311356,3246.8837785384617,-266436.5200903371,33.378583989010984,0.04515053846153845
91,22275.0,299.2062401811594,1.057098286231884,3250.5043802427535,-266436.5173451088,33.42251673913042,0.04496635144927535
92,22300.0,299.3272577025089,1.0570519569892474,3254.1240114587813,-266436.51981590333,33.464063956989236,0.04483363799283153
93,22325.0,299.33176141843967,1.0570413652482271,3257.7429998971634,-266436.5205732093,33.503730840425526,0.04475001063829786
94,22350.0,299.363346322807,1.05705930877193,3261.360442182456,-266436.5273815194,33.54122027017543,0.04471370877192981
95,22375.0,299.3590075069444,1.0570981805555555,3264.977087545139,-266436.53513424663,33.57934147222221,0.04471829166666665
96,22400.0,299.378416323024,1.0571568041237114,3268.595053140894,-266436.54747253616,33.61672248453607,0.04476360137457043
97,22425.0,299.25013640476186,1.05723706122449,3272.2122393673476,-266436.5546593674,33.65363539795917,0.04485244217687073
98,22450.0,299.1474651346801,1.0573430033670033,3275.8289245185188,-266436.56283800345,33.68872152188551,0.044988188552188536
99,22475.0,299.03356162999995,1.05747918,3279.448079680001,-266436.5680825601,33.72488204999999,0.04517801333333332
100,22500.0,298.9710670429043,1.0576410330033004,3283.0673594026407,-266436.57187455456,33.761143752475235,0.04541145874587457
101,22525.0,298.95989211764703,1.0578166764705883,3286.6867878725498,-266436.57276773534,33.797986630718945,0.04566549019607842
102,22550.0,299.0147780517799,1.0579972491909384,3290.306401032363,-266436.5720109095,33.83525123948219,0.045923886731391576
103,22575.0,299.12772400961535,1.0581665737179486,3293.926675919872,-266436.5702758623,33.8729540352564,0.04615742307692306
104,22600.0,299.15777630158726,1.0583143206349206,3297.5484849714285,-266436.5632080604,33.91185533333332,0.04635194603174602
105,22625.0,299.2613480943396,1.0584319748427673,3301.1710443050315,-266436.5595759403,33.95120087106917,0.04649739937106917
106,22650.0,299.3533151090342,1.0585181464174453,3304.7937252024926,-266436.5570774674,33.99143174454828,0.046593598130841116
107,22675.0,299.42966924691353,1.0585830925925925,3308.416825450618,-266436.55836291675,34.032489910493815,0.046658422839506164
108,22700.0,299.3595345382262,1.058636596330275,3312.0394391253826,-266436.5574319603,34.07405078593271,0.04670869113149846
109,22725.0,299.2018299181817,1.0586892242424242,3315.6621457515157,-266436.55599388795,34.11451044242423,0.04675987272727272
110,22750.0,299.0646857447446,1.0587555615615614,3319.2852960960968,-266436.5573377238,34.15343218318317,0.04683200300300299
111,22775.0,298.98699541964277,1.0588463273809523,3322.907990872024,-266436.56155808346,34.19041707440475,0.046943889880952376
112,22800.0,298.9203980648967,1.0589657522123892,3326.5298046932157,-266436.56379284966,34.22522017404128,0.04710480825958701
113,22825.0,298.8390734766081,1.0591125233918128,3330.152291903509,-266436.56199000595,34.25818880409356,0.04731488596491227
114,22850.0,298.8166804724637,1.0592790434782606,3333.7773006115945,-266436.5582034146,34.28830800579709,0.047561785507246365
115,22875.0,298.82364868103434,1.0594519166666665,3337.402657583333,-266436.5513961294,34.31636867241378,0.04781735632183907
116,22900.0,298.921558139601,1.059615145299145,3341.0283131937326,-266436.5463101568,34.34468574928774,0.048048689458689446
117,22925.0,299.0336544237287,1.0597505028248584,3344.65472340678,-266436.5422389464,34.373959802259876,0.04822405649717513
118,22950.0,299.0721247282912,1.0598426162464982,3348.2836672745098,-266436.53834077605,34.40362243697478,0.048321450980392144
119,22975.0,299.06619837777765,1.0598861638888886,3351.913873583333,-266436.5365542446,34.4335873861111,0.04834013888888888
120,23000.0,298.9124611184572,1.0598914986225894,3355.544094782369,-266436.5312444822,34.46503107713498,0.04830182369146004
121,23025.0,298.78075705737695,1.059877163934426,3359.1751863415298,-266436.5289922788,34.49859908469944,0.048237319672131136
122,23050.0,298.7554908509484,1.0598595474254742,3362.806585252032,-266436.53112301364,34.531953878048775,0.04817221409214091
123,23075.0,298.73964064784934,1.0598525295698924,3366.437581596774,-266436.53062366945,34.56686404838709,0.04812564247311827
124,23100.0,298.7917480693332,1.0598631706666666,3370.0686606693334,-266436.5302565921,34.60249748533332,0.04810698933333332
125,23125.0,298.8344550873014,1.0598942804232803,3373.700656846561,-266436.52796805825,34.63701229629629,0.04811967195767195
126,23150.0,298.91799189763765,1.0599414881889762,3377.3333291391073,-266436.52664618904,34.67133470341207,0.048155816272965876
127,23175.0,298.9894432161457,1.0599984322916665,3380.966897695312,-266436.5249027292,34.7047980859375,0.04820468489583333
128,23200.0,299.0046573152453,1.0600616253229973,3384.6000415478034,-266436.52229895093,34.73806404134366,0.04826071059431524
129,23225.0,299.10195451794857,1.060127697435897,3388.233514328205,-266436.5258011975,34.77136823589743,0.04831823333333333
130,23250.0,299.14303023409656,1.0601986030534347,3391.8684283740454,-266436.5282495751,34.80450526208651,0.04838186259541984
131,23275.0,299.10612629545443,1.0602773636363632,3395.5036933611104,-266436.5290574874,34.838848876262624,0.04845891161616161
132,23300.0,299.09111406516274,1.060365498746867,3399.1380066817037,-266436.5320479424,34.872715581453626,0.0485551253132832
133,23325.0,299.03225435572125,1.0604628258706466,3402.7718851716413,-266436.53301526624,34.90583203482586,0.0486729751243781
134,23350.0,299.01545065432083,1.0605658864197527,3406.4062094666665,-266436.5356394766,34.93485376296296,0.04880836543209876
135,23375.0,299.0006281249998,1.060672345588235,3410.0415255073526,-266436.5380331422,34.96269264215685,0.04896090196078431
136,23400.0,298.9832253163015,1.060784559610705,3413.676847902676,-266436.539384713,34.990201029197074,0.04914003163017031
137,23425.0,298.96660212318824,1.0609091497584537,3417.3124850893714,-266436.53928652906,35.01674315217391,0.049364487922705313
138,23450.0,298.96045614868086,1.0610500263788964,3420.9486800815343,-266436.53680965473,35.04267354916066,0.049645892086330926
139,23475.0,299.07638067857124,1.0612080499999994,3424.584980466667,-266436.5384520929,35.06776136190475,0.04998155714285713
140,23500.0,299.0596675602835,1.0613836619385337,3428.220770096927,-266436.5323240923,35.093683087470446,0.05036445153664302
141,23525.0,299.0845531361501,1.061573906103286,3431.8562159859157,-266436.5279912888,35.11989478873239,0.050777558685446006
142,23550.0,299.14633885780864,1.0617752354312349,3435.4911445617718,-266436.5270038929,35.14787134032633,0.051200974358974354
143,23575.0,299.216667372685,1.0619844606481477,3439.1268828888888,-266436.5279516297,35.176393532407396,0.05161812268518518
144,23600.0,299.25283607356306,1.0622008597701145,3442.763026673563,-266436.5299027978,35.204381429885046,0.05202834942528735
145,23625.0,299.2650922990866,1.062414146118721,3446.399177196347,-266436.53303019184,35.23375122831049,0.052413999999999995
146,23650.0,299.1847984126982,1.0626160408163263,3450.036787868481,-266436.53412121325,35.26398180725623,0.052762092970521535
147,23675.0,299.15008497747726,1.0628026013513512,3453.6744228558564,-266436.5382190091,35.29448409009008,0.053072493243243236
148,23700.0,299.1392038769573,1.0629762863534673,3457.313179863535,-266436.54335649003,35.325149865771806,0.05335664429530201
149,23725.0,299.07958970666647,1.0631372066666664,3460.9526427977785,-266436.5453111512,35.35563815999999,0.05361658
150,23750.0,299.08641555408366,1.0632820750551875,3464.592103883003,-266436.5491561458,35.386438072847675,0.05384471743929359
151,23775.0,299.128482467105,1.0634118728070174,3468.232061912281,-266436.55281020404,35.41701560964911,0.054041317982456136
152,23800.0,299.112075339869,1.063526405228758,3471.8727526623097,-266436.55150437914,35.44791267102396,0.054205296296296286
153,23825.0,299.12788244372274,1.0636261233766233,3475.514460225109,-266436.55008033774,35.47770052164501,0.05433773809523809
154,23850.0,299.23994953763423,1.0637101010752688,3479.1579347419356,-266436.5510524624,35.50650064946235,0.05443784086021505
155,23875.0,299.37958016666647,1.0637758418803418,3482.801419391026,-266436.5524671774,35.534851288461525,0.05450317735042735
156,23900.0,299.41008084501044,1.0638191507430996,3486.4453197176226,-266436.54908293847,35.564007288747334,0.05452901486199576
157,23925.0,299.43396304430365,1.0638372067510549,3490.08929650211,-266436.54828516033,35.59359245569619,0.05451332067510548
158,23950.0,299.38846740461196,1.0638323731656185,3493.733487794549,-266436.54741539207,35.62349956184485,0.05446184696016772
159,23975.0,299.3812055333332,1.0638084,3497.3785923729165,-266436.5512017146,35.65393336874999,0.054381435416666665
160,24000.0,299.30563572670786,1.063767109730849,3501.024606923395,-266436.55323513044,35.68617983022773,0.05427560248447205
161,24025.0,299.2344390329216,1.0637091584362142,3504.6713830534977,-266436.55544781894,35.719369582304516,0.05414735596707818
162,24050.0,299.2054693026583,1.063632836400818,3508.3172919263798,-266436.55751794076,35.75326694683025,0.05399870756646216
163,24075.0,299.20789391260143,1.0635367947154473,3511.962447162601,-266436.55758829473,35.78793318292682,0.053834396341463406
164,24100.0,299.24605331515136,1.0634226626262626,3515.606604919192,-266436.5563182,35.823518741414134,0.0536623212121212
165,24125.0,299.2765094738954,1.0632958052208836,3519.2505220441767,-266436.55297124904,35.86003630722891,0.053489373493975895
166,24150.0,299.2806478143711,1.0631640818363275,3522.892644568862,-266436.54680464073,35.89670932534929,0.05332017564870258
167,24175.0,299.3521375198411,1.0630361904761905,3526.533884867063,-266436.54333469446,35.932912200396814,0.05316148412698411
168,24200.0,299.38854997633115,1.0629213471400396,3530.1751699842202,-266436.53894525836,35.96776981262327,0.05302533925049308
169,24225.0,299.3700503235292,1.0628232705882352,3533.8167782019605,-266436.53421267256,36.000816960784306,0.05291658431372548
170,24250.0,299.36764461013627,1.0627438109161793,3537.458138491228,-266436.53326389863,36.0318632534113,0.052833797270955156
171,24275.0,299.32018255426334,1.0626872732558141,3541.0986899282943,-266436.5326030252,36.062699399224805,0.05277873449612402
172,24300.0,299.3133553217724,1.0626544739884394,3544.738358493256,-266436.5358467938,36.09275111560693,0.05274721579961463
173,24325.0,299.2749234942526,1.0626420670498087,3548.3780484272024,-266436.53857297887,36.122695921455936,0.052729697318007654
174,24350.0,299.24887718666645,1.062646881904762,3552.016838234285,-266436.5421987104,36.15300988,0.052723344761904746
175,24375.0,299.2576647159089,1.062662994318182,3555.6560661553026,-266436.5472092651,36.18270732575757,0.05272460606060605
176,24400.0,299.2640974745761,1.062681472693032,3559.296102546139,-266436.55159311293,36.21185431450094,0.052724111111111104
177,24425.0,299.2438917172283,1.0626919044943821,3562.936596597378,-266436.5542327846,36.24072243445692,0.05270777153558052
178,24450.0,299.25188670018605,1.0626918268156427,3566.577059659218,-266436.55753817875,36.26916522905027,0.05267385102420856
179,24475.0,299.2241545074072,1.0626864333333335,3570.217353711111,-266436.5580095463,36.29797404074073,0.052633049999999994
180,24500.0,299.23541490239387,1.062681246777164,3573.8575655193367,-266436.5595562247,36.32573238121547,0.05259639226519337
181,24525.0,299.27678071978,1.062680261904762,3577.4972372142856,-266436.5623813004,36.35288207692307,0.052573183150183146
182,24550.0,299.27122293078304,1.06268387431694,3581.1362615428056,-266436.5633854809,36.38034269945355,0.052567123861566485
183,24575.0,299.1980086503621,1.0626938768115943,3584.7753953840584,-266436.5617300525,36.407449978260864,0.052581248188405795
184,24600.0,299.1822860054052,1.0627168414414416,3588.414554825226,-266436.5636758396,36.434992454054054,0.052624135135135135
185,24625.0,299.1707284605733,1.0627594068100361,3592.0533099605736,-266436.56714878854,36.46239896953405,0.05270488709677419
186,24650.0,299.13772372370744,1.0628227344028522,3595.691752459893,-266436.5697233173,36.49012076648842,0.052824868092691615
187,24675.0,299.1587303368793,1.0629060780141848,3599.330008794326,-266436.5749814202,36.51859822517731,0.052981404255319144
188,24700.0,299.19791211640194,1.0630040458553796,3602.968121132275,-266436.5810501393,36.547157365079364,0.053160548500881824
189,24725.0,299.22028142280686,1.063110028070176,3606.606399212281,-266436.5869097912,36.57480179824561,0.05334546140350876
190,24750.0,299.20161188481654,1.0632201273996513,3610.2443629877835,-266436.5915951745,36.60301027050611,0.05352722513089004
191,24775.0,299.2157578211804,1.0633327586805559,3613.882520407986,-266436.5987235764,36.63172519270834,0.053704960069444425
192,24800.0,299.2213723419687,1.0634416753022455,3617.5206667892917,-266436.60574927804,36.66039521416235,0.053870012089809995
193,24825.0,299.1881324020616,1.0635438298969075,3621.1591051219934,-266436.6103294828,36.688698032646045,0.05401981615120273
194,24850.0,299.14651552649553,1.0636393760683764,3624.7975595401713,-266436.6139161077,36.71689790940171,0.05415696923076921
195,24875.0,299.1161070901358,1.0637294438775513,3628.4360186887757,-266436.6167001395,36.745261957482995,0.054285675170068
196,24900.0,299.08869309475443,1.0638138358714047,3632.0746181438244,-266436.6183929983,36.77272163959391,0.054406834179356996
197,24925.0,299.13090995791225,1.0638914191919195,3635.713586599327,-266436.6217243401,36.79975295286195,0.05451976430976428
198,24950.0,299.1554304505861,1.0639629313232835,3639.353740358459,-266436.62245409377,36.8257441239531,0.054625495812395286
199,24975.0,299.18311192666647,1.0640292283333337,3642.9941666433333,-266436.62323348,36.852444090000006,0.054724991666666646
200,25000.0,299.2587949004973,1.0640900530679938,3646.635220305141,-266436.6268041409,36.87924518407961,0.054819371475953546
201,25025.0,299.29913615016477,1.0641485874587462,3650.277079028053,-266436.63011617324,36.90644151320132,0.05491632838283826
202,25050.0,299.2865871133003,1.064209706075534,3653.918443683087,-266436.6326378341,36.932652187192126,0.055024834154351374
203,25075.0,299.28360898039193,1.0642776683006538,3657.5596421290848,-266436.6373293594,36.958388250000006,0.05515201633986926
204,25100.0,299.2274627723575,1.0643521739837403,3661.20134921626,-266436.64033728617,36.98437605203252,0.05529685853658535
205,25125.0,299.216055226537,1.0644334708737868,3664.8430263058253,-266436.6462478285,37.00995339158577,0.05546066504854367
206,25150.0,299.18743108051507,1.0645219259259262,3668.484709689211,-266436.6506830499,37.03497077777779,0.055645534621578084
207,25175.0,299.1684030945511,1.0646144342948722,3672.126139,-266436.654393734,37.059620399038465,0.055842874999999986
208,25200.0,299.20607922328526,1.0647080350877196,3675.767816113237,-266436.65964495856,37.08428729665072,0.05604347368421051
209,25225.0,299.21227266190454,1.064803866666667,3679.4091179444445,-266436.6616090603,37.108727811111116,0.05624631111111109
210,25250.0,299.224591505529,1.0649045308056875,3683.050340342812,-266436.662205387,37.133396290679315,0.05645261611374406
211,25275.0,299.26333132389914,1.0650115408805034,3686.6920533223274,-266436.6626866226,37.158135867924535,0.0566609182389937
212,25300.0,299.2896626557118,1.0651257652582162,3690.334280233177,-266436.6612768403,37.18351715492958,0.05687273708920187
213,25325.0,299.31074731152626,1.065245757009346,3693.976541956387,-266436.65903644543,37.20764795015577,0.05708751246105918
214,25350.0,299.3199235085269,1.065367300775194,3697.619579725582,-266436.6561024077,37.23170625271318,0.05729882325581394
215,25375.0,299.3770981141973,1.065482529320988,3701.2635059336426,-266436.6563784414,37.25672147376544,0.05749262191358023
216,25400.0,299.40429230414725,1.065584439324117,3704.9072664086025,-266436.6570558664,37.282756285714285,0.05765617204301074
217,25425.0,299.38362074617714,1.065668151376147,3708.550803022936,-266436.65765010857,37.3102045382263,0.05778077522935778
218,25450.0,299.35042148554015,1.0657336484018267,3712.194570662101,-266436.65933202434,37.33884102739726,0.057868301369863
219,25475.0,299.2843060590907,1.0657846015151518,3715.8386244984854,-266436.6607267288,37.36874679848485,0.05792790606060605
220,25500.0,299.2693950784311,1.0658265369532431,3719.4825157511314,-266436.6655466697,37.39825570437405,0.05797103770739064
221,25525.0,299.2653921591589,1.065863837837838,3723.1265882552557,-266436.6708118709,37.42758464714714,0.058005045045045035
222,25550.0,299.2344905156948,1.0658987802690585,3726.7712463482812,-266436.6742309283,37.45659274738416,0.05803380717488789
223,25575.0,299.23819351488066,1.065930867559524,3730.4158248184526,-266436.67793948663,37.48544182886905,0.05805719791666666
224,25600.0,299.2494387644442,1.0659618829629631,3734.061152420741,-266436.68045110075,37.513847124444446,0.05808015111111111
225,25625.0,299.2810542168139,1.0659935486725665,3737.707126259587,-266436.68212055013,37.54265185988201,0.058106941002949844
226,25650.0,299.31165586930956,1.066026853157122,3741.353447861967,-266436.68254156096,37.571322229074894,0.058140691629955936
227,25675.0,299.3075114035085,1.0660637748538013,3744.9994661915202,-266436.68060517986,37.599423513157895,0.05818553508771929
228,25700.0,299.33956704075666,1.0661043755458517,3748.6453099388646,-266436.6807230655,37.62787164919942,0.05823888355167394
229,25725.0,299.3634914333331,1.0661475289855076,3752.2909810782608,-266436.68174597976,37.65624838840581,0.058294782608695646
230,25750.0,299.4051742929291,1.0661931269841272,3755.9363570216447,-266436.6848547403,37.68415912265513,0.05835058008658008
231,25775.0,299.36897915948254,1.0662442801724141,3759.581351418103,-266436.68606996554,37.71158651293104,0.05841271120689655
232,25800.0,299.34532972389104,1.0663030901287556,3763.226358241774,-266436.68975444924,37.7387085178827,0.0584883991416309
233,25825.0,299.2779274159542,1.066368713675214,3766.872015974359,-266436.69241485186,37.76588983333335,0.05857935327635327
234,25850.0,299.2302580936168,1.066442690780142,3770.518315174468,-266436.69647137594,37.79247178014185,0.05869055035460992
235,25875.0,299.2084608898303,1.0665278898305086,3774.1648223700568,-266436.7011465975,37.81954393926554,0.05882834887005649
236,25900.0,299.18035875246113,1.0666237468354434,3777.812397322082,-266436.70398476376,37.8462348002813,0.05899082841068916
237,25925.0,299.15785479691857,1.0667263277310928,3781.460351070028,-266436.70550897904,37.87323241036415,0.059168529411764696
238,25950.0,299.1117250585772,1.0668265788005582,3785.1085051087866,-266436.7041072343,37.899743168758725,0.05934020083682008
239,25975.0,299.12505299583313,1.0669165736111113,3788.756472363889,-266436.7044933625,37.926512156944455,0.05948910833333333
240,26000.0,299.165517320885,1.0669900290456433,3792.404618141079,-266436.70516323514,37.95313003457816,0.059603995850622406
241,26025.0,299.192705027548,1.0670421019283747,3796.052806932507,-266436.705110708,37.97989181542701,0.05967790358126722
242,26050.0,299.2448624759943,1.0670691618655694,3799.7008065404666,-266436.7068581084,38.007433919067225,0.059707676268861455
243,26075.0,299.23174033606534,1.0670714330601094,3803.3487424535524,-266436.7065796339,38.03574518442624,0.059697051912568314
244,26100.0,299.2147787972787,1.0670511469387758,3806.996443804082,-266436.70732750883,38.06541806530613,0.05965236326530613
245,26125.0,299.1832759647694,1.0670138848238484,3810.64408745664,-266436.70783530216,38.095568000000014,0.0595844024390244
246,26150.0,299.1507104709849,1.0669656882591096,3814.292176870446,-266436.7083670701,38.126223101214585,0.05950275708502025
247,26175.0,299.1611825013439,1.0669098588709678,3817.939596168011,-266436.71055363305,38.15669990994625,0.05941252553763442
248,26200.0,299.1432376706825,1.0668516479250336,3821.586990725569,-266436.71049686475,38.18682470682732,0.05932007095046855
249,26225.0,299.13390378933315,1.0667933813333335,3825.2337289360003,-266436.709789384,38.21718754666667,0.05922648800000001
250,26250.0,299.13752005976073,1.0667343479415672,3828.8799054741035,-266436.70882294286,38.24735059495353,0.059130239043824716
251,26275.0,299.143341706349,1.066675417989418,3832.525711133598,-266436.7076833174,38.277975382275145,0.05903244047619049
252,26300.0,299.13598889196294,1.0666178063241107,3836.171503911726,-266436.70586724376,38.30902594466404,0.05893484584980238
253,26325.0,299.12393060104966,1.0665631771653545,3839.81675571916,-266436.7046836076,38.34088175590552,0.058841733595800534
254,26350.0,299.13185168104553,1.0665136431372548,3843.4616210300655,-266436.70527770196,38.37366547320262,0.058756190849673214
255,26375.0,299.1253433645831,1.066467875,3847.1063828020833,-266436.70571402216,38.407082093750006,0.05867538281250001
256,26400.0,299.07006742282726,1.0664269520103762,3850.7505591167314,-266436.70422299486,38.440081298313885,0.058600779507133605
257,26425.0,299.02714971705404,1.0663931149870802,3854.394753096899,-266436.7031093967,38.47262682558139,0.058536098191214476
258,26450.0,299.0498901042469,1.0663673963963964,3858.038210697555,-266436.70453246206,38.504345764478764,0.05848393693693694
259,26475.0,299.07818671153825,1.0663518384615385,3861.681338720513,-266436.7059527834,38.53510937948718,0.058449867948717954
260,26500.0,299.100245726692,1.066345459770115,3865.324533730524,-266436.7068764113,38.56515642528736,0.05843440996168583
261,26525.0,299.0981923078878,1.0663450012722646,3868.967256389313,-266436.707072584,38.59452125954199,0.058433442748091605
262,26550.0,299.0844982940429,1.06634899112801,3872.6096076299114,-266436.7070934081,38.623008068441074,0.0584444144486692
263,26575.0,299.0611730492422,1.0663567967171714,3876.2516558888888,-266436.70676635107,38.65078211237375,0.058465085858585855
264,26600.0,299.039128861635,1.066366602515723,3879.8932510264153,-266436.70632829814,38.67799823396227,0.05849038742138364
265,26625.0,299.05622842982433,1.0663782994987467,3883.5344875413534,-266436.7076185464,38.70398915538848,0.05851873934837092
266,26650.0,299.05544078776506,1.0663922771535579,3887.175760797753,-266436.7076574045,38.72960544694133,0.058551027465667906
267,26675.0,299.0422337947759,1.066407315920398,3890.8167449477614,-266436.7065703246,38.75515415671642,0.058586391791044766
268,26700.0,299.0744664237916,1.0664195415117719,3894.4578322230486,-266436.7071629281,38.780474297397774,0.05861992812887236
269,26725.0,299.1039316925924,1.066424587654321,3898.0994222802474,-266436.7069586963,38.80623729012346,0.05864713209876543
270,26750.0,299.11783958179564,1.0664187564575647,3901.7416903357935,-266436.70549998403,38.83232253505536,0.058665221402214016
271,26775.0,299.11387906372534,1.066403199754902,3905.3845573333333,-266436.7030889608,38.858502053921576,0.0586755612745098
272,26800.0,299.1204678888887,1.0663800476190477,3909.027411644688,-266436.70116738096,38.88448743223444,0.058678304029304025
273,26825.0,299.1163078260339,1.066354180048662,3912.670141549878,-266436.69901831023,38.909907969586385,0.05867722141119221
274,26850.0,299.1196200533331,1.0663319636363637,3916.3129604703026,-266436.6975760752,38.93391490545455,0.05867821575757576
275,26875.0,299.10287150603847,1.0663174855072466,3919.9554803840574,-266436.6957291051,38.956700545893725,0.05868669565217391
276,26900.0,299.0885850998795,1.0663102803850786,3923.5977827280376,-266436.6943715355,38.979421759326115,0.05870158604091455
277,26925.0,299.0751173669063,1.0663074508393287,3927.239869894484,-266436.69329932734,39.00283415827339,0.05871978896882493
278,26950.0,299.0933250657107,1.0663063930704901,3930.8813592329743,-266436.6939241494,39.02668870848268,0.058738014336917554
279,26975.0,299.09977307976175,1.0663051964285717,3934.5224396440467,-266436.6943258524,39.051289821428576,0.05875055357142857
280,27000.0,299.11888411743763,1.0663035717674973,3938.1631434258593,-266436.6957850866,39.0762671316726,0.05875405931198102
281,27025.0,299.1051513439715,1.0663040851063832,3941.803572768321,-266436.69616765727,39.101873898345154,0.0587508829787234
282,27050.0,299.0869488150764,1.0663087408716136,3945.443819222614,-266436.6966798775,39.1273096548881,0.05874577620730271
283,27075.0,299.0718651830984,1.0663184776995305,3949.084404789905,-266436.6975031291,39.15306183568075,0.05874444248826292
284,27100.0,299.06472442105246,1.0663320304093566,3952.7250462549696,-266436.6984636187,39.17870572046783,0.05874791812865497
285,27125.0,299.0526848076921,1.0663485815850815,3956.365968576922,-266436.6983116247,39.20449408857809,0.058757784382284385
286,27150.0,299.06329556329825,1.0663682020905922,3960.0069578211373,-266436.69824334036,39.23013724390244,0.0587772218350755
287,27175.0,299.0774134999998,1.066390997685185,3963.648631410879,-266436.69728447456,39.25515423263889,0.05880787615740741
288,27200.0,299.11250442791214,1.066417674740484,3967.290393950402,-266436.6967614152,39.27971551326413,0.05885040484429066
289,27225.0,299.1441947068963,1.066448152873563,3970.932392640229,-266436.6959668023,39.30419005747127,0.058904597701149426
290,27250.0,299.13635257617386,1.0664802451317295,3974.574905342496,-266436.69338641124,39.32856149140894,0.05896488888888889
291,27275.0,299.1761294486299,1.0665121746575341,3978.2176852956613,-266436.693605911,39.35243604452055,0.05902359817351599
292,27300.0,299.17784707508514,1.0665436632536973,3981.8611920841854,-266436.6924938112,39.37687033560865,0.059077838452787274
293,27325.0,299.18693013492043,1.0665742709750565,3985.505234498865,-266436.6926262518,39.401998570294786,0.05912602947845807
294,27350.0,299.17933159435006,1.0666056418079093,3989.1494955435014,-266436.6926989266,39.42713166553673,0.05917129830508477
295,27375.0,299.15578413175655,1.06664086036036,3992.7939644977464,-266436.6927516971,39.451653490991,0.05921999549549552
296,27400.0,299.1421105723904,1.0666823075196405,3996.4381888260373,-266436.69354165543,39.47654841301908,0.059276907968574655
297,27425.0,299.12089824832196,1.0667308914988813,4000.083577427292,-266436.69371576625,39.50121613870247,0.059345388143176754
298,27450.0,299.11004011705666,1.0667858929765883,4003.7293297012247,-266436.6935832174,39.52605185730212,0.05942583389074695
299,27475.0,299.1314276255553,1.0668443299999997,4007.3751838311096,-266436.69412846,39.55042951,0.05951363888888891
300,27500.0,299.1469461218159,1.0669011782945734,4011.0214220188245,-266436.69356366334,39.57535113732004,0.059598483942414196
301,27525.0,299.17184829470176,1.0669509790286973,4014.6676409724046,-266436.6931560353,39.6006435419426,0.059668614790287
302,27550.0,299.1715098899887,1.0669890869086907,4018.313971346533,-266436.6917605303,39.62599752035204,0.0597149086908691
303,27575.0,299.1615795559208,1.0670129572368419,4021.960377978068,-266436.6902368542,39.65147465679825,0.05973358771929826
304,27600.0,299.1865176896172,1.0670237289617484,4025.607129216392,-266436.69060670165,39.67699257923498,0.059728755191256845
305,27625.0,299.1842040653592,1.067025002178649,4029.254087084966,-266436.6893603693,39.70269374074074,0.05970829847494555
306,27650.0,299.2161617448423,1.0670234451682952,4032.900701895764,-266436.69018462434,39.72818418892508,0.059683513572204146
307,27675.0,299.2321511547616,1.067023293290043,4036.5473190400417,-266436.6907086115,39.75293998484848,0.05966139177489179
308,27700.0,299.23455177885626,1.0670279331175834,4040.193955677453,-266436.69090309605,39.77819822545847,0.05964776699029128
309,27725.0,299.21659495483846,1.0670414311827956,4043.840990252687,-266436.69042313227,39.8032402344086,0.05964978709677421
310,27750.0,299.1936961221862,1.0670686613076097,4047.487781257234,-266436.6900349818,39.82800818113612,0.059676690246516624
311,27775.0,299.1749409999997,1.0671141987179487,4051.1345155512818,-266436.6897126496,39.85249833226496,0.05973878311965813
312,27800.0,299.1667112300317,1.0671782673056442,4054.7818876123533,-266436.6894554207,39.876876104366346,0.05983897444089458
313,27825.0,299.1799266963904,1.0672584033970274,4058.429274316348,-266436.689936154,39.90058051167728,0.059973983014862016
314,27850.0,299.211198453968,1.0673502317460315,4062.0773693894175,-266436.6911296222,39.92398734497355,0.060135744973544986
315,27875.0,299.25152506118116,1.0674477088607595,4065.7254141149783,-266436.69337905804,39.94692859915612,0.06031175000000002
316,27900.0,299.2813376824393,1.0675448927444795,4069.3734973543633,-266436.69597593375,39.96976412302839,0.06048976761303892
317,27925.0,299.2443778301884,1.067637290356394,4073.0216139140457,-266436.6962354151,39.99315814989517,0.060660602725366886
318,27950.0,299.2000130700102,1.0677201149425286,4076.6697133584116,-266436.6965328036,40.016775706374084,0.06081308150470221
319,27975.0,299.1974768114581,1.067792771875,4080.317520525,-266436.69899106567,40.040669969791665,0.060944744791666686
320,28000.0,299.1859550114224,1.0678578785046728,4083.965314204569,-266436.7004984102,40.064093917964684,0.061060030114226393
321,28025.0,299.18656372153185,1.0679162194616976,4087.613307537267,-266436.70178780955,40.08690615942028,0.06115995134575571
322,28050.0,299.1916832456138,1.0679675882352941,4091.261378785345,-266436.70222645206,40.10959696904024,0.06124450051599589
323,28075.0,299.2130832119339,1.068012234567901,4094.909114589506,-266436.7026189311,40.13207270884773,0.06131562757201648
324,28100.0,299.2145333117946,1.0680491446153846,4098.556991191795,-266436.70160621643,40.154979432820504,0.06137260820512823
325,28125.0,299.2182800828218,1.0680776850715747,4102.204423488752,-266436.7005349458,40.178313604294466,0.06141552249488755
326,28150.0,299.23731988073365,1.0680971488277269,4105.851940752294,-266436.70029149036,40.20148320897043,0.06144390927624875
327,28175.0,299.23772522052815,1.0681058079268293,4109.499579656504,-266436.6991811789,40.22496521239836,0.06145448069105694
328,28200.0,299.2274895065853,1.0681038348530902,4113.147389219858,-266436.69762018544,40.249232136778105,0.061447282674772064
329,28225.0,299.2230595919189,1.0680926313131314,4116.795156948485,-266436.6962809889,40.2731641181818,0.06142430909090912
330,28250.0,299.2141658902313,1.0680730151057403,4120.443216287009,-266436.6948461219,40.29783764249747,0.06138689325276941
331,28275.0,299.19119916666637,1.0680469728915665,4124.091728331326,-266436.6929210623,40.323040961847376,0.061339214859437774
332,28300.0,299.1768794394392,1.0680163063063064,4127.740446363363,-266436.6913742693,40.34785308408407,0.06128442542542545
333,28325.0,299.17097998502965,1.0679832085828345,4131.3893932994015,-266436.68977657484,40.373309106786415,0.06122485029940121
334,28350.0,299.173932333333,1.067949608955224,4135.038106802985,-266436.687752201,40.39867921194029,0.061161884577114446
335,28375.0,299.1782602906743,1.0679166398809525,4138.686837583334,-266436.68488965573,40.42409177579364,0.061096885912698434
336,28400.0,299.1835770365971,1.0678851256182,4142.335688804154,-266436.6813282987,40.44984050544015,0.061031816023738895
337,28425.0,299.22946992899375,1.0678551114398425,4145.984667246548,-266436.6795000168,40.47570443096646,0.06096725838264302
338,28450.0,299.22552761651883,1.0678285181907574,4149.633298836775,-266436.675116001,40.50149639429694,0.060906291052114085
339,28475.0,299.2286090098036,1.0678082058823533,4153.281881992157,-266436.6713907588,40.526861781372546,0.06085475392156865
340,28500.0,299.23558807722355,1.0677954310850442,4156.930410203323,-266436.6686126911,40.55160321016617,0.060817862170088006
341,28525.0,299.24517409551623,1.0677910097465888,4160.578928312865,-266436.66696452926,40.57624040350876,0.060799360623781704
342,28550.0,299.2481351243923,1.067794944606414,4164.227338488824,-266436.66626861226,40.60065092225461,0.06079939747327505
343,28575.0,299.2225945339144,1.0678067267441862,4167.8757338604655,-266436.6655610688,40.62470713275193,0.060816027131782975
344,28600.0,299.20258553816393,1.0678237149758456,4171.524085045411,-266436.6661295855,40.648059166183565,0.0608431584541063
345,28625.0,299.1844226194602,1.0678432167630059,4175.17232565896,-266436.66736650193,40.67119381791907,0.06087469075144511
346,28650.0,299.1431463487029,1.0678653410182517,4178.820613705091,-266436.6675885264,40.694904037463964,0.06090935926993278
347,28675.0,299.13534382854374,1.0678934090038315,4182.468825445403,-266436.6694590919,40.718376877394626,0.06095417432950194
348,28700.0,299.1141476848134,1.0679302578796563,4186.116605954156,-266436.6698973858,40.7419286122254,0.06101731327602677
349,28725.0,299.0874360419044,1.0679761466666668,4189.764486141906,-266436.6689248038,40.76514429047618,0.061101091428571445
350,28750.0,299.11238181101584,1.0680304919278254,4193.412949427351,-266436.66905379196,40.78874605318138,0.06120552041785377
351,28775.0,299.1410454687497,1.0680899308712122,4197.061438760417,-266436.66816402646,40.812047758522716,0.0613235984848485
352,28800.0,299.14743728989583,1.0681472983947122,4200.709671357886,-266436.665546676,40.83548836355051,0.06143858734655337
353,28825.0,299.17887016195823,1.0681934849340868,4204.358339483993,-266436.66390672594,40.858956554613926,0.06152968173258006
354,28850.0,299.1808809971828,1.0682238150234742,4208.0072500985925,-266436.6610860797,40.881883215023464,0.06158650516431927
355,28875.0,299.20656028651655,1.0682367191011237,4211.655833117979,-266436.6604632864,40.90503951498126,0.06160612265917605
356,28900.0,299.20859513912205,1.0682304332399628,4215.304240240897,-266436.65995493083,40.928815650793645,0.06158749673202616
357,28925.0,299.1846403789569,1.0682067849162011,4218.952681658288,-266436.65930550086,40.9536611396648,0.06153797299813782
358,28950.0,299.19461891086326,1.0681707762302692,4222.6010796183855,-266436.661143064,40.979606899721446,0.06146961002785517
359,28975.0,299.2032457861108,1.0681284259259258,4226.249529387039,-266436.6633385703,41.00641980833333,0.06139353425925928
360,29000.0,299.1865811200367,1.068083891966759,4229.897715088644,-266436.664359071,41.03353463711911,0.06131656509695292
361,29025.0,299.1638402744012,1.0680420377532227,4233.545650177718,-266436.66481602564,41.06016331675875,0.06124538029465931
362,29050.0,299.17657456290146,1.0680066363636362,4237.1930524022055,-266436.66632746725,41.0862942892562,0.06118463544536273
363,29075.0,299.1847697399265,1.0679810897435897,4240.84027141209,-266436.66629369307,41.112077871794874,0.061138697802197814
364,29100.0,299.1983275305933,1.0679684593607306,4244.487201215527,-266436.66539844644,41.137715011872146,0.06111258173515982
365,29125.0,299.1963778014569,1.0679710291438982,4248.133984832424,-266436.66296452715,41.16252500728597,0.06111184426229509
366,29150.0,299.22863205903695,1.0679884359673026,4251.7809227665775,-266436.6617742206,41.187093345140774,0.061138688465031794
367,29175.0,299.28095728260837,1.0680176748188408,4255.427791811596,-266436.66130925616,41.21156511231884,0.06118902355072464
368,29200.0,299.291600663053,1.0680549105691057,4259.074524551944,-266436.6592277433,41.23607926829268,0.06125694399277326
369,29225.0,299.3304968099096,1.0680953333333334,4262.720878400903,-266436.66009806114,41.26145819549549,0.06133277657657658
370,29250.0,299.3250468481578,1.0681354806828394,4266.36736977179,-266436.6606838588,41.28694661904761,0.0614086316262354
371,29275.0,299.3007700304656,1.0681736030465951,4270.013968988354,-266436.66214736097,41.31308585573476,0.06147893100358423
372,29300.0,299.2678939204644,1.068210032171582,4273.660522039323,-266436.6643510776,41.33970845933869,0.06154253440571939
373,29325.0,299.2266023315505,1.0682456060606063,4277.307271406419,-266436.6665228189,41.36628404010695,0.06159993048128343
374,29350.0,299.2107068808886,1.0682815173333335,4280.9545306337795,-266436.6695745465,41.39299049155555,0.061653980444444444
375,29375.0,299.1938178989359,1.0683187092198583,4284.602187642732,-266436.67173567624,41.41917963829787,0.061707929964539
376,29400.0,299.2041954526964,1.0683570954907162,4288.250067245802,-266436.6738492987,41.444902641025635,0.06176258355437665
377,29425.0,299.1750915978833,1.0683974347442682,4291.8982998818365,-266436.6722005713,41.4705454047619,0.06182033421516754
378,29450.0,299.19641815039546,1.0684393553210203,4295.546776868955,-266436.67111353105,41.496221703605976,0.06188119085312224
379,29475.0,299.23189136052605,1.06848205877193,4299.195600525441,-266436.6691147305,41.521694195614025,0.06194376842105262
380,29500.0,299.28942216010466,1.0685246036745408,4302.84470433421,-266436.667845425,41.54699240244968,0.06200616972878389
381,29525.0,299.33220933856865,1.0685667521815012,4306.494171811521,-266436.6665718838,41.571792011343796,0.06206783071553227
382,29550.0,299.3528507806785,1.0686087763272414,4310.143572686687,-266436.6656365577,41.595889502175794,0.06212937859007831
383,29575.0,299.3610391215274,1.068649295138889,4313.79289050521,-266436.6659179625,41.619477659722214,0.06218791232638887
384,29600.0,299.33858476623345,1.0686889064935066,4317.4419349402615,-266436.66635877383,41.64321606580086,0.06224450043290042
385,29625.0,299.3200129905005,1.0687295639032817,4321.091308745253,-266436.6680402606,41.66681997409325,0.06230340673575128
386,29650.0,299.30390551679557,1.068773136089578,4324.74056900517,-266436.6702476285,41.689897865633064,0.06236885357450472
387,29675.0,299.29085881701,1.0688218805841927,4328.3897919776655,-266436.67231012095,41.71353308161511,0.06244602663230239
388,29700.0,299.29086416538104,1.068877665809769,4332.038948272496,-266436.6743201712,41.73722790488431,0.0625398474721508
389,29725.0,299.2585316829057,1.0689398393162395,4335.688684095729,-266436.6739326212,41.76056907521366,0.06265003333333331
390,29750.0,299.24861394202867,1.0690048005115091,4339.339139400684,-266436.67346713366,41.78327356777493,0.0627692472293265
391,29775.0,299.26460684013574,1.0690670697278915,4342.989866634356,-266436.6731217855,41.80576604166666,0.06288563605442175
392,29800.0,299.2745553350294,1.0691219660729434,4346.641011871927,-266436.67183799384,41.82829754707378,0.06298885156912637
393,29825.0,299.2952368214887,1.0691665516074451,4350.29236930034,-266436.6709790683,41.85058619966158,0.06307151269035531
394,29850.0,299.30609550970433,1.0692005029535867,4353.944004924052,-266436.67025118205,41.873289731645556,0.06313147004219408
395,29875.0,299.30075603619497,1.0692233787878789,4357.595486728116,-266436.669227387,41.896727902356886,0.06316718855218854
396,29900.0,299.29687056255216,1.0692354366078927,4361.247555901765,-266436.66877896705,41.920893961376976,0.06318038958858102
397,29925.0,299.30867226130624,1.0692366072026802,4364.8994270845915,-266436.6696290802,41.94538340368507,0.06317277889447236
398,29950.0,299.28105141687524,1.0692269624060151,4368.551335296576,-266436.66887393215,41.96952729239764,0.06314584043441938
399,29975.0,299.26926819083303,1.0692095141666669,4372.2034633716685,-266436.6691099156,41.993848295833324,0.06310549
400,30000.0,299.23515950872786,1.0691889717373235,4375.856079558605,-266436.6682616374,42.018037871986685,0.0630598379052369
401,30025.0,299.2446192918737,1.0691699344941958,4379.508428552241,-266436.66915827675,42.042168130182404,0.06301652570480928
402,30050.0,299.26039826716266,1.069155459057072,4383.160784483873,-266436.66941420326,42.06611815880891,0.0629808494623656
403,30075.0,299.298498742574,1.069147783828383,4386.812695909242,-266436.67039431335,42.09007912211219,0.06295648432343234
404,30100.0,299.3045287160491,1.0691473316872429,4390.464393001647,-266436.6700075109,42.11367048724278,0.06294400823045268
405,30125.0,299.30375620689625,1.0691519293924467,4394.115944622334,-266436.6698667822,42.1373014597701,0.06293981855500821
406,30150.0,299.31193397461067,1.0691592096642097,4397.767175741197,-266436.6711499965,42.16088157411956,0.06294045372645372
407,30175.0,299.2983552083331,1.0691668120915034,4401.4182045057205,-266436.6725136542,42.18428633169933,0.06294275898692811
408,30200.0,299.2878977946208,1.0691739779951102,4405.068972647923,-266436.67492856784,42.207828735126306,0.06294616381418093
409,30225.0,299.27836049024364,1.06918188699187,4408.719731821953,-266436.67802197865,42.23060959430892,0.06295254308943089
410,30250.0,299.24386188888866,1.0691920267639903,4412.370196145176,-266436.67992318305,42.2533217923763,0.0629638605028386
411,30275.0,299.24225129773436,1.0692066561488673,4416.021247323626,-266436.6831932967,42.27606182443363,0.06298497168284789
412,30300.0,299.2200600815171,1.0692289459241324,4419.672469598871,-266436.68475693604,42.29873467312346,0.06302319128329298
413,30325.0,299.22465109259235,1.0692602552334944,4423.323732516909,-266436.6867008613,42.32121242431559,0.0630819541062802
414,30350.0,299.2341705799194,1.0693001590361448,4426.975435051407,-266436.6878058536,42.343679723694756,0.06316092771084338
415,30375.0,299.25983817147414,1.0693465016025643,4430.627253834937,-266436.68858403346,42.36582982371792,0.06325623958333335
416,30400.0,299.27281275699414,1.069396098321343,4434.279062329338,-266436.68822636834,42.3877518193445,0.06336043565147882
417,30425.0,299.2832135287079,1.0694448724082937,4437.930744368422,-266436.68789424066,42.410152511164256,0.06346218899521532
418,30450.0,299.2613445139218,1.0694908910103422,4441.5825778074795,-266436.6865084533,42.432948059665854,0.06355480747812252
419,30475.0,299.267850206349,1.0695328753968256,4445.234215357144,-266436.68713186966,42.45590143015871,0.06363488650793651
420,30500.0,299.25876120031654,1.0695717901821062,4448.885692593034,-266436.68727261503,42.478683292953264,0.06370399049881235
421,30525.0,299.2537941832541,1.0696088886255926,4452.536969913904,-266436.6877808719,42.501315898894134,0.06376472116903634
422,30550.0,299.24409103073265,1.0696460394011034,4456.188026901498,-266436.6881246523,42.52419207486208,0.06382230732860521
423,30575.0,299.26659102830166,1.0696844166666668,4459.839354720913,-266436.69024402497,42.54693817138364,0.06388064465408806
424,30600.0,299.2723109592155,1.0697256533333335,4463.490767872942,-266436.6917295394,42.569783623529396,0.06394504470588236
425,30625.0,299.26705248122045,1.0697697707355245,4467.142559586074,-266436.69292047323,42.593061032081366,0.0640179874804382
426,30650.0,299.2738594871192,1.0698144465261517,4470.794609244342,-266436.6946457984,42.61616659172521,0.06409678064012492
427,30675.0,299.2585080957942,1.069858463395639,4474.446934048288,-266436.69525854813,42.63950763862928,0.06418020560747664
428,30700.0,299.2424571414139,1.0699010971250973,4478.099143000001,-266436.69577941863,42.66311878243978,0.06426682206682208
429,30725.0,299.2522417612401,1.0699410674418608,4481.751319687599,-266436.6973634262,42.686616293023256,0.0643515093023256
430,30750.0,299.2381630734723,1.0699772668213459,4485.403334843002,-266436.6976685799,42.710305235112145,0.06442823124516629
431,30775.0,299.2239247353393,1.0700083796296298,4489.055249077934,-266436.69785713643,42.73430291280865,0.06449174614197532
432,30800.0,299.2233981809082,1.070033729022325,4492.7068179184,-266436.69861894136,42.75826272748269,0.06454031254811395
433,30825.0,299.23292878725016,1.070053801843318,4496.358011390171,-266436.6997360743,42.78299011520738,0.06457577803379418
434,30850.0,299.20998050881207,1.0700717233716477,4500.008846819159,-266436.6994593378,42.807860357854416,0.06460411340996171
435,30875.0,299.21172805045853,1.0700894564220187,4503.6594372178915,-266436.7007356099,42.83287770795108,0.06462832415902142
436,30900.0,299.2079302425627,1.0701094790236465,4507.310408922961,-266436.7021510357,42.85808188405798,0.06465342715484365
437,30925.0,299.19719198782326,1.0701324855403354,4510.961811524355,-266436.7033641772,42.88284626255709,0.06468247716894979
438,30950.0,299.1984786279421,1.0701595216400914,4514.613287689447,-266436.7051125997,42.906800264996214,0.0647194214123007
439,30975.0,299.2166810393938,1.07019146969697,4518.264891384851,-266436.7073174423,42.93061348636365,0.06476698560606063
440,31000.0,299.23069193272846,1.070226698412699,4521.91643182162,-266436.7090536801,42.95425416250946,0.06482190022675739
441,31025.0,299.2357430656107,1.0702615920060337,4525.56811308145,-266436.7101825587,42.97758035143289,0.06487593589743591
442,31050.0,299.2279301392022,1.0702922979683978,4529.219746588415,-266436.7109026944,43.000604015048914,0.06492032957110612
443,31075.0,299.2129191719217,1.0703167957957962,4532.871312019522,-266436.7112883047,43.02365456306307,0.06495106156156158
444,31100.0,299.22327290262155,1.0703359198501876,4536.5228334015,-266436.71317384555,43.046910898127344,0.06497077902621724
445,31125.0,299.2072954686097,1.070350378176383,4540.1745564947705,-266436.71400838776,43.0697027600897,0.06498208221225711
446,31150.0,299.1823503064875,1.070359531692767,4543.82644620582,-266436.7146219119,43.09249355928412,0.06498459209545117
447,31175.0,299.17551247767835,1.0703629040178575,4547.478638790181,-266436.7162909828,43.115203395089296,0.06497773735119049
448,31200.0,299.1812841076464,1.0703601670378622,4551.130642961399,-266436.7185382582,43.13856614253899,0.06496129918337046
449,31225.0,299.16340305481464,1.0703530066666669,4554.7826131118545,-266436.7193991962,43.16227971703705,0.0649385488888889
450,31250.0,299.14849420473,1.0703428477457504,4558.434707104216,-266436.7201010539,43.18596064153734,0.06491246267553585
451,31275.0,299.1717513274334,1.0703321696165193,4562.086704017702,-266436.7221683192,43.20991805014751,0.06488728687315636
452,31300.0,299.1783642384104,1.0703233406916852,4565.7383111258305,-266436.72271216917,43.234211221486404,0.06486706401766006
453,31325.0,299.2007266372979,1.0703157804698975,4569.389859719532,-266436.7234950932,43.258345109397965,0.06485049853157124
454,31350.0,299.19784230256386,1.07030975970696,4573.041572942859,-266436.72269756254,43.281781802930425,0.06483699340659342
455,31375.0,299.2069923369881,1.0703068940058482,4576.692976048247,-266436.7225717667,43.30495638011698,0.06482732529239768
456,31400.0,299.209548379285,1.0703087607585706,4580.344575418674,-266436.7224093026,43.328118797957714,0.06482348140043766
457,31425.0,299.230430642649,1.0703165618631736,4583.996172988357,-266436.72355984413,43.35139936462884,0.06482814410480352
458,31450.0,299.22198878358734,1.0703308039215689,4587.647698713872,-266436.72349051625,43.37454913362384,0.06484327668845319
459,31475.0,299.22530807173894,1.070349864492754,4591.299071371741,-266436.72437233105,43.39784364275364,0.06486677608695655
460,31500.0,299.2374129920461,1.0703727881417213,4594.950140761389,-266436.7260466456,43.42116405567609,0.06489726391901665
461,31525.0,299.230494706349,1.0704006132756136,4598.6010273636375,-266436.72728740535,43.444388483405504,0.06493711471861476
462,31550.0,299.22631365730723,1.0704339964002882,4602.2517921663075,-266436.72897209995,43.46764865874732,0.06498817350611955
463,31575.0,299.2246106343389,1.0704742995689658,4605.902650534484,-266436.73102598195,43.49068736709773,0.06505392456896554
464,31600.0,299.2306310939066,1.0705214702508963,4609.553918979212,-266436.7334266522,43.513402342652356,0.06513493333333337
465,31625.0,299.2315864878396,1.0705735257510733,4613.205354644492,-266436.735570678,43.535656359084435,0.06522711731044352
466,31650.0,299.21848476516755,1.070627667380443,4616.857014768737,-266436.7370370777,43.55777225481802,0.06532441113490367
467,31675.0,299.2055053668089,1.0706795384615388,4620.508962273504,-266436.7383800028,43.580157523504305,0.06541720940170943
468,31700.0,299.1936881776828,1.0707256169154231,4624.161201448472,-266436.73973168863,43.60284891044779,0.06549772281449898
469,31725.0,299.1732526375884,1.0707647418439719,4627.813702732624,-266436.7405637148,43.62596903617025,0.06556327659574472
470,31750.0,299.1530027388533,1.0707977919320597,4631.466339936306,-266436.7412395548,43.64862198159946,0.06561547133757965
471,31775.0,299.14427918220315,1.0708273545197742,4635.118992933616,-266436.7421221073,43.67172952471754,0.06565986652542377
472,31800.0,299.1596022847073,1.0708558174770968,4638.771695059197,-266436.74391443544,43.69482563988727,0.06570216913319242
473,31825.0,299.16860036497866,1.0708839409282702,4642.424749589311,-266436.7450136272,43.717849142053474,0.06574446905766529
474,31850.0,299.1720242778945,1.0709108877192983,4646.077550781754,-266436.7455329642,43.74080237684213,0.06578529754385969
475,31875.0,299.1736746274507,1.070934173669468,4649.730072603641,-266436.7456733893,43.76376295028014,0.06581992507002804
476,31900.0,299.19059866526874,1.0709526904262756,4653.3826480936405,-266436.74662866315,43.786883965059424,0.06584718518518522
477,31925.0,299.1971856164572,1.070968018131102,4657.035063365411,-266436.7471677852,43.810301486053014,0.0658719776847978
478,31950.0,299.2052411482252,1.0709815295755047,4660.687283173277,-266436.7478547042,43.83377529436327,0.06589897633959642
479,31975.0,299.20718170555523,1.0709953062500002,4664.339211196527,-266436.74842611596,43.85675479444446,0.06593315694444449
480,32000.0,299.1813558066525,1.0710108981288982,4667.990881185723,-266436.74777362647,43.87960773388775,0.06597660013860018
481,32025.0,299.19341028215734,1.071028144536653,4671.642421207468,-266436.7493283174,43.90205924896268,0.06602678838174278
482,32050.0,299.2030623195304,1.0710461331953072,4675.293750128364,-266436.7507990856,43.92388519737753,0.06607968530020708
483,32075.0,299.20228112672146,1.071064617768595,4678.944996102616,-266436.75208654336,43.94561393250691,0.06613471005509647
484,32100.0,299.2055104336767,1.0710825711340206,4682.596472861854,-266436.7538114777,43.96747709072167,0.06619145910652925
485,32125.0,299.1920530500683,1.071100839506173,4686.248352830588,-266436.75489574415,43.98978811522636,0.06625235253772295
486,32150.0,299.18213180492785,1.071120702258727,4689.900121548253,-266436.75614049827,44.01241708624232,0.0663195817932923
487,32175.0,299.14640621584675,1.0711432534153007,4693.55203571243,-266436.75592725136,44.03530534494537,0.0663951885245902
488,32200.0,299.12933571779115,1.0711686475800957,4697.204063220175,-266436.7559375576,44.058565041581474,0.06647759032038177
489,32225.0,299.14149932789087,1.0711972598639459,4700.8560293551,-266436.75676050136,44.08111853129253,0.06656500000000003
490,32250.0,299.1636826252543,1.0712296917854722,4704.5078479511185,-266436.7575846884,44.1035391934827,0.0666563815342838
491,32275.0,299.16109061517585,1.0712672886178867,4708.160004448508,-266436.7568588049,44.12633455216804,0.06675311788617888
492,32300.0,299.16977737660545,1.0713091791751186,4711.812166536846,-266436.7564014483,44.148783090601775,0.0668532427315754
493,32325.0,299.19128897233435,1.0713532914979762,4715.464326269228,-266436.75658821326,44.17125869500677,0.06695250134952768
494,32350.0,299.20549990841715,1.0713965111111117,4719.116593649155,-266436.7568344694,44.19353822020204,0.0670452787878788
495,32375.0,299.2251267748652,1.0714358978494627,4722.768862242605,-266436.7581103038,44.21553266868281,0.06712653158602151
496,32400.0,299.22916271294395,1.0714681529175052,4726.421100328636,-266436.75959954795,44.23683634607647,0.06718996244131457
497,32425.0,299.2051542001335,1.0714918902275774,4730.0731678266375,-266436.76043464727,44.25805464993309,0.06723311111111113
498,32450.0,299.1916588737471,1.0715084889779563,4733.725175330659,-266436.7619005571,44.279509195056804,0.06725954175016702
499,32475.0,299.1713766706663,1.0715213280000004,4737.377369299998,-266436.76269021933,44.301566078000015,0.06727695933333336
500,32500.0,299.16945454757115,1.0715328722554895,4741.029598585494,-266436.7636829887,44.323690926813065,0.06729114504324686
501,32525.0,299.1677604442227,1.0715447742363882,4744.681734509958,-266436.76376467996,44.346383260292185,0.06730569123505978
502,32550.0,299.19243239098705,1.0715574115308155,4748.334058318089,-266436.7642497674,44.369217199469865,0.06732181643472501
503,32575.0,299.1930809623012,1.0715708472222227,4751.986721810183,-266436.7629907467,44.39227527050266,0.06734003968253971
504,32600.0,299.2189268481844,1.0715860976897695,4755.639439475245,-266436.76285260596,44.4153084818482,0.06736288844884492
505,32625.0,299.22045059420253,1.0716042529644274,4759.292025017125,-266436.7616469546,44.43834981686431,0.06739322727272731
506,32650.0,299.216656741617,1.0716274608809997,4762.9445228297145,-266436.7605976838,44.46125237869824,0.06743578961209733
507,32675.0,299.19570996456656,1.0716576870078744,4766.596743061021,-266436.75928944553,44.48361010039371,0.06749445931758533
508,32700.0,299.1863780969217,1.0716961440733468,4770.249163397509,-266436.75917185395,44.50601970726917,0.06757182187295353
509,32725.0,299.1909145392153,1.0717433843137258,4773.901290867318,-266436.7600612209,44.528026238562106,0.06766935490196083
510,32750.0,299.1946305088059,1.071798458577952,4777.553567951726,-266436.76126029744,44.54919951859101,0.06778515981735164
511,32775.0,299.19869562499963,1.0718592473958337,4781.205868556638,-266436.7627875397,44.56988688997397,0.0679145807291667
512,32800.0,299.20716937036997,1.0719234574398964,4784.8584141890815,-266436.7645139519,44.59091353021444,0.06805136647173493
513,32825.0,299.19785371660146,1.071988011673152,4788.511149228272,-266436.76509779633,44.61157383657589,0.06818621984435802
514,32850.0,299.1964709346275,1.07204894433657,4792.164280684139,-266436.76580902585,44.63214492297736,0.06830840129449842
515,32875.0,299.19436582364307,1.0721040129198969,4795.817415510333,-266436.76609859883,44.653227818475465,0.06841304780361761
516,32900.0,299.1988130064471,1.0721521244358483,4799.47064816892,-266436.76638370147,44.674554977433935,0.06849917859445524
517,32925.0,299.2070447014153,1.0721926113256117,4803.124387239379,-266436.76650090737,44.6962170810811,0.0685672535392536
518,32950.0,299.21311372960787,1.0722254457289664,4806.778245346818,-266436.76609158254,44.718065452151585,0.06861879126525375
519,32975.0,299.20653935576894,1.0722503217948722,4810.432179016664,-266436.7647944801,44.74006861025642,0.06865445897435903
520,33000.0,299.23204167690307,1.0722677204094693,4814.086145440177,-266436.764972046,44.76244082853488,0.06867650287907875
521,33025.0,299.239929704342,1.072279282886335,4817.740069328861,-266436.76396644313,44.78542873690933,0.06868871008939981
522,33050.0,299.2348835162521,1.0722871829190572,4821.393867286167,-266436.7623358426,44.80861596558318,0.06869501274697265
523,33075.0,299.2278318225188,1.0722942538167943,4825.048309601779,-266436.76067247137,44.832158167938935,0.06870056043257003
524,33100.0,299.2548877885711,1.0723040088888893,4828.704795052696,-266436.7609911893,44.85556385714286,0.06871138920634925
525,33125.0,299.27230873384,1.0723195278833972,4832.363265126106,-266436.7613714354,44.87891890937897,0.06873288846641323
526,33150.0,299.2702774838707,1.072342529411765,4836.023763983552,-266436.7614975839,44.90168397912714,0.06876880265654653
527,33175.0,299.25265995075733,1.0723736818181822,4839.6861700795425,-266436.7615473719,44.92423147790405,0.06882143686868691
528,33200.0,299.2243307523627,1.0724123994959047,4843.350381415876,-266436.76154459995,44.94655121739131,0.06889085066162576
529,33225.0,299.2114097899368,1.0724574534591198,4847.016464661003,-266436.76239722146,44.9685242100629,0.0689753050314466
530,33250.0,299.2078329460135,1.072508081607031,4850.684267719394,-266436.763351958,44.990695826742005,0.06907307972379163
531,33275.0,299.2157409718042,1.0725639786967422,4854.353897887215,-266436.764624938,45.01322631641605,0.06918277568922311
532,33300.0,299.2264234465288,1.0726233339587246,4858.025387560347,-266436.7658383803,45.03557133145717,0.06929977798624146
533,33325.0,299.2441645368287,1.0726822721598006,4861.698657831457,-266436.76700342767,45.05819766978777,0.06941460861423226
534,33350.0,299.2485986286602,1.072738329595016,4865.373784061679,-266436.76743835147,45.081086899065426,0.06952155389408106
535,33375.0,299.25856605223856,1.0727905640547266,4869.050857786066,-266436.7684279466,45.10465499564677,0.06961895398009955
536,33400.0,299.24765633954036,1.0728380633147117,4872.729726259463,-266436.7687888902,45.12838979019243,0.0697051086281813
537,33425.0,299.2459691957866,1.0728798469640648,4876.410249208176,-266436.7700392064,45.15231312329616,0.069778185873606
538,33450.0,299.2366098991958,1.0729166963512682,4880.092520051327,-266436.7710538999,45.1762988664193,0.06984044588744594
539,33475.0,299.22263174938246,1.072950070370371,4883.776666220368,-266436.7716887594,45.20057488395062,0.06989547716049388
540,33500.0,299.21529948182354,1.0729804830560694,4887.4624529581,-266436.77228472225,45.224975419593356,0.06994488354898341
541,33525.0,299.2174909009837,1.0730084323493239,4891.150085528902,-266436.7728067418,45.24914088314884,0.06999073247232476
542,33550.0,299.21416544198865,1.073034519337017,4894.83929671516,-266436.77235485154,45.2732162694905,0.07003537630448131
543,33575.0,299.2221928247546,1.0730590612745101,4898.530449888478,-266436.7718420265,45.29719476654412,0.07007998713235299
544,33600.0,299.2483936006113,1.0730820055045873,4902.2234104819545,-266436.77179645636,45.32141641651377,0.07012375963302757
545,33625.0,299.2873764713061,1.0731026880341883,4905.9180909597035,-266436.772537969,45.34602656227108,0.07016414407814413
546,33650.0,299.2902571334549,1.0731202187690434,4909.614618017669,-266436.7720729575,45.370436726386366,0.07019816026812924
547,33675.0,299.2753950182478,1.0731348990267644,4913.312809936128,-266436.771465449,45.394886329683715,0.07022542761557182
548,33700.0,299.27657571038213,1.0731482106860961,4917.012536156039,-266436.77245977544,45.41963593139042,0.0702481074681239
549,33725.0,299.27177927939357,1.0731620793939396,4920.713671796967,-266436.77377112315,45.4444764648485,0.07027023030303035
550,33750.0,299.26209143557134,1.0731782915910468,4924.41660149062,-266436.7753111362,45.46952733817303,0.07029540350877199
551,33775.0,299.2564297330914,1.073198241545894,4928.121245671495,-266436.77714156103,45.49434643599035,0.0703265694444445
552,33800.0,299.23901810970426,1.0732216654611213,4931.8276756214555,-266436.7780066456,45.51866249608199,0.07036385412899342
553,33825.0,299.241211711191,1.0732474765342963,4935.5359404055325,-266436.7793493105,45.542850945848386,0.07040570397111919
554,33850.0,299.24632444624586,1.0732736642642644,4939.246018287685,-266436.78021116403,45.566691979579595,0.07044798198198203
555,33875.0,299.25780831654635,1.0732981396882495,4942.957672681652,-266436.7808827171,45.5906472260192,0.07048607314148687
556,33900.0,299.27828184440415,1.073319671454219,4946.670765588267,-266436.7816868217,45.614427851585894,0.070517657091562
557,33925.0,299.25771958303426,1.0733368847072882,4950.385431762244,-266436.78028209147,45.63811264994028,0.0705402562724015
558,33950.0,299.2427260977933,1.0733488437686345,4954.1017446249225,-266436.7790167741,45.66150753011332,0.07055222063208115
559,33975.0,299.2460621154758,1.0733560083333333,4957.819679128569,-266436.77850184945,45.6848767059524,0.07055475357142862
560,34000.0,299.26248579619687,1.0733607629233513,4961.539390404038,-266436.77844571305,45.708175556743925,0.07055269340463463
561,34025.0,299.2788126447208,1.073365228351127,4965.260633331552,-266436.7786202747,45.7314175682088,0.07055076215895617
562,34050.0,299.2770486761393,1.0733706767317939,4968.9837766974515,-266436.77833721024,45.75501169745413,0.07055212078152757
563,34075.0,299.26264056619345,1.0733784249408982,4972.708528453898,-266436.77801235113,45.7785777174941,0.07055956619385348
564,34100.0,299.25086916755123,1.073389849557522,4976.433349258994,-266436.7782331871,45.80200466194692,0.07057552684365787
565,34125.0,299.24365984275585,1.0734068669022379,4980.158026803884,-266436.7788771626,45.82545686336868,0.07060378916372206
566,34150.0,299.2435555808344,1.0734314191651968,4983.882811168721,-266436.7798703904,45.84883954967667,0.07064872721928281
567,34175.0,299.2369840563377,1.0734648744131454,4987.607664799879,-266436.7803257072,45.87228836795776,0.07071410739436623
568,34200.0,299.2366778008198,1.073506230814294,4991.332632746921,-266436.78088129475,45.895860782659646,0.07079873989455189
569,34225.0,299.2479997906429,1.0735527198830408,4995.057710909939,-266436.7819396293,45.9193933888889,0.07089589532163747
570,34250.0,299.26167845592494,1.0736005504962054,4998.782937681842,-266436.78311353654,45.94341418388793,0.07099555808523063
571,34275.0,299.2597869061768,1.0736460355477855,5002.508217085661,-266436.78372296743,45.967737693473204,0.07108825990675995
572,34300.0,299.26227402443243,1.0736867405468296,5006.233615999415,-266436.7846065469,45.991927965096004,0.07116818440954047
573,34325.0,299.2452052810682,1.0737232020905922,5009.95914776887,-266436.78449001745,46.0160280081301,0.07123695586527298
574,34350.0,299.23240183652143,1.0737559455072463,5013.6849563698515,-266436.7843394893,46.04013556869567,0.07129604173913048
575,34375.0,299.23330036053204,1.0737840243055554,5017.4110168396965,-266436.7846546291,46.064181040509276,0.07134361516203708
576,34400.0,299.2288566372036,1.0738066868861929,5021.137347128247,-266436.7843840919,46.08818332466783,0.07137877065280189
577,34425.0,299.2457951562857,1.073824678777393,5024.863917064011,-266436.7849405214,46.11263269550174,0.07140393771626302
578,34450.0,299.2500169147953,1.0738391197466894,5028.590854828437,-266436.78445064946,46.13705332757629,0.07142212262521594
579,34475.0,299.2522240402296,1.0738514097701146,5032.317893054021,-266436.7834611403,46.161323314942535,0.07143662471264373
580,34500.0,299.24164670051607,1.0738620034423405,5036.045098775671,-266436.7814605061,46.1856205375789,0.07144852839931158
581,34525.0,299.247101230813,1.0738723029782355,5039.77255774341,-266436.7799460963,46.20966169243987,0.0714598860252005
582,34550.0,299.2765679491135,1.0738835860491707,5043.500032303599,-266436.77951777884,46.2336674373928,0.07147273584905665
583,34575.0,299.3075804571915,1.0738954474885842,5047.227522678079,-266436.7793924487,46.25746040582193,0.07148681392694069
584,34600.0,299.32004655156663,1.0739078934472932,5050.955119464954,-266436.7790326593,46.28095946495728,0.07150301082621088
585,34625.0,299.3217409431169,1.0739205437997723,5054.682764348119,-266436.7791048999,46.304517454493755,0.07152056825938571
586,34650.0,299.30568703009624,1.073932495741056,5058.410500088583,-266436.7791794299,46.32817601873936,0.07153684951731976
587,34675.0,299.2878070141721,1.0739436400226754,5062.138441615643,-266436.779739097,46.35194298582768,0.07155108390022681
588,34700.0,299.27280258573825,1.0739540260328237,5065.86663376174,-266436.78051240864,46.376228323712525,0.07156299943406909
589,34725.0,299.2582549870054,1.0739645785310732,5069.595031384178,-266436.78110583796,46.40074422711866,0.07157424971751418
590,34750.0,299.2561966666664,1.0739761443880425,5073.323657434853,-266436.78185963177,46.42544129723634,0.07158738014664416
591,34775.0,299.25628748873845,1.0739882421171167,5077.052290528713,-266436.78200779116,46.45063514414416,0.07160277590090096
592,34800.0,299.2619238538502,1.0739988645306349,5080.780972651486,-266436.7818787004,46.476144798763364,0.07161703878583481
593,34825.0,299.25578138776626,1.074005404040404,5084.509753952298,-266436.78086567175,46.50187040684625,0.07162525813692486
594,34850.0,299.2572648274507,1.0740059938375348,5088.238471906439,-266436.78009474406,46.5280019462185,0.07162387002801127
595,34875.0,299.2666945855702,1.0740013333333331,5091.96715695078,-266436.77984479704,46.55412892505594,0.07161367897091729
596,34900.0,299.27268913065296,1.0739934416527077,5095.695986496926,-266436.7796037131,46.58047645728645,0.07159789112227812
597,34925.0,299.268758140468,1.0739846443701224,5099.424845557967,-266436.7790724092,46.6066875975474,0.07158016833890753
598,34950.0,299.26972070617666,1.0739771157484694,5103.153594917637,-266436.7791206317,46.63264816026713,0.07156366110183646
599,34975.0,299.25970994666636,1.0739727416666665,5106.882221714442,-266436.7789842395,46.65826986555557,0.07155170222222228
600,35000.0,299.2519527958954,1.0739731613976702,5110.610682785909,-266436.77917400555,46.683660079866904,0.07154763227953417
601,35025.0,299.2632623654482,1.0739790941306753,5114.339157635102,-266436.780557907,46.70878650387598,0.07155309800664457
602,35050.0,299.27155419624074,1.0739895610834713,5118.067504033164,-266436.78203143895,46.7338548756219,0.07156653786622448
603,35075.0,299.2654642411697,1.0740026120309047,5121.795865382447,-266436.7830450889,46.75898042604857,0.07158372461368659
604,35100.0,299.2509630804405,1.0740166798898068,5125.524278752063,-266436.7837917791,46.784095925068875,0.0716012198347108
605,35125.0,299.2412523074805,1.0740302128712866,5129.252539805278,-266436.7847829236,46.8091769389439,0.07161625742574262
606,35150.0,299.2461397440964,1.0740431175178469,5132.980993728169,-266436.7863709951,46.834643867105996,0.07162980724876447
607,35175.0,299.2433627099778,1.0740555635964908,5136.70928995833,-266436.78761553566,46.860245036732465,0.07164348848684217
608,35200.0,299.23502353311414,1.0740675632183903,5140.437359811711,-266436.7885822305,46.88606228352491,0.07165854789272037
609,35225.0,299.2266629120216,1.0740790513661198,5144.165153655735,-266436.7893443968,46.912093253005466,0.07167606065573777
610,35250.0,299.2315340087286,1.0740896159301687,5147.8929779803575,-266436.7905473154,46.93814789143481,0.07169601200218227
611,35275.0,299.227343010893,1.0740992080610017,5151.620618699889,-266436.7909887795,46.964237281590414,0.07171879684095867
612,35300.0,299.2250035339856,1.0741082947253937,5155.347938535615,-266436.7913654557,46.990078812398046,0.07174551332245792
613,35325.0,299.21842803800195,1.0741167540716607,5159.074764970139,-266436.79133037466,47.01594282193268,0.07177558197611297
614,35350.0,299.2341987864496,1.0741229772357719,5162.801137730621,-266436.7923406429,47.04180939674797,0.07180416368563691
615,35375.0,299.24263980248895,1.074125679653679,5166.527133704542,-266436.79338120786,47.068022993506496,0.07182646807359312
616,35400.0,299.246626206915,1.074124364127498,5170.252647064287,-266436.79474559973,47.09447516747704,0.07183840518638579
617,35425.0,299.2320352594388,1.0741199449838184,5173.977971039371,-266436.79563088785,47.12093406472492,0.07183975080906155
618,35450.0,299.23099522994056,1.0741133925686588,5177.703093378026,-266436.79735971574,47.14703078836834,0.0718322880990846
619,35475.0,299.2109722182794,1.0741061881720426,5181.427819624728,-266436.7980101662,47.17303417473119,0.07181920000000006
620,35500.0,299.1871537139021,1.0740991239935582,5185.15236305582,-266436.7978345723,47.19884899033817,0.0718027611379496
621,35525.0,299.1907797926043,1.0740933938906747,5188.876494870843,-266436.7983161073,47.22456864898179,0.07178588853161849
622,35550.0,299.18924596361666,1.0740904601391112,5192.600191094164,-266436.7978246737,47.250137935794555,0.07177195238095242
623,35575.0,299.19140308653823,1.0740903643162387,5196.323514409184,-266436.7970453206,47.27573384027779,0.07176175641025646
624,35600.0,299.2077880847998,1.0740925002666661,5200.0463054154625,-266436.79679408274,47.30132067680001,0.07175485973333337
625,35625.0,299.20902515441935,1.074096550585729,5203.768696528217,-266436.79582641117,47.32664816666668,0.07175144408945691
626,35650.0,299.222888550239,1.0741010946305152,5207.490933751192,-266436.79584729834,47.35149018819778,0.07174923444976081
627,35675.0,299.222483492038,1.0741050552016982,5211.212895140654,-266436.7954690776,47.37624760509555,0.07174618949044591
628,35700.0,299.21581092845764,1.0741084679385262,5214.934403780069,-266436.7952366842,47.4010013428723,0.0717422517223106
629,35725.0,299.2011691920633,1.074110776719576,5218.655628568779,-266436.79519950907,47.425825220634934,0.07173634497354502
630,35750.0,299.1866666339142,1.0741115604860005,5222.376659527729,-266436.79549390764,47.4506119529847,0.07172779503433707
631,35775.0,299.17436945780565,1.0741124203586494,5226.097328002105,-266436.796175662,47.47529970675107,0.07171956803797472
632,35800.0,299.1577232380198,1.0741151758820429,5229.817596292782,-266436.7965398263,47.49988667614536,0.0717148077935756
633,35825.0,299.1429418895896,1.0741201745531015,5233.537546004201,-266436.7968456904,47.52421326340696,0.071714181913775
634,35850.0,299.1436878435693,1.0741267506561676,5237.2572775622,-266436.79767045047,47.548240271391094,0.07171658372703416
635,35875.0,299.12933923689695,1.0741338286163518,5240.976745100101,-266436.7973278837,47.57200947274635,0.07172009591194972
636,35900.0,299.14035612087883,1.0741405525902663,5244.696054445835,-266436.7979085113,47.59555245107276,0.07172335688121406
637,35925.0,299.14687186154623,1.0741465626959243,5248.415223657258,-266436.79793356435,47.619143311389784,0.07172582131661445
638,35950.0,299.1468259911317,1.0741500412102238,5252.134173657273,-266436.79751341586,47.64265057798646,0.07172444027125721
639,35975.0,299.15061741458305,1.0741493208333328,5255.853028270309,-266436.79706324387,47.665689638541686,0.07171696562500005
640,36000.0,299.17724774778964,1.0741433203328128,5259.571578075919,-266436.7976821816,47.68902173790954,0.07170182267290695
641,36025.0,299.17545288940784,1.0741327035306327,5263.2899912803705,-266436.797142336,47.71258117808932,0.07168032035306339
642,36050.0,299.1698993110417,1.0741196801451522,5267.008255302744,-266436.7968260727,47.736473733022315,0.07165550803525148
643,36075.0,299.16780653623164,1.074106448240165,5270.726314515006,-266436.7970346259,47.760849304865445,0.07162985559006216
644,36100.0,299.16746898346224,1.07409468992248,5274.444319401029,-266436.7977323515,47.78525635400519,0.07160524496124036
645,36125.0,299.1638120500513,1.0740858059855514,5278.161933381833,-266436.7987417194,47.8096675902993,0.07158423839009292
646,36150.0,299.15923517310637,1.0740808088614109,5281.879113880985,-266436.799874571,47.834105493560045,0.07156955847501292
647,36175.0,299.153548511831,1.0740799578189293,5285.595949435181,-266436.80099329486,47.858325954732535,0.07156292335390951
648,36200.0,299.15400330457084,1.0740826543400095,5289.31255572316,-266436.8023472662,47.88249882691322,0.07156387313816132
649,36225.0,299.14537235846126,1.0740879189743582,5293.02903860256,-266436.802864715,47.90658875333335,0.07157050717948722
650,36250.0,299.1457946513054,1.0740956026625694,5296.745786369684,-266436.8033859643,47.93060896518179,0.07158256374807992
651,36275.0,299.14716084867047,1.0741054396728007,5300.462443053166,-266436.8033857645,47.95429817535789,0.07160014723926385
652,36300.0,299.1598497488512,1.0741165824400194,5304.178902483917,-266436.8034382554,47.977927740684045,0.0716211250638081
653,36325.0,299.1777289067275,1.0741282782874608,5307.895249408763,-266436.803227414,48.00200899286445,0.07164304892966365
654,36350.0,299.20325164274783,1.0741387297709915,5311.611499407121,-266436.8030906414,48.02582607786262,0.07166187073791352
655,36375.0,299.21849381504035,1.0741470172764218,5315.327582912599,-266436.8023721592,48.04945295376018,0.07167534298780492
656,36400.0,299.22382820649386,1.074153271943175,5319.043455584979,-266436.80153748114,48.07328266362254,0.07168347539320147
657,36425.0,299.23169414184366,1.07415816616008,5322.759170818133,-266436.8014749728,48.09746134802433,0.07168752330293825
658,36450.0,299.2422358356092,1.0741624001011623,5326.474700256445,-266436.8024901089,48.12184977288823,0.0716887830045524
659,36475.0,299.2319558797977,1.0741667646464637,5330.190033236866,-266436.8033148663,48.14648261868689,0.07168961212121217
660,36500.0,299.1968642355015,1.074171923348461,5333.90528557085,-266436.80345064413,48.17115896419568,0.07169268330811907
661,36525.0,299.1676616752263,1.0741788665659606,5337.620652310672,-266436.8040121995,48.19548236203426,0.07170092245720044
662,36550.0,299.1585842252385,1.0741880085470075,5341.335826667669,-266436.8054057231,48.219481235796906,0.07171554298642539
663,36575.0,299.16371728062217,1.07419914006024,5345.051088547688,-266436.8070088204,48.24351931576308,0.07173612751004022
664,36600.0,299.17442772230544,1.0742114837092722,5348.766316430072,-266436.8082231485,48.26746612380955,0.07175997844611534
665,36625.0,299.17896624974946,1.0742232217217207,5352.482755954451,-266436.8086846448,48.291226997497525,0.07178246996997002
666,36650.0,299.1900707191401,1.074233276861568,5356.200230431281,-266436.80917814805,48.315084847076484,0.07180077011494258
667,36675.0,299.2010497499997,1.0742408587824341,5359.918816222053,-266436.80954629404,48.33894514970062,0.07181254091816373
668,36700.0,299.20741475784723,1.0742457219730932,5363.638445398103,-266436.80980391096,48.3630014225212,0.07181710563029403
669,36725.0,299.22008546567133,1.0742473084577104,5367.359130526862,-266436.81053797575,48.38688494129355,0.07181365174129359
670,36750.0,299.21752648832563,1.0742446736214595,5371.080869921506,-266436.8109110493,48.41104520963738,0.07180112071535028
671,36775.0,299.2108853839283,1.0742371369047607,5374.803737069936,-266436.8115833786,48.43558522718256,0.0717791210317461
672,36800.0,299.20413461218396,1.0742245671124309,5378.52759267855,-266436.8128152106,48.46061174640913,0.07174827786032695
673,36825.0,299.18022253165157,1.0742076740850632,5382.252398884763,-266436.81357738294,48.486279015825936,0.07171036646884278
674,36850.0,299.16274596938246,1.0741874725925915,5385.977942101725,-266436.8146174485,48.51211245876545,0.07166735506172846
675,36875.0,299.1432788357986,1.0741661454635099,5389.704302719424,-266436.8151291224,48.538334518244596,0.0716227041420119
676,36900.0,299.15261596405685,1.0741449635647455,5393.431570847853,-266436.816381718,48.564756988183184,0.07157830871491883
677,36925.0,299.16663130137636,1.0741256529006873,5397.1598587409,-266436.81719071296,48.59100133333335,0.071536842674533
678,36950.0,299.1775747098672,1.0741093510063808,5400.889067652916,-266436.8171368131,48.61748438978893,0.07150022680412377
679,36975.0,299.1908462083331,1.074096174999999,5404.619335238721,-266436.8166634021,48.6435429284314,0.07146890098039221
680,37000.0,299.1904676235925,1.0740861536955448,5408.350597461572,-266436.81539926544,48.669540765540894,0.07144300538423892
681,37025.0,299.1938261016615,1.0740793093841634,5412.08293603372,-266436.81427787646,48.6952375156403,0.07142289736070388
682,37050.0,299.19144947876987,1.0740755309907264,5415.816136062465,-266436.81290431734,48.72075058613961,0.0714090810151294
683,37075.0,299.209957839181,1.0740743123781669,5419.550169266566,-266436.8127034051,48.74662127729048,0.07140111111111118
684,37100.0,299.2314889892941,1.0740755420924566,5423.285120190751,-266436.81328366237,48.77265218345501,0.07139869975669107
685,37125.0,299.2435407137995,1.0740768061224482,5427.020939722056,-266436.8141285603,48.79856559863948,0.07139736637512155
686,37150.0,299.2419365424549,1.0740758209606978,5430.75765147986,-266436.8149406124,48.82462509655509,0.07139296360989818
687,37175.0,299.2471266845928,1.0740722795542628,5434.495149442341,-266436.8167276299,48.8503833396318,0.07138468265503883
688,37200.0,299.2264846052247,1.0740669419448468,5438.233703582967,-266436.81753541325,48.87601211369135,0.07137305563618779
689,37225.0,299.2134257260867,1.0740613661835738,5441.973086121253,-266436.81866573193,48.90177701739131,0.07136036714975852
690,37250.0,299.2003823347803,1.074057374336709,5445.713327063672,-266436.819362098,48.92764791944044,0.07134994790159196
691,37275.0,299.19920343930613,1.074056627167629,5449.45455270857,-266436.81993266527,48.95347376059731,0.07134511801541432
692,37300.0,299.197987248196,1.0740590933140923,5453.196671656081,-266436.8197983343,48.979132656565675,0.07134586676286683
693,37325.0,299.2188731974061,1.074064292987511,5456.939582112388,-266436.82020286843,49.004472557156596,0.07135097214217105
694,37350.0,299.241901807194,1.0740709841726608,5460.683350275775,-266436.8203354451,49.02938123069546,0.07135777218225425
695,37375.0,299.25220830411854,1.0740767188697309,5464.428176128828,-266436.81976317725,49.05409586302684,0.07136142193486596
696,37400.0,299.26342994117624,1.0740795475848868,5468.1740707101835,-266436.8194883286,49.07909538593976,0.0713588096604496
697,37425.0,299.2533866260743,1.0740794054441252,5471.920877105536,-266436.81862637826,49.10433880038206,0.07135042693409749
698,37450.0,299.2501374515973,1.0740769484978532,5475.668435026225,-266436.8186033057,49.12946304387222,0.07133792846924185
699,37475.0,299.25048942666643,1.0740732542857134,5479.417027583329,-266436.8190535167,49.15468302666669,0.07132341285714293
700,37500.0,299.2389213005228,1.0740692268188294,5483.166641876364,-266436.81898249843,49.17996864526869,0.07130858868283411
701,37525.0,299.239710890788,1.074064926400759,5486.917249103511,-266436.8194982484,49.20544001282054,0.07129375023741698
702,37550.0,299.244293824087,1.07406041251778,5490.668761829774,-266436.8201199043,49.23089451493601,0.07127921337126608
703,37575.0,299.25686389393917,1.0740564801136354,5494.421144434656,-266436.82098072924,49.25641714299245,0.07126715814393947
704,37600.0,299.24965426855766,1.0740543101654838,5498.174367318673,-266436.82068089134,49.282182098817984,0.07126031205673766
705,37625.0,299.2382543942396,1.0740545042492908,5501.928699446645,-266436.81982292875,49.30786610953732,0.07125978611898025
706,37650.0,299.25018619094743,1.074057590759075,5505.683908667606,-266436.8198292391,49.33341419990573,0.07126652758132963
707,37675.0,299.2630337702446,1.0740640136534831,5509.4401571082835,-266436.8197371399,49.359021204331476,0.07128081073446335
708,37700.0,299.27324960131614,1.0740730178655375,5513.197274748939,-266436.81989104755,49.38422801692527,0.07129962388340393
709,37725.0,299.27584694694815,1.074082292488262,5516.955560965725,-266436.8202492752,49.409435003286404,0.07131707042253528
710,37750.0,299.27455508626326,1.074089811064228,5520.714889409749,-266436.8211250498,49.434770585560265,0.07132852836380692
711,37775.0,299.2652309218162,1.074095245786516,5524.474746292132,-266436.8222112304,49.460325568820245,0.07133330992509371
712,37800.0,299.25013796259907,1.0740983655913972,5528.23434985881,-266436.82326049794,49.48608150116879,0.07133155399719503
713,37825.0,299.24555519467765,1.074099576563958,5531.993702239493,-266436.824779226,49.51196910270777,0.0713249957983194
714,37850.0,299.2368341468529,1.0740988158508151,5535.753066816781,-266436.8256961823,49.53784729090911,0.07131453846153854
715,37875.0,299.2418018854746,1.0740948300744873,5539.512240682493,-266436.82687112526,49.56390229376166,0.0712985744878958
716,37900.0,299.2371303960946,1.0740870953045087,5543.271430586236,-266436.82695735985,49.589700762436095,0.0712764151557416
717,37925.0,299.24121311095615,1.0740758351903428,5547.030496505105,-266436.8267460204,49.615211854224725,0.07124843871866303
718,37950.0,299.24801667130254,1.074063806675938,5550.789404579043,-266436.82604792906,49.6409090658322,0.07121908159480768
719,37975.0,299.26101726666644,1.0740538425925918,5554.548159963423,-266436.82528408244,49.66665111388891,0.07119303888888896
720,38000.0,299.2778275473877,1.0740469181692087,5558.306719754967,-266436.82488109666,49.692198699953785,0.07117217984281099
721,38025.0,299.2879321648198,1.074043427516158,5562.064985446443,-266436.8247475074,49.717663284395215,0.07115750507848577
722,38050.0,299.2688051825724,1.074042918395573,5565.823028913782,-266436.8239227713,49.742962133702186,0.07114833609958514
723,38075.0,299.2675618379372,1.0740453195211779,5569.580849903312,-266436.82468504144,49.767940693370186,0.07114456399631684
724,38100.0,299.26731694344807,1.0740518574712636,5573.33856439356,-266436.8260577366,49.79268839816094,0.07114871402298859
725,38125.0,299.2623385101008,1.074062156106519,5577.096245542237,-266436.8275531364,49.81716229063363,0.07116043158861349
726,38150.0,299.24999901696447,1.0740745754241166,5580.853641702426,-266436.8289075787,49.84168285786339,0.07117662265016056
727,38175.0,299.24577216895585,1.074087317765567,5584.61106114377,-266436.8308447084,49.866187897893795,0.0711936868131869
728,38200.0,299.2275953118425,1.0740986465477815,5588.368376734793,-266436.83186723053,49.89095403292183,0.07120811796982175
729,38225.0,299.21617472557057,1.074106988584474,5592.125814547028,-266436.83281008044,49.91582962739728,0.07121700958904117
730,38250.0,299.2291505841311,1.0741107669858634,5595.883217113996,-266436.8342902961,49.9408143652531,0.07121781805745563
731,38275.0,299.2409395341528,1.0741086470856094,5599.64068952322,-266436.83511372824,49.96604879508199,0.07120845355191265
732,38300.0,299.2422170104591,1.0741000718508404,5603.3980999158675,-266436.8350369496,49.99176073806277,0.071188522510232
733,38325.0,299.2542080086283,1.0740851721162572,5607.1554796762,-266436.83525397966,50.017700275204376,0.07115880653950962
734,38350.0,299.25963197641704,1.0740652072562349,5610.912713446256,-266436.8348903094,50.04362300816329,0.07112127845804997
735,38375.0,299.27295273052516,1.074040874094202,5614.669898280794,-266436.8347603212,50.06937289492756,0.07107725588768124
736,38400.0,299.26710863636345,1.0740129014020796,5618.426969311168,-266436.8336072371,50.09529498462236,0.0710278909995478
737,38425.0,299.26922087082187,1.0739829019873524,5622.183743642725,-266436.8330701031,50.121314401535706,0.07097554742547434
738,38450.0,299.2728162399637,1.0739529990978791,5625.940339845734,-266436.83285458334,50.147049514208405,0.07092358998646828
739,38475.0,299.27389871036013,1.073924968918918,5629.69671419324,-266436.832806551,50.172600684234254,0.07087495495495504
740,38500.0,299.26483548358055,1.073899914080071,5633.452793039132,-266436.83228049945,50.19794583265858,0.07083145748987862
741,38525.0,299.2715650494158,1.0738783805031435,5637.208630162171,-266436.83260624134,50.22293904896677,0.07079401662174312
742,38550.0,299.2625600655,1.0738608263795413,5640.964277481378,-266436.8321708628,50.24763111260657,0.0707632678331091
743,38575.0,299.2652387916665,1.0738480860215043,5644.719709645607,-266436.8323541336,50.27202557347672,0.07074036559139793
744,38600.0,299.2613666899327,1.073840717673377,5648.475024238475,-266436.8321479607,50.29623533736019,0.07072585458612984
745,38625.0,299.261777437444,1.0738389428060757,5652.230402182749,-266436.8321331279,50.320212009830215,0.07072038337801617
746,38650.0,299.27394656715734,1.0738418817492181,5655.985779027663,-266436.83272925357,50.343784265952706,0.07072279473449362
747,38675.0,299.27002262477697,1.0738475699643484,5659.74094822014,-266436.83286644175,50.36749455303032,0.07072984759358297
748,38700.0,299.27186185714265,1.0738538749443691,5663.495895065418,-266436.8338572093,50.390809444592804,0.07073780685358265
749,38725.0,299.2548881795554,1.0738586888888877,5667.250827099998,-266436.8345789824,50.41407341600002,0.07074234888888899
750,38750.0,299.23313860630253,1.0738607305814458,5671.005712787392,-266436.83551523404,50.43770988681759,0.07074060763426551
751,38775.0,299.21200761968066,1.073858664893616,5674.760471179962,-266436.83662789816,50.46154547916668,0.07073019193262421
752,38800.0,299.20309351040265,1.0738520048694102,5678.515210211153,-266436.83808155125,50.485530215139455,0.07071103010181505
753,38825.0,299.1893768297964,1.073840987179486,5682.269596587973,-266436.83878034895,50.50991744164458,0.07068431918656065
754,38850.0,299.19333646048545,1.0738264662251644,5686.023909864015,-266436.83962628973,50.53438994878589,0.07065205298013254
755,38875.0,299.2092788985889,1.0738096582892405,5689.777947101849,-266436.84018379555,50.558901175485026,0.07061653791887133
756,38900.0,299.2291667978862,1.0737915684720376,5693.531839243942,-266436.84034108295,50.58313470541613,0.0705793518273889
757,38925.0,299.24325765215457,1.0737739731750209,5697.285553591466,-266436.83992480487,50.60725633729113,0.07054306552330704
758,38950.0,299.2563751260428,1.0737585981554667,5701.0391058981095,-266436.83941659436,50.63134776592009,0.07051027931488811
759,38975.0,299.26573601359627,1.0737458298245603,5704.792517201313,-266436.83894811326,50.65546889385967,0.07048141885964922
760,39000.0,299.2829726903195,1.0737366022777037,5708.545890000874,-266436.8391351219,50.67935341787125,0.07045819579500666
761,39025.0,299.2789242755903,1.073732168416447,5712.298885754153,-266436.8387843685,50.703413082677194,0.07044315704286974
762,39050.0,299.27151023460004,1.073731980777631,5716.051878672781,-266436.8388050342,50.727565568807364,0.07043561817387516
763,39075.0,299.2746887652703,1.0737343232984282,5719.804809232983,-266436.83979082125,50.7513504467714,0.07043268019197217
764,39100.0,299.2636525193897,1.0737370422657941,5723.557359977776,-266436.84042893344,50.77513943834425,0.07043041045751644
765,39125.0,299.2550266671016,1.0737379295039156,5727.309638624454,-266436.84135684127,50.79917125413405,0.07042469843342046
766,39150.0,299.2445665145587,1.0737364141677523,5731.061603936548,-266436.8421932587,50.82332351108216,0.07041444285093448
767,39175.0,299.2397716462671,1.073732263888888,5734.8131756684015,-266436.8431091303,50.84736588628474,0.07039927951388898
768,39200.0,299.23465108019053,1.0737253584742081,5738.564406269179,-266436.84378608764,50.87157888773301,0.07037922193324674
769,39225.0,299.2257340999998,1.0737161588744581,5742.3153929255395,-266436.84387117496,50.89569746926409,0.0703553316017317
770,39250.0,299.223169986165,1.0737056342412443,5746.066102036747,-266436.8436798254,50.920041203199325,0.07032945092952884
771,39275.0,299.23113484326404,1.0736947115716746,5749.816561142486,-266436.8433307,50.94471249611401,0.07030317659758213
772,39300.0,299.249622699008,1.073683055627425,5753.566757659335,-266436.84311868227,50.969703191893075,0.07027588529538605
773,39325.0,299.2522832751936,1.0736701223083542,5757.316501230835,-266436.84212073655,50.99452940826875,0.07024653574504747
774,39350.0,299.2578065578493,1.0736562141935477,5761.065848334622,-266436.8415890969,51.01952429032259,0.07021562580645171
775,39375.0,299.268471174828,1.0736413277491403,5764.814905263315,-266436.8418653579,51.04454291108249,0.07018312414089357
776,39400.0,299.26593103560685,1.0736242951522947,5768.56365397812,-266436.8421933038,51.0697842972973,0.07014730158730169
777,39425.0,299.25176560625516,1.073605748071979,5772.312099301199,-266436.8424492709,51.09507668937447,0.07010918980291356
778,39450.0,299.24964850449277,1.073586335044929,5776.060463157466,-266436.8435694596,51.12056293453145,0.07006977920410794
779,39475.0,299.2392110243588,1.0735663893162388,5779.808500692307,-266436.8441820937,51.14627264957266,0.07002964572649584
780,39500.0,299.23809282586404,1.0735461002987619,5783.556344589414,-266436.8450476582,51.17198943747333,0.06998921254801548
781,39525.0,299.2344036342709,1.073525664535379,5787.303883142796,-266436.84544860496,51.19776447868713,0.0699489296675193
782,39550.0,299.24047737164733,1.073504572158365,5791.051250487441,-266436.8460031116,51.22344070114942,0.06990815964240113
783,39575.0,299.23798363435355,1.0734822648809519,5794.7983783435375,-266436.8458049231,51.24893936267007,0.06986603954081644
784,39600.0,299.241365683227,1.073458851380042,5798.545069876433,-266436.84555981663,51.27406821910828,0.06982269851380053
785,39625.0,299.2509742786258,1.0734345682782016,5802.291248625529,-266436.84531559085,51.29897161492791,0.06977832230703998
786,39650.0,299.2533771300295,1.073409113934773,5806.036924689537,-266436.8444900967,51.32361782507412,0.06973249978822543
787,39675.0,299.25528006175955,1.0733831747038913,5809.782321356174,-266436.8435359502,51.3479716104061,0.06968633502538082
788,39700.0,299.2680885901984,1.0733576062526402,5813.527281510349,-266436.8431455472,51.37194955006337,0.06964093240388688
789,39725.0,299.2796285675104,1.0733326999999997,5817.271908951053,-266436.8428282499,51.39614916708861,0.06959648565400856
790,39750.0,299.2810461812051,1.0733082313527178,5821.016075541506,-266436.8422811775,51.420453988622,0.06955230552043838
791,39775.0,299.28644200925913,1.0732842899831647,5824.760011449493,-266436.8422867471,51.44484918223906,0.06950830429292941
792,39800.0,299.2880199079444,1.073262035308953,5828.503467538879,-266436.84259159234,51.46949984195041,0.06946588734762517
793,39825.0,299.2736890915196,1.0732422976490341,5832.246686251047,-266436.84245147154,51.494055254827884,0.06942644542401354
794,39850.0,299.2613074243185,1.0732258838574422,5835.98962695723,-266436.84262015566,51.51845161299791,0.06939162431865839
795,39875.0,299.25340352386917,1.073213876884422,5839.732299487434,-266436.8430544243,51.54304144053602,0.06936353852596326
796,39900.0,299.2505438552905,1.0732070330405687,5843.47483758678,-266436.84351189213,51.567560489335015,0.06934393140945222
797,39925.0,299.26249585797814,1.073204699665831,5847.217429064324,-266436.8443429637,51.59196781161238,0.06933239807852977
798,39950.0,299.26366514851884,1.0732056950354607,5850.9598829532715,-266436.8442695775,51.61600660408846,0.06932742970379652
799,39975.0,299.26283410291654,1.073208357083333,5854.702253724163,-266436.84398472426,51.63993982333335,0.06932609666666678
800,40000.0,299.2650173587181,1.0732116084061587,5858.444490591341,-266436.84363032505,51.663859930503556,0.06932619683728683
801,40025.0,299.2754342689109,1.073214868661679,5862.186790778882,-266436.84350848134,51.68788787572736,0.0693261799667499
802,40050.0,299.2792591124947,1.07321801369863,5865.929046570773,-266436.8430505227,51.712354776670836,0.06932552511415536
803,40075.0,299.2915381252072,1.0732203055555554,5869.671133162931,-266436.842944493,51.73706082711445,0.06932279104477623
804,40100.0,299.30527056894397,1.073221065838509,5873.413005978049,-266436.8429140332,51.7618670741201,0.06931687660455498
805,40125.0,299.3143424094292,1.0732201555004135,5877.154628538871,-266436.8427547127,51.786939734491334,0.06930774317617877
806,40150.0,299.3011314320527,1.0732180218917802,5880.896265357286,-266436.841600226,51.8124094423792,0.0692964010739365
807,40175.0,299.29413539026393,1.0732152004950493,5884.637601023099,-266436.8407410925,51.838074685643576,0.06928388696369649
808,40200.0,299.2975999777502,1.0732122270292541,5888.3785671285505,-266436.84018143313,51.86380515739597,0.06927116646065112
809,40225.0,299.3052422275719,1.0732103255144032,5892.119136823042,-266436.83961047744,51.88969745185186,0.06926036995884785
810,40250.0,299.3134192967529,1.0732101849568434,5895.859446556512,-266436.83885541727,51.915415537607906,0.06925269379367048
811,40275.0,299.32923092487675,1.0732112483579637,5899.599375254923,-266436.8384812895,51.941319034893276,0.069247182676519
812,40300.0,299.3325794797047,1.0732126416564165,5903.338979760965,-266436.8377127623,51.96710304633047,0.06924243665436665
813,40325.0,299.3398174156428,1.0732137063882063,5907.0782640925445,-266436.8375417941,51.993108368550374,0.06923766257166268
814,40350.0,299.34431940981585,1.0732139398773004,5910.8174202740265,-266436.8377985355,52.01939098732107,0.06923233537832321
815,40375.0,299.3378261331698,1.0732133345588233,5914.556478148282,-266436.83805043926,52.04593317116014,0.0692266683006537
816,40400.0,299.33151802407167,1.0732121472868215,5918.295431153812,-266436.83866906376,52.072378980824155,0.06922076744186056
817,40425.0,299.3189820150773,1.0732107616136917,5922.03405149796,-266436.83915246424,52.09872736593317,0.06921485533822341
818,40450.0,299.3117973756613,1.073209086284086,5925.77255273097,-266436.83990172826,52.1250765010175,0.06920822669922681
819,40475.0,299.3034488638211,1.0732068747967478,5929.510828196339,-266436.84035200055,52.15114921504065,0.0691997943089432
820,40500.0,299.3065753447015,1.07320433455136,5933.248928256595,-266436.84105952916,52.17667936256598,0.06918976532683731
821,40525.0,299.3157472453365,1.0732029626926194,5936.986728759527,-266436.8416289369,52.20209722627737,0.06918107380373084
822,40550.0,299.324605801539,1.0732045496152287,5940.724316092343,-266436.841864312,52.22744291170514,0.0691772401782099
823,40575.0,299.34005073098695,1.0732096161003235,5944.461710470871,-266436.8421274378,52.253126190533976,0.06917963106796128
824,40600.0,299.34811570343425,1.073218327272727,5948.198935263431,-266436.84176959126,52.278496678787874,0.06918905575757586
825,40625.0,299.3575252187247,1.0732310048426148,5951.935962006454,-266436.84135018376,52.30352114124293,0.06920660573042788
826,40650.0,299.38351711285765,1.0732471418782747,5955.672713644495,-266436.84166981356,52.32844801330108,0.06923147198710208
827,40675.0,299.39133778220605,1.0732657093397744,5959.409299304344,-266436.84123437095,52.35337334661835,0.06926151932367161
828,40700.0,299.3896704656211,1.0732857305991153,5963.1457882420555,-266436.84082020196,52.3777955106554,0.06929461077603549
829,40725.0,299.3916246493975,1.0733054879518071,5966.882068482327,-266436.8409999752,52.40244149598393,0.06932701767068283
830,40750.0,299.38336430004,1.0733236630565581,5970.618147174085,-266436.84117535874,52.42723066546329,0.06935594063377468
831,40775.0,299.3687687916665,1.073339704326923,5974.353977386215,-266436.8413220378,52.45200091666666,0.06938038060897446
832,40800.0,299.3503057715085,1.0733527498999598,5978.089854514203,-266436.84129655996,52.47662697599039,0.06939890276110454
833,40825.0,299.33769134892077,1.0733627537969623,5981.825508274977,-266436.8412441612,52.50085996642685,0.06941190367705845
834,40850.0,299.3351983497005,1.0733707952095806,5985.56086553892,-266436.8412117343,52.52514971297405,0.06942229261477055
835,40875.0,299.3408688560605,1.073377659489633,5989.296017246409,-266436.8410442609,52.549609050637955,0.06943230901116437
836,40900.0,299.3477868279569,1.0733837789725207,5993.030941925923,-266436.8407025716,52.57425072481083,0.0694426921545202
837,40925.0,299.3506032104215,1.0733888528241844,5996.765575984882,-266436.8401246613,52.59892400755768,0.06945210660302316
838,40950.0,299.34916557052037,1.0733916420341674,6000.500046697653,-266436.8393708758,52.623446685736994,0.0694574942391737
839,40975.0,299.3530714916666,1.0733915460317458,6004.2342622392825,-266436.83896177995,52.64791585714286,0.06945738412698421
840,41000.0,299.3463452057074,1.0733892465319061,6007.96821901704,-266436.8380910715,52.67268678834721,0.06945320808561245
841,41025.0,299.3506615047505,1.073385617577197,6011.7017677201075,-266436.8379604115,52.69775706492479,0.06944653167062557
842,41050.0,299.3530537224199,1.0733812866745747,6015.434940820479,-266436.8380312149,52.7228446706208,0.06943814353499415
843,41075.0,299.3606652800157,1.073376113349131,6019.167858960502,-266436.8386297162,52.74787981635072,0.06942740679304905
844,41100.0,299.35815204694273,1.0733710729783037,6022.900477389346,-266436.8389871205,52.77314365522684,0.069415452071006
845,41125.0,299.35065148305745,1.0733667840819543,6026.632832613078,-266436.83934794774,52.79816196414501,0.0694032466509063
846,41150.0,299.3436249972451,1.0733629362455726,6030.365029572999,-266436.83976195886,52.82304015466353,0.06939044273907918
847,41175.0,299.3283722181603,1.0733594198113205,6034.096816697717,-266436.8397372482,52.84796794025158,0.06937733215408813
848,41200.0,299.3264861684334,1.073356006674519,6037.828128378089,-266436.84020609246,52.87275240793091,0.06936439654495492
849,41225.0,299.3196935321568,1.0733532666666665,6041.559024039213,-266436.84028233704,52.89741384980393,0.06935336627450987
850,41250.0,299.32783580806887,1.073351981981982,6045.289527106931,-266436.84091945295,52.92229837015277,0.06934583548766166
851,41275.0,299.3345522562597,1.0733521964006258,6049.019816402971,-266436.8412630506,52.94708369053208,0.06934171870109554
852,41300.0,299.34469096131295,1.0733530445486517,6052.749790479872,-266436.8415379048,52.97197513012896,0.06933874325908565
853,41325.0,299.3498608680718,1.0733533021077282,6056.479652003901,-266436.84158630576,52.997004764637005,0.069334018345043
854,41350.0,299.33843115087717,1.073352568031189,6060.209303884598,-266436.8408102637,53.0221048331384,0.06932663391812872
855,41375.0,299.3418576495327,1.0733511651090342,6063.938577290496,-266436.8408261306,53.04720254205608,0.0693174637850468
856,41400.0,299.3385999498249,1.073349225982108,6067.667571901204,-266436.84057396284,53.07261596421626,0.0693071481913653
857,41425.0,299.34505949222995,1.0733467921522921,6071.396257458428,-266436.84100906464,53.09820753069153,0.06929596076146083
858,41450.0,299.3420332953046,1.0733441206829646,6075.124671704305,-266436.84109913325,53.12388148273186,0.06928444431509515
859,41475.0,299.3262612519379,1.073342076356589,6078.852929764338,-266436.84061238077,53.149761985271326,0.06927437790697683
860,41500.0,299.3201230545876,1.0733425257452573,6082.58100341889,-266436.8404289142,53.17573347115758,0.06926937630662029
861,41525.0,299.3135623294663,1.0733474079659704,6086.30884649845,-266436.83998075034,53.20155547679815,0.06927321655065746
862,41550.0,299.31989600309,1.0733570675936654,6090.03634203167,-266436.83988114225,53.227341047894946,0.06928655658555434
863,41575.0,299.313452380787,1.0733707349537036,6093.763751284334,-266436.8390301271,53.25283697608025,0.06930803703703711
864,41600.0,299.3096152023121,1.073386823121387,6097.491133460113,-266436.83840494696,53.27816585934491,0.06933440655105981
865,41625.0,299.2992131212471,1.0734037501924554,6101.218316746725,-266436.83768604096,53.303368734026186,0.06936229214780608
866,41650.0,299.3115577643214,1.073419243367935,6104.945412366779,-266436.83846273256,53.32891343598617,0.06938692195309504
867,41675.0,299.30812120967744,1.0734315503072194,6108.672389874804,-266436.8387975374,53.35460771774194,0.06940487941628272
868,41700.0,299.2987871599539,1.0734394560797849,6112.399108697733,-266436.83917181444,53.3804510909091,0.06941406827771393
869,41725.0,299.3020665490421,1.0734422045977008,6116.125734757467,-266436.8403606695,53.40637030229885,0.06941365210727977
870,41750.0,299.3005384282433,1.073439154994259,6119.8521290034405,-266436.8414027215,53.432100538844246,0.06940322081898209
871,41775.0,299.2955059682721,1.0734309155198773,6123.578317659018,-266436.8422312054,53.45824042507646,0.06938452064220191
872,41800.0,299.299369268423,1.0734193363879339,6127.304344032452,-266436.84337345295,53.484620005727386,0.06936116456662857
873,41825.0,299.2932617025171,1.0734057154843626,6131.030121947746,-266436.84376848483,53.511260338291386,0.06933529710144935
874,41850.0,299.2830600582856,1.0733909607619043,6134.755647958854,-266436.84361526713,53.53808863695239,0.06930808038095246
875,41875.0,299.28780764155243,1.073375679984779,6138.480885868337,-266436.8437924236,53.56491720243532,0.0692798831811264
876,41900.0,299.2937184481185,1.0733600345876089,6142.205901091596,-266436.84379281534,53.59175173850248,0.06925014443177507
877,41925.0,299.2989674100227,1.0733440136674255,6145.930599739935,-266436.84366903047,53.61852275740319,0.0692186302201975
878,41950.0,299.29750279218797,1.0733282263936288,6149.655088231699,-266436.8431867441,53.64529760182025,0.06918651839211233
879,41975.0,299.2931766405302,1.0733133420454541,6153.379391952648,-266436.84260289895,53.67203378333333,0.06915538522727281
880,42000.0,299.28904042678766,1.073299441165342,6157.103454223606,-266436.84204889415,53.69900128641695,0.06912604729474091
881,42025.0,299.29756699508687,1.0732861281179136,6160.827374228643,-266436.8420701906,53.725930989040066,0.06909824981103561
882,42050.0,299.2974995066062,1.0732737636844087,6164.551093488482,-266436.8417321417,53.75241559720649,0.0690724582861458
883,42075.0,299.29363369004517,1.0732627914781294,6168.274561957764,-266436.8414837207,53.778524459653084,0.06904901018099556
884,42100.0,299.2929127318266,1.0732540320150656,6171.997681142745,-266436.84161137487,53.80451591902071,0.06902913446327692
885,42125.0,299.28664568961614,1.0732483931527461,6175.720682133178,-266436.8415796796,53.83061943340857,0.06901445221971415
886,42150.0,299.2760224130025,1.0732461965426527,6179.4437968992825,-266436.841223288,53.85625833746711,0.06900570875610681
887,42175.0,299.2787548937687,1.0732464857357353,6183.166823960957,-266436.84131440026,53.88214181118618,0.06900142755255265
888,42200.0,299.28192798575174,1.0732480551181098,6186.889854974124,-266436.841166128,53.907782249343825,0.06899924521934768
889,42225.0,299.2838574932583,1.0732495591760296,6190.612829281644,-266436.8408165031,53.93354851385767,0.06899650823970047
890,42250.0,299.2927532918069,1.073249967078189,6194.335596809574,-266436.84077645844,53.95937457538346,0.06899146726524513
891,42275.0,299.28905849775776,1.073249118086696,6198.058187653583,-266436.840143428,53.985259392750365,0.06898415732436482
892,42300.0,299.29180289660314,1.073247289287047,6201.780573629709,-266436.8398816773,54.011281221724516,0.06897524412094075
893,42325.0,299.29564024533926,1.0732449604772554,6205.502772415358,-266436.8397019905,54.037454315809086,0.06896566815809108
894,42350.0,299.2906221430167,1.0732425433891988,6209.224880585471,-266436.83911337814,54.063791853258834,0.06895606443202988
895,42375.0,299.28746918712795,1.073240278645833,6212.946664644341,-266436.83856387174,54.08999798660714,0.06894679836309534
896,42400.0,299.2951172508361,1.073238686361947,6216.668230567071,-266436.83839238476,54.11598170977331,0.06893867372723904
897,42425.0,299.30133176354855,1.0732380486265773,6220.389661031918,-266436.838199028,54.14158567854491,0.068931883444692
898,42450.0,299.3124535758249,1.073238312198739,6224.111081331846,-266436.8384169334,54.167252852428625,0.06892634111976279
899,42475.0,299.304276757037,1.0732399111111108,6227.832383635181,-266436.83778979344,54.19309440148148,0.06892320037037046
900,42500.0,299.2947711849796,1.0732422900480942,6231.553340100624,-266436.83725701564,54.219317964853865,0.06892221346651876
901,42525.0,299.28713261677746,1.0732438067257941,6235.274145950845,-266436.836740499,54.24540037657058,0.06892123688100527
902,42550.0,299.2866611380582,1.073243283868586,6238.994630696931,-266436.8364318015,54.271645030638616,0.06891889627168706
903,42575.0,299.2872865774335,1.0732398952802358,6242.714845752207,-266436.8358949164,54.29787813716814,0.0689141460176992
904,42600.0,299.28758467550637,1.073232233517495,6246.434929324857,-266436.835243953,54.32428869944752,0.06890365635359125
905,42625.0,299.2916922560706,1.073218853936718,6250.1548540717395,-266436.83471673634,54.35103439403974,0.06888397056659318
906,42650.0,299.2835689639837,1.073199933480338,6253.874694272322,-266436.8334180148,54.37807315325249,0.0688553072399854
907,42675.0,299.2858311997062,1.0731771883259908,6257.594477917397,-266436.832451379,54.405264719163,0.06882065198237894
908,42700.0,299.29871347488074,1.0731522643931057,6261.314011179315,-266436.83192763454,54.43279606857352,0.06878236523652374
909,42725.0,299.3130565846153,1.0731268699633696,6265.033299236627,-266436.8316860188,54.46017494212454,0.06874278534798545
910,42750.0,299.2961468324185,1.0731033326015365,6268.752356366626,-266436.83028261707,54.48736779070618,0.0687051053787048
911,42775.0,299.2937038826754,1.0730836176900582,6272.471004405698,-266436.82990181085,54.514305281798244,0.06867211184210535
912,42800.0,299.29981917561145,1.0730690295728365,6276.189570073016,-266436.83009911847,54.540733349397584,0.06864587988316913
913,42825.0,299.2941189697301,1.0730602757111594,6279.907935583148,-266436.8298061679,54.56695236797957,0.06862801495258944
914,42850.0,299.2776372907103,1.073056830236794,6283.626282112201,-266436.82887416775,54.592666777777765,0.06861811657559208
915,42875.0,299.2829533104075,1.073057697234352,6287.344435184131,-266436.8288473226,54.61832784534206,0.06861481186317331
916,42900.0,299.2883469098509,1.0730623326063247,6291.062461623406,-266436.828822649,54.64388323155216,0.06861767357324618
917,42925.0,299.29149179702245,1.073069238198983,6294.780356209147,-266436.82879377034,54.66959002759622,0.06862475344952805
918,42950.0,299.2837356634022,1.0730764657236123,6298.498061568005,-266436.8284029084,54.69554680594849,0.06863332535364534
919,42975.0,299.27927981992747,1.073083092391304,6302.215432393113,-266436.8284255936,54.72152967282608,0.06864270471014501
920,43000.0,299.275385349258,1.0730886829533113,6305.932571986968,-266436.82870429516,54.74757318060079,0.06865256930872247
921,43025.0,299.2706751193058,1.0730924558929857,6309.649444913229,-266436.8290542001,54.774100480477216,0.06866124114244404
922,43050.0,299.2654227284217,1.0730934669555792,6313.366108445645,-266436.8293288413,54.800729041170094,0.06866615059588306
923,43075.0,299.25831301551216,1.0730913333333327,6317.082473093792,-266436.8292423533,54.82733189898989,0.06866539754689763
924,43100.0,299.2750087304504,1.07308573045045,6320.798809496933,-266436.8299954218,54.85406332792792,0.06865753333333341
925,43125.0,299.2846999607631,1.0730766472282212,6324.514927481638,-266436.830019102,54.88118283981281,0.06864221922246228
926,43150.0,299.2892569672779,1.0730647871269323,6328.2308078755805,-266436.8296460717,54.90828380186982,0.06862066666666673
927,43175.0,299.29265581860625,1.0730501497844822,6331.94655856537,-266436.8292170005,54.93526659985632,0.06859317995689662
928,43200.0,299.2959715823465,1.0730332633656257,6335.662150621453,-266436.8289403734,54.96216860566918,0.06856115285252967
929,43225.0,299.295001060215,1.0730152405017916,6339.377653767739,-266436.8286843328,54.98892936559139,0.06852678960573484
930,43250.0,299.2945850393841,1.0729974156820619,6343.0929529129935,-266436.8287605533,55.01586660508413,0.06849261009667032
931,43275.0,299.3010743068669,1.0729810193133043,6346.807871687764,-266436.8294145749,55.043044909871234,0.06846107403433484
932,43300.0,299.29778246766693,1.0729669574848155,6350.522678204355,-266436.829796445,55.07012185387637,0.06843400178635234
933,43325.0,299.2950925835117,1.0729553697359024,6354.23747161991,-266436.8302650494,55.09696070699499,0.06841166024268387
934,43350.0,299.28767833868085,1.0729454534759353,6357.95206451586,-266436.8304752066,55.12370946809268,0.06839254367201433
935,43375.0,299.2862251388888,1.0729373390313384,6361.666413103984,-266436.8308859094,55.15003981659543,0.06837648967236475
936,43400.0,299.2742185635004,1.0729313881181068,6365.380554143717,-266436.8304566918,55.17640769121308,0.0683637122020634
937,43425.0,299.28237394420745,1.0729275053304899,6369.094582934608,-266436.8307238954,55.20261898436389,0.06835362828713581
938,43450.0,299.2904803485977,1.0729258679446214,6372.808346504079,-266436.8306887769,55.22852675150869,0.068346486687966
939,43475.0,299.30824577801405,1.0729259053191482,6376.52208024113,-266436.83105518034,55.25444313971631,0.06834147517730504
940,43500.0,299.30323401027266,1.0729275784626278,6380.23581121537,-266436.83037284255,55.280354671271695,0.06833910804109111
941,43525.0,299.30038968294394,1.0729304561217263,6383.9496231783405,-266436.8300282486,55.3064538566879,0.06833949221514517
942,43550.0,299.3020909123364,1.0729339271827496,6387.663501896426,-266436.830105787,55.332853212442565,0.06834223435843062
943,43575.0,299.29527765925127,1.0729369039548016,6391.37729158333,-266436.8298859575,55.3597640190678,0.06834603354519782
944,43600.0,299.2956869611991,1.0729380137566131,6395.090886555905,-266436.83002951415,55.387071705820105,0.06834887513227522
945,43625.0,299.29119657998575,1.0729370556730087,6398.80415209901,-266436.82993449667,55.41449751937985,0.06835026603241728
946,43650.0,299.2855749225623,1.0729341467793025,6402.517276339314,-266436.8298082403,55.44187490672299,0.06834954593453019
947,43675.0,299.28585794268616,1.07292954113924,6406.230093367788,-266436.829973432,55.46942170639944,0.06834630203938125
948,43700.0,299.2903295303827,1.07292335651563,6409.9426210446045,-266436.8303463237,55.49703577520197,0.06834103090972962
949,43725.0,299.2847570915788,1.072915591929824,6413.654884751575,-266436.83019338123,55.52480580421053,0.06833461263157903
950,43750.0,299.28782444374326,1.0729065927094281,6417.367045110407,-266436.83049437136,55.55265180897301,0.06832765545040316
951,43775.0,299.2787802706581,1.0728965329131648,6421.079074540963,-266436.8299720923,55.580597089986,0.06831959733893565
952,43800.0,299.27478908079735,1.0728864477089886,6424.790981132561,-266436.8295333692,55.60849098461001,0.0683111839804128
953,43825.0,299.2713889654086,1.0728778245981825,6428.5027573539455,-266436.828849873,55.63628594723969,0.06830418204053117
954,43850.0,299.2626832520068,1.0728721623036643,6432.214367642231,-266436.82760046265,55.66398268272251,0.06830124293193725
955,43875.0,299.2703650174336,1.0728702866108781,6435.925883592048,-266436.8268558098,55.691090896094835,0.06830391457461653
956,43900.0,299.286626418321,1.072873049460118,6439.63740301811,-266436.82640510326,55.7179746123302,0.06831369487983288
957,43925.0,299.29844739839933,1.07288118789144,6443.348801544535,-266436.8259169149,55.744620572373,0.06833178253305504
958,43950.0,299.3083026624956,1.0728945053875558,6447.059986483835,-266436.825888086,55.77104488425443,0.06835812582551275
959,43975.0,299.31065431388885,1.0729120440972217,6450.771056592359,-266436.8260843953,55.797037734027775,0.06839109965277784
960,44000.0,299.31796757023926,1.0729331342351711,6454.4821069493555,-266436.8270881722,55.82251170759625,0.06843005029483183
961,44025.0,299.30773888808034,1.072957171517671,6458.193242857933,-266436.8277400618,55.847669589397086,0.06847464275814281
962,44050.0,299.3018451536864,1.0729831246105914,6461.9044131765295,-266436.82900298527,55.872536647628934,0.06852317826237458
963,44075.0,299.2863976822268,1.073010397302904,6465.615372498614,-266436.83004927606,55.897184404564314,0.06857467911479952
964,44100.0,299.26882585043177,1.0730381423143347,6469.326170392398,-266436.8309613037,55.92168109430052,0.06862732020725394
965,44125.0,299.26661409696345,1.0730646352657,6473.036950065214,-266436.8322795829,55.9459329468599,0.06867700345065568
966,44150.0,299.2606561299552,1.0730883578076522,6476.747786430883,-266436.83278174157,55.9702241106515,0.06872014029644954
967,44175.0,299.2608935389119,1.0731075402892558,6480.458647000341,-266436.8327255273,55.99456868526171,0.06875299793388434
968,44200.0,299.27394594668044,1.0731208500171996,6484.169481017541,-266436.8325169361,56.0192481881665,0.06877370072239426
969,44225.0,299.27466735017185,1.0731274405498277,6487.880171862884,-266436.8310781365,56.0444718886598,0.06878221718213062
970,44250.0,299.296548146241,1.073127388946103,6491.590622322002,-266436.83039531764,56.0704296567113,0.0687804356333677
971,44275.0,299.3080020469822,1.0731219430727017,6495.30110834259,-266436.8292060282,56.09690707887518,0.06877133573388207
972,44300.0,299.31504764713947,1.0731123823227127,6499.011471046932,-266436.8279787983,56.12381865193559,0.06875710277492296
973,44325.0,299.3152513501027,1.0731006522929496,6502.721587778574,-266436.8266199991,56.15082048254621,0.06874047604380565
974,44350.0,299.3108304837607,1.0730893080341875,6506.431608915212,-266436.8253134158,56.17831923179487,0.06872443863247868
975,44375.0,299.3042623657787,1.07308081523224,6510.141364893441,-266436.8240959506,56.20544171857924,0.06871158982240441
976,44400.0,299.30085681064486,1.073076456499488,6513.85078340225,-266436.82325040165,56.232255452064145,0.06870336438075747
977,44425.0,299.3022689928425,1.0730763926380364,6517.559988038853,-266436.8227989033,56.25904293387867,0.06870044648943427
978,44450.0,299.3072976186585,1.073080381681988,6521.26895493088,-266436.82271957176,56.28574578379298,0.06870366121893093
979,44475.0,299.3007758030612,1.0730879948979586,6524.977737545916,-266436.82237274735,56.312411629251706,0.06871351054421773
980,44500.0,299.3008193020727,1.0730985232755688,6528.68628472069,-266436.8226257187,56.33912611722732,0.06872959191301398
981,44525.0,299.3048330743381,1.0731114276985738,6532.394674475558,-266436.8233228785,56.36578193482689,0.06875139986422273
982,44550.0,299.2938092482197,1.0731253055272967,6536.102910941673,-266436.8235014626,56.39260774398102,0.06877609020006788
983,44575.0,299.28972534823845,1.0731378323170724,6539.811027655825,-266436.82417551766,56.41957233062331,0.06879857859078596
984,44600.0,299.28741434754653,1.07314741895093,6543.5190836575275,-266436.82501227414,56.44685535025381,0.06881555296108298
985,44625.0,299.2788008671399,1.0731531132521968,6547.2270198887745,-266436.8254897411,56.47405898749155,0.06882520047329282
986,44650.0,299.2703225369807,1.0731545900033765,6550.934702524821,-266436.8258609896,56.50102284971294,0.06882680006754481
987,44675.0,299.26984958771925,1.0731520266531707,6554.642171862684,-266436.8263573917,56.528301429824566,0.0688208647098516
988,44700.0,299.2681461924503,1.0731461065048864,6558.349554907986,-266436.8265191463,56.555778735085944,0.06880856150994276
989,44725.0,299.268509783165,1.0731375272727266,6562.056798955217,-266436.8264964118,56.58350797441078,0.06879074074074079
990,44750.0,299.2726975371678,1.0731267450386808,6565.764005054153,-266436.82636367914,56.61144565287589,0.06876836495122776
991,44775.0,299.27385655947575,1.073113970430107,6569.47113476008,-266436.8256754735,56.639375812163976,0.068742496639785
992,44800.0,299.2722763259482,1.073099045652903,6573.178047230278,-266436.82449016283,56.66745573514602,0.06871329204431023
993,44825.0,299.28569640845063,1.0730809909456733,6576.884848960428,-266436.8239873351,56.69563770389,0.06867934875922206
994,44850.0,299.28605458592955,1.0730586090452254,6580.591566943717,-266436.8230862513,56.723945664321604,0.06863949782244562
995,44875.0,299.2808667238955,1.0730316860776432,6584.298087311244,-266436.8223859388,56.752447937081655,0.06859406291834008
996,44900.0,299.2776667509193,1.0730011263791366,6588.004376984619,-266436.8222057747,56.78124672550986,0.06854464794383155
997,44925.0,299.26335264295244,1.0729682024048088,6591.7105020120225,-266436.8217149145,56.810186960587835,0.06849289311957253
998,44950.0,299.26182907440756,1.0729344114114105,6595.416450052384,-266436.8221068159,56.83913388021354,0.06844041975308647
999,44975.0,299.2566232886665,1.0729012499999993,6599.122167263999,-266436.82236636605,56.86815699699999,0.06838889366666671
1000,45000.0,299.25391363936046,1.0728695524475516,6602.827755665333,-266436.8226810766,56.89700036530135,0.06833944588744593
1001,45025.0,299.2447166307383,1.0728398063872246,6606.5330575013295,-266436.82244308153,56.925702012308705,0.06829275415835001
1002,45050.0,299.24446410568277,1.0728118899966756,6610.238205809571,-266436.8222282742,56.954676093386496,0.06824857693585913
1003,45075.0,299.2570297944885,1.0727856454183256,6613.943235386121,-266436.82226506376,56.983710961155374,0.06820681108897746
1004,45100.0,299.2641614145935,1.0727607048092858,6617.648080135654,-266436.8217428199,57.01290522852404,0.06816711376451082
1005,45125.0,299.26424941981423,1.0727359840954263,6621.352651206096,-266436.820761957,57.04200189860834,0.06812834095427439
1006,45150.0,299.2646693624626,1.0727104150943385,6625.05687577888,-266436.8198021361,57.071098830188674,0.0680896732869911
1007,45175.0,299.2656411891533,1.072683757275131,6628.7608539041,-266436.81905927055,57.10048195171957,0.06805162797619052
1008,45200.0,299.2650091688139,1.0726567799801772,6632.464631415262,-266436.8185136469,57.12976022728774,0.06801560885365052
1009,45225.0,299.2644606765675,1.0726306864686457,6636.168333740263,-266436.8182108169,57.15888397788778,0.06798277953795383
1010,45250.0,299.26521672337606,1.0726065159907672,6639.87181286449,-266436.81810982694,57.18783726442465,0.06795369535113752
1011,45275.0,299.25616322134374,1.0725849528985496,6643.574975550723,-266436.8177072395,57.21660019104083,0.06792854874835313
1012,45300.0,299.2475713787429,1.0725662494241517,6647.278052308653,-266436.8174917769,57.245293742020394,0.06790702895689375
1013,45325.0,299.24884037015113,1.0725508579881644,6650.980874038461,-266436.8178426259,57.27397430769229,0.06788922649572653
1014,45350.0,299.25573946962226,1.0725386768472895,6654.683576687683,-266436.81844953663,57.30239544302133,0.06787472052545158
1015,45375.0,299.2588766420603,1.072529062007873,6658.386151549539,-266436.8188910433,57.33102973687662,0.06786222178477694
1016,45400.0,299.26133760144205,1.0725213284169113,6662.08854076106,-266436.81952127465,57.35955101868238,0.06785024156014424
1017,45425.0,299.2629312897838,1.0725141820563184,6665.790804642762,-266436.8203057757,57.387926944335284,0.06783671872953508
1018,45450.0,299.25200623683344,1.072506332679096,6669.493021952239,-266436.82054024795,57.41598949591101,0.06782044618907429
1019,45475.0,299.2453583039215,1.0724971699346395,6673.195223746404,-266436.82096738403,57.443767009477114,0.06780137189542487
1020,45500.0,299.2429899333985,1.0724868005223624,6676.897350830231,-266436.8215108345,57.47149785700292,0.06778027489389492
1021,45525.0,299.2335876643835,1.0724753917155891,6680.59925533855,-266436.8214909635,57.499165399543365,0.0677578059360731
1022,45550.0,299.23961893255125,1.072463422613228,6684.301030960897,-266436.8220046709,57.52719968002606,0.06773490615835781
1023,45575.0,299.24332146126295,1.0724516842447904,6688.00256882975,-266436.822204183,57.555465109700506,0.0677130221354167
1024,45600.0,299.25227551967475,1.0724404360975597,6691.703875576908,-266436.8225613642,57.58396828813007,0.06769266796747972
1025,45625.0,299.25422547140994,1.0724294476933063,6695.4049816708875,-266436.82258138695,57.612384730994144,0.06767296036387269
1026,45650.0,299.2572474141512,1.0724183317104823,6699.105978009085,-266436.8227977238,57.64062718046088,0.06765286919831227
1027,45675.0,299.2564410207522,1.0724070703631634,6702.8067873356,-266436.82313206256,57.668894688391696,0.06763195881971469
1028,45700.0,299.2501176815678,1.0723957363135717,6706.507366301585,-266436.8234170379,57.697107079365075,0.0676100233236152
1029,45725.0,299.2430304171521,1.0723842928802578,6710.207881958573,-266436.8237674508,57.72518242427184,0.06758686310679615
1030,45750.0,299.2354357015842,1.0723727914645964,6713.9083462408635,-266436.82408913807,57.75303574361461,0.06756280472033628
1031,45775.0,299.23318975322996,1.0723617060723505,6717.6087838129815,-266436.8245219057,57.78065249773902,0.06753908139534888
1032,45800.0,299.2332904362697,1.0723516937721835,6721.309156805741,-266436.82486684644,57.808074420135526,0.06751713455953537
1033,45825.0,299.24458280045127,1.0723429029658273,6725.00939795422,-266436.8254563688,57.83520329400386,0.06749740522243718
1034,45850.0,299.26019062479867,1.0723354563607073,6728.709508561349,-266436.82596082124,57.86208108115942,0.06748028953301131
1035,45875.0,299.2562969243886,1.07232946106821,6732.40943912001,-266436.82536044106,57.8891076003861,0.06746612805662809
1036,45900.0,299.26189373095457,1.0723240118932806,6736.109333608482,-266436.82510741235,57.91619470973963,0.0674536865959499
1037,45925.0,299.26617470777126,1.0723178217726386,6739.809129646432,-266436.82478687534,57.94315995215157,0.06744105266538218
1038,45950.0,299.26604337536077,1.072309774462623,6743.5087851729195,-266436.8243773798,57.97026463169714,0.0674262364453
1039,45975.0,299.26959863717934,1.0722994256410245,6747.208291245189,-266436.82438653905,57.9976677701923,0.06740815352564106
1040,46000.0,299.2734639526096,1.0722870531540174,6750.907737773612,-266436.82464331697,58.025366748959335,0.06738659558117199
1041,46025.0,299.2675776010875,1.0722732328854754,6754.607078260714,-266436.824637863,58.05306811996161,0.06736182245681385
1042,46050.0,299.2596617628634,1.072258944391178,6758.306492277083,-266436.8246212713,58.080616408117606,0.06733507829977632
1043,46075.0,299.25875420945073,1.0722453374840346,6762.005813512768,-266436.8249056309,58.10829501947637,0.0673086350574713
1044,46100.0,299.2590784864433,1.072233733014353,6765.704941895371,-266436.8250502207,58.13598734960127,0.06728546826156304
1045,46125.0,299.27318692128733,1.0722247676864234,6769.403982296363,-266436.8257697884,58.163772286488204,0.06726736902485664
1046,46150.0,299.2694004084685,1.0722189484240676,6773.102852274432,-266436.82557878795,58.19147926679401,0.06725509869468327
1047,46175.0,299.27127689853677,1.0722170617048334,6776.801716953559,-266436.82565508876,58.21892087150127,0.06724959891857511
1048,46200.0,299.27640640355884,1.0722189215125506,6780.500490078801,-266436.82570027205,58.24621940324118,0.06725029520177953
1049,46225.0,299.28239924412685,1.0722238085714275,6784.19912259079,-266436.82565495715,58.27337563428571,0.06725567269841275
1050,46250.0,299.2808132959085,1.0722310260069763,6787.8976176714195,-266436.8250923787,58.30039348905804,0.06726453028861407
1051,46275.0,299.2862703814954,1.0722392103929013,6791.596018069071,-266436.824830675,58.32737174271229,0.0672746375158429
1052,46300.0,299.29784757486533,1.072247390946501,6795.294254002529,-266436.8250248468,58.35421555587211,0.06728494460272244
1053,46325.0,299.2965195920302,1.07225559835547,6798.992309413974,-266436.82487376063,58.38115308981657,0.06729623497786218
1054,46350.0,299.3048270454975,1.0722639317535532,6802.690182062871,-266436.8256009438,58.40819782243286,0.06730907614533971
1055,46375.0,299.2999399169822,1.0722720400883825,6806.387976380046,-266436.82610420487,58.435015829545456,0.06732295612373743
1056,46400.0,299.2912503610847,1.0722792592242183,6810.085572141275,-266436.8266783236,58.46199754367707,0.06733666950488809
1057,46425.0,299.2806606862003,1.0722852517328278,6813.783121424695,-266436.8271970892,58.48931116950221,0.06734982829237561
1058,46450.0,299.2804827573181,1.072290189172174,6817.4806478338005,-266436.8280378515,58.5167701772112,0.06736295121183512
1059,46475.0,299.2786712427672,1.0722953996855333,6821.1781058735805,-266436.82843301137,58.544252227044026,0.06737832044025163
1060,46500.0,299.28034531699643,1.0723025777568318,6824.875610877155,-266436.82857946755,58.57175328620798,0.06739844423499848
1061,46525.0,299.28905808662887,1.0723123198367848,6828.573017023536,-266436.8285726611,58.59915322630257,0.0674234908976774
1062,46550.0,299.3029415145813,1.072324445907807,6832.270469773278,-266436.82843615994,58.62657366478519,0.06745202571338983
1063,46575.0,299.30798316478683,1.0723384351503749,6835.967943365283,-266436.8276879471,58.65409788784461,0.06748177036340858
1064,46600.0,299.31661721220644,1.0723540253521116,6839.665346729885,-266436.8271206354,58.681485292331764,0.06751177777777784
1065,46625.0,299.32025792870536,1.0723709055659778,6843.362713807687,-266436.82666351885,58.708987953408375,0.06754211288305198
1066,46650.0,299.313812303655,1.0723885460793494,6847.060161635421,-266436.8261765861,58.736635900968444,0.06757275757575765
1067,46675.0,299.31334469163534,1.0724068467540564,6850.757577936324,-266436.8263493527,58.76416662515605,0.06760449812734089
1068,46700.0,299.30503208325524,1.0724254041159953,6854.454922587772,-266436.8263239642,58.79149688587465,0.06763714998440917
1069,46725.0,299.3047885548285,1.0724430130841112,6858.152263226163,-266436.82670770783,58.818818282242994,0.06766826510903434
1070,46750.0,299.30249478120123,1.0724584176781815,6861.849496064732,-266436.8269336779,58.84617457298475,0.06769499470899477
1071,46775.0,299.29489681996256,1.072469779228855,6865.546642931276,-266436.82683519565,58.873682076492535,0.06771338588308465
1072,46800.0,299.2977467433984,1.072475404473438,6869.24362775551,-266436.827167211,58.90135377477477,0.06772027337682517
1073,46825.0,299.29415825760384,1.0724749016139035,6872.940353674111,-266436.8269971875,58.92925148168838,0.06771567008069529
1074,46850.0,299.2999171342634,1.0724683649612394,6876.636929288368,-266436.8271013588,58.957647934263555,0.06770088961240317
1075,46875.0,299.3063379275091,1.0724564216232952,6880.333294236056,-266436.8269490679,58.9860989268897,0.06767809572490714
1076,46900.0,299.3133945162487,1.0724404509439796,6884.029531727634,-266436.8265439168,59.0145431299907,0.06765040235221301
1077,46925.0,299.316572616883,1.0724223163265298,6887.725766406921,-266436.8258356911,59.0432110723562,0.06762071706864572
1078,46950.0,299.3243124232312,1.0724035403151058,6891.42178047976,-266436.82524178317,59.07192897065182,0.06759054927401924
1079,46975.0,299.3370844697529,1.0723857496913574,6895.117734748761,-266436.8248807436,59.10079378611109,0.06756140709876553
1080,47000.0,299.34785557200104,1.072370550724637,6898.813498533452,-266436.8246347537,59.12962001942644,0.06753546623496771
1081,47025.0,299.34643645871824,1.0723590853357972,6902.50919464787,-266436.8241240497,59.15805550431298,0.06751457547751087
1082,47050.0,299.3449176328099,1.0723520147737757,6906.204721120647,-266436.82397870586,59.1863846866728,0.0675001434287474
1083,47075.0,299.352952220172,1.0723496740467398,6909.900174645751,-266436.8245515469,59.21466668111928,0.06749334901599026
1084,47100.0,299.363344484178,1.0723522396313354,6913.595591172959,-266436.8255478032,59.24295319447002,0.06749512043010762
1085,47125.0,299.35430743707775,1.0723593118477586,6917.290928209939,-266436.8257986978,59.27108873235111,0.06750510558624932
1086,47150.0,299.3528683971173,1.0723695130328113,6920.986161357553,-266436.82659087505,59.299273863538765,0.06752083931309424
1087,47175.0,299.34846645404394,1.0723815490196071,6924.681413328733,-266436.82738973794,59.32757934834556,0.06753976838235304
1088,47200.0,299.35248723385354,1.0723942626262617,6928.376735845418,-266436.8285219304,59.355891804101596,0.06755959779614336
1089,47225.0,299.34843518868485,1.0724068376146783,6932.072006939444,-266436.8290743977,59.3846354330275,0.06757884159021417
1090,47250.0,299.3448682279253,1.0724180397189116,6935.767179977996,-266436.82935623603,59.413752516040304,0.06759517781851523
1091,47275.0,299.34139281379714,1.0724271294261285,6939.46227256776,-266436.82938141073,59.4430118702686,0.06760731288156299
1092,47300.0,299.3421435937784,1.072433262885025,6943.157336352845,-266436.82934493705,59.47267955016771,0.06761373101555364
1093,47325.0,299.34150594271773,1.072435511578305,6946.852237239178,-266436.8291023082,59.50268348202314,0.0676129744058502
1094,47350.0,299.34889401339404,1.0724332301369857,6950.546905916889,-266436.82926003943,59.53312993028917,0.06760432176560133
1095,47375.0,299.3535075818125,1.0724266602798045,6954.241434860396,-266436.82946465164,59.56369674695861,0.06758862591240887
1096,47400.0,299.3405832549376,1.0724167474931623,6957.935929471888,-266436.828987074,59.594228035247625,0.06756763263445774
1097,47425.0,299.33436841681834,1.0724046527018816,6961.630340623248,-266436.82890832896,59.62448192865815,0.0675433557984215
1098,47450.0,299.32839474158317,1.0723918723081582,6965.324518821347,-266436.8288584436,59.65473202062479,0.0675182802547772
1099,47475.0,299.3103517142423,1.0723791781818175,6969.018405131813,-266436.82816787105,59.68485904333331,0.06749368030303043
1100,47500.0,299.3136724783529,1.0723665370874955,6972.7120694580635,-266436.8283126771,59.71503205025733,0.06746970390554055
1101,47525.0,299.30925963309124,1.0723547135511184,6976.405618149118,-266436.8277763525,59.74499092619478,0.06744770235934676
1102,47550.0,299.3175997352673,1.0723444363856143,6980.0989209743075,-266436.82767402823,59.77455882351162,0.06742903958899982
1103,47575.0,299.31811131521727,1.0723365259661828,6983.792120614125,-266436.8269944992,59.80389617844201,0.06741532850241558
1104,47600.0,299.316464554751,1.0723318244343885,6987.485106033479,-266436.8261274882,59.8328161873303,0.06740835203619922
1105,47625.0,299.32154439089805,1.0723311115129588,6991.177988824889,-266436.8255651309,59.86135125075345,0.06740985081374334
1106,47650.0,299.3267039825353,1.0723349527250818,6994.870835243596,-266436.8250558538,59.88963655013549,0.06742128846732925
1107,47675.0,299.32453904753305,1.0723432728640183,6998.563686632967,-266436.8244048091,59.91761553640192,0.06744235168471735
1108,47700.0,299.3238999924857,1.0723549380823556,7002.256375229631,-266436.8241403969,59.94564315359182,0.06747011481815463
1109,47725.0,299.3201429162161,1.0723692654654646,7005.9490345888835,-266436.8240660103,59.97399066456455,0.06750245345345358
1110,47750.0,299.3137231197119,1.0723855535553548,7009.6417424791425,-266436.82418466586,60.00221776627662,0.06753728082808294
1111,47775.0,299.3040879862109,1.0724030188848914,7013.3344472089275,-266436.8243328742,60.03016061720623,0.06757244364508407
1112,47800.0,299.3006697094937,1.0724213584905653,7017.026999031142,-266436.8247536739,60.05807520575022,0.06760758700209656
1113,47825.0,299.29984437761806,1.0724398485936557,7020.719434003287,-266436.8251958909,60.08606615260323,0.06764158737283077
1114,47850.0,299.3037403159939,1.072457244544095,7024.411917080713,-266436.825684018,60.11410513303438,0.06767232914798219
1115,47875.0,299.3034340510751,1.0724719268219827,7028.104382040617,-266436.8257562546,60.1423113067503,0.06769701553166083
1116,47900.0,299.3113080432705,1.0724826389137565,7031.796792968064,-266436.82614795415,60.17118823664579,0.06771369203222932
1117,47925.0,299.3087083956468,1.0724887799642213,7035.489201037264,-266436.82600292825,60.20072161657723,0.06772177131782958
1118,47950.0,299.3140467149239,1.072489462913315,7039.18139692612,-266436.8261802792,60.230463242180534,0.06772004140601741
1119,47975.0,299.31744751904745,1.0724849190476187,7042.873380250293,-266436.8261960932,60.260437244642866,0.06770935446428585
1120,48000.0,299.3123546113587,1.0724756205768655,7046.565368423427,-266436.8256935044,60.29055286262266,0.06769098067201916
1121,48025.0,299.31828202525236,1.0724612528223405,7050.257231509205,-266436.82571377605,60.320724462269766,0.06766524688057055
1122,48050.0,299.31538070020764,1.0724420130602548,7053.948960051049,-266436.825196277,60.35096487177204,0.06763344108043944
1123,48075.0,299.3086831794186,1.0724190821470931,7057.64040126601,-266436.8244870754,60.381276945729546,0.06759762722419943
1124,48100.0,299.30973258399985,1.072394421629629,7061.331617928884,-266436.82418701163,60.411727461037046,0.0675601952592594
1125,48125.0,299.30505748638234,1.072369590586145,7065.022661999699,-266436.82352298,60.44216295411487,0.06752272587329794
1126,48150.0,299.2966443880507,1.072345599822537,7068.71347789973,-266436.8225340181,60.472765424134884,0.06748597456373867
1127,48175.0,299.29736507830955,1.0723234178486991,7072.404117061757,-266436.8218859764,60.50345436288417,0.0674506563238772
1128,48200.0,299.31045689961604,1.0723035698258039,7076.094661655738,-266436.82178527967,60.53404451431947,0.06741730705639222
1129,48225.0,299.32042703569306,1.0722863265486717,7079.785160262238,-266436.821609811,60.564583805309745,0.06738645516224202
1130,48250.0,299.3272217026229,1.0722717176539929,7083.475605949598,-266436.821444408,60.595266432066026,0.06735864692012981
1131,48275.0,299.33162404240267,1.072260026501766,7087.165853328912,-266436.82146517234,60.62603229770319,0.06733476590106019
1132,48300.0,299.32594930303014,1.0722514733745214,7090.855838105615,-266436.8212290218,60.65674659664609,0.06731557105030904
1133,48325.0,299.32526694562006,1.072246041152263,7094.545717631976,-266436.82149005594,60.687381389182846,0.06730141916519707
1134,48350.0,299.3118078913361,1.0722434563876646,7098.235363800289,-266436.8211741246,60.71785568869311,0.06729227900146854
1135,48375.0,299.3075729823942,1.072243807805164,7101.925024081861,-266436.82129064976,60.74792606455401,0.06728882863849776
1136,48400.0,299.3126353588389,1.0722464230430955,7105.6146301621175,-266436.82173599745,60.777910145411916,0.067290476693052
1137,48425.0,299.3092166344462,1.0722507627416515,7109.304170300229,-266436.82163181406,60.80774121909784,0.06729680785002941
1138,48450.0,299.30652319871217,1.072256352063213,7112.9936663137205,-266436.8214960665,60.83755554667838,0.06730682967515376
1139,48475.0,299.3001721239765,1.0722617570175434,7116.683004316369,-266436.8210933331,60.86731397514621,0.06731709356725159
1140,48500.0,299.29516014607054,1.072265534618755,7120.372162286586,-266436.820727722,60.89714464972247,0.0673238708735029
1141,48525.0,299.3006102880909,1.0722673844133095,7124.061160509919,-266436.82085249166,60.927107931698785,0.06732596176298902
1142,48550.0,299.2946791563136,1.0722679580052488,7127.750072277919,-266436.8203956805,60.95702286439196,0.06732443802857987
1143,48575.0,299.2965752138693,1.0722679670745916,7131.438811877327,-266436.820223765,60.986997384032634,0.06732100874125886
1144,48600.0,299.2978057557495,1.0722678582241625,7135.127498706837,-266436.81987673085,61.01681711266376,0.06731713653566242
1145,48625.0,299.31423435311217,1.0722675186154735,7138.816067812387,-266436.8202746345,61.04639179377545,0.06731318179173951
1146,48650.0,299.32233645858753,1.0722674734088922,7142.504447138327,-266436.8203338525,61.07601127637315,0.06731038273757642
1147,48675.0,299.3221941617304,1.072268372822299,7146.19267997183,-266436.8202122298,61.105723178861794,0.06731000813008142
1148,48700.0,299.315767500435,1.0722702767624015,7149.880736577309,-266436.8200304602,61.13535571250363,0.067312130548303
1149,48725.0,299.300884405797,1.0722729486956515,7153.56863981072,-266436.8195613433,61.16503023826087,0.06731604260869578
1150,48750.0,299.2969295632781,1.0722759252823626,7157.256545122208,-266436.81952524255,61.194668754416455,0.06732041644946436
1151,48775.0,299.2933838263887,1.0722786927083328,7160.944340349243,-266436.8193644865,61.224357424189826,0.06732412123842606
1152,48800.0,299.2869989962415,1.0722802567215952,7164.631995240816,-266436.81901193276,61.25413515062158,0.06732514570685182
1153,48825.0,299.2879520696128,1.0722795121317152,7168.319601219521,-266436.8190035359,61.28392401530908,0.06732122299249002
1154,48850.0,299.28428081673866,1.0722761059163055,7172.007042968249,-266436.8187180206,61.313795921789335,0.06731168831168843
1155,48875.0,299.28349892185685,1.072270529700115,7175.694324560549,-266436.8185349935,61.34366187456748,0.06729780276816621
1156,48900.0,299.27997499452596,1.072263870930567,7179.381447388644,-266436.8180388212,61.37350543445693,0.06728189685969474
1157,48925.0,299.2799863638456,1.0722573727691416,7183.068456948758,-266436.8176520056,61.4033527691422,0.06726651065054705
1158,48950.0,299.27454720046006,1.0722513744607414,7186.755301061829,-266436.8169331822,61.43320176013806,0.06725271009490953
1159,48975.0,299.26608160114927,1.0722463689655166,7190.442085378443,-266436.8161979987,61.46301636551725,0.06724164080459782
1160,49000.0,299.27384246626457,1.0722428552971568,7194.128747041338,-266436.81641971704,61.492840895779516,0.06723405053115143
1161,49025.0,299.27141788755006,1.0722416480206534,7197.815417275095,-266436.81631639745,61.522827942914525,0.06723119506597833
1162,49050.0,299.26680429721966,1.0722433258813406,7201.502080820001,-266436.81617336074,61.55268302436229,0.06723405216394396
1163,49075.0,299.255931517182,1.0722483931844207,7205.18873434106,-266436.8158011768,61.582156609679274,0.06724395418098525
1164,49100.0,299.2516960183117,1.0722569284692411,7208.87554016709,-266436.81581271376,61.611515995422046,0.06726127324749656
1165,49125.0,299.25660046883917,1.0722681343624922,7212.56224305917,-266436.8163184919,61.6405873953688,0.06728434819897099
1166,49150.0,299.26375760297043,1.0722808574692937,7216.2489363464665,-266436.81701825437,61.66960938588976,0.06731057040845487
1167,49175.0,299.26070993179206,1.0722936866438348,7219.935541974594,-266436.8172511731,61.698687325342476,0.06733645719178095
1168,49200.0,299.2656065517535,1.0723059421157677,7223.622204349296,-266436.8178893506,61.72780373738238,0.0673598548617053
1169,49225.0,299.2655715837605,1.0723174165242155,7227.308793310536,-266436.81830566766,61.75698573960114,0.06738044074074089
1170,49250.0,299.2664476908623,1.0723273071448896,7230.995595502415,-266436.8187832933,61.7863595844008,0.06739726017648748
1171,49275.0,299.2694248859497,1.0723352073378831,7234.682392227812,-266436.8193919236,61.81588675341297,0.06741030631399332
1172,49300.0,299.2684697024721,1.0723415106564356,7238.3692092361425,-266436.8197649052,61.84540071355498,0.06742115799943181
1173,49325.0,299.2668337521293,1.072346102782509,7242.056009565299,-266436.8199936935,61.8750053926746,0.06743035065303819
1174,49350.0,299.26440971829766,1.0723488405673751,7245.742752885953,-266436.81997483614,61.90445595375885,0.06743805106382994
1175,49375.0,299.2578977312923,1.0723495104875276,7249.429512181118,-266436.819467904,61.93399806916098,0.06744378287981874
1176,49400.0,299.2598445043895,1.0723475698102511,7253.1163462557315,-266436.8191213994,61.96373126281505,0.06744599461908823
1177,49425.0,299.26581626994886,1.0723425761177128,7256.803123191564,-266436.81882710336,61.99353255659309,0.06744282031692148
1178,49450.0,299.2706851142209,1.0723341046084245,7260.489924222501,-266436.81845094665,62.02360363924229,0.06743265564037335
1179,49475.0,299.2816735754235,1.0723221163841798,7264.176505137001,-266436.8184745382,62.05396505819209,0.06741539774011314
1180,49500.0,299.28962802173277,1.0723069977420256,7267.863026937902,-266436.81858902064,62.084229845328814,0.06739214281682204
1181,49525.0,299.28304942047356,1.0722892267343476,7271.549517616184,-266436.81829112384,62.11452073660462,0.06736441144952074
1182,49550.0,299.27941547280903,1.0722692888137495,7275.235960208506,-266436.8184329882,62.14480616990701,0.06733347731755439
1183,49575.0,299.27048670636236,1.0722484760698188,7278.922273503375,-266436.81849259266,62.175286729166665,0.06730124042792808
1184,49600.0,299.26392832798854,1.072228887763712,7282.60836169845,-266436.8187581989,62.20559261406469,0.06727039127988764
1185,49625.0,299.2546228274309,1.0722121641371547,7286.294328802976,-266436.81875269505,62.235908539347946,0.0672429603709951
1186,49650.0,299.2442217607412,1.0721995139005889,7289.9802381948875,-266436.81848974276,62.266118385565846,0.06722054844144919
1187,49675.0,299.2469997873174,1.072191723905723,7293.666021091469,-266436.8186020241,62.296045900112226,0.06720445622895638
1188,49700.0,299.25382148275844,1.0721887886178851,7297.351708050741,-266436.81870876084,62.325955270815804,0.06719525735912547
1189,49725.0,299.2593458851539,1.0721901232492987,7301.037476005879,-266436.81863741,62.355818022969174,0.0671929352941178
1190,49750.0,299.2701441332212,1.072195214945423,7304.723271035542,-266436.8188572104,62.385413272320164,0.06719748306745048
1191,49775.0,299.27572837863516,1.0722031353467552,7308.4091145746615,-266436.81901516014,62.4146504381991,0.06720776230425071
1192,49800.0,299.2774587122099,1.072213055322715,7312.09491301704,-266436.819198903,62.44361079351774,0.06722249706621976
1193,49825.0,299.2766956887212,1.072224367671691,7315.780693979059,-266436.81942354795,62.472353324120604,0.06724056309324414
1194,49850.0,299.2800836468617,1.07223650906555,7319.4664064407225,-266436.8199966323,62.50095342008368,0.06726062147838228
1195,49875.0,299.2762158174468,1.0722482600334438,7323.151967238014,-266436.82035754673,62.52979920234114,0.0672799813266445
1196,49900.0,299.2676430420494,1.0722581670843765,7326.8374513221925,-266436.8205253155,62.55892380840992,0.06729572375382915
1197,49925.0,299.2588598995546,1.0722654877573723,7330.523041196715,-266436.820609986,62.588238097662774,0.06730661240957164
1198,49950.0,299.2521170739503,1.0722701398387533,7334.208558077841,-266436.8206647417,62.61737409619128,0.06731275145954976
1199,49975.0,299.24974131194426,1.072271999722221,7337.894065857221,-266436.82069256075,62.64653298222223,0.06731408166666682
1200,50000.0,299.25384757757405,1.0722708986955303,7341.579485892587,-266436.82076093217,62.67569748792673,0.06731040022203734
1201,50025.0,299.25150667359935,1.0722668896283958,7345.2649463688285,-266436.82029976754,62.70484978369385,0.06730212562396022
1202,50050.0,299.24342410335254,1.0722606741479621,7348.950342728455,-266436.8193747162,62.73418831421447,0.06729055527847064
1203,50075.0,299.23953054761887,1.0722536351052037,7352.635637414727,-266436.8185085243,62.763498496677755,0.06727767774086395
1204,50100.0,299.2465001999998,1.0722472204702616,7356.320853147716,-266436.8180440063,62.79288426168742,0.06726559834024912
1205,50125.0,299.2544272415697,1.0722424176340506,7360.005839882806,-266436.81759293383,62.82229319624103,0.06725566252072984
1206,50150.0,299.2510543703395,1.072240166528582,7363.690727336645,-266436.81662711257,62.851647835680765,0.06724929770781568
1207,50175.0,299.25853458416094,1.07224101655629,7367.375545611201,-266436.8163856158,62.88110243460266,0.06724780932671097
1208,50200.0,299.25808895368056,1.0722450887786035,7371.060375759303,-266436.8160155422,62.91033095423216,0.06725201488833762
1209,50225.0,299.2599439253442,1.0722514391184559,7374.745254550687,-266436.8160488831,62.939727831955935,0.06726057906336104
1210,50250.0,299.25630936333596,1.072258767134598,7378.430126186069,-266436.81615881296,62.96918665703277,0.0672712290118361
1211,50275.0,299.25391967106697,1.0722664108910875,7382.114766298678,-266436.8166888637,62.998295146589676,0.06728273927392754
1212,50300.0,299.2486230967298,1.0722743275625157,7385.799421938718,-266436.81729800644,63.02743005303657,0.06729494284144011
1213,50325.0,299.23899879077413,1.0722822567270716,7389.483980772377,-266436.81782204844,63.05643664772105,0.06730702773201552
1214,50350.0,299.23589106831264,1.0722891004115211,7393.1685224592575,-266436.8186255565,63.085451588477376,0.06731675500685887
1215,50375.0,299.22724771600866,1.072293935581139,7396.852919398572,-266436.81899783865,63.11450192598685,0.06732242406798261
1216,50400.0,299.2230152078881,1.0722960980553258,7400.537262403724,-266436.8193201702,63.14368368474391,0.06732315338263505
1217,50425.0,299.22466440722485,1.0722950637657347,7404.221430329227,-266436.81949234515,63.172933168856055,0.06731843596059128
1218,50450.0,299.22157827153393,1.0722904716981116,7407.905482045391,-266436.8188770758,63.202324567131534,0.06730785589280847
1219,50475.0,299.21958666229494,1.0722825901639328,7411.589299706009,-266436.8177870714,63.23192703907104,0.06729185355191272
1220,50500.0,299.22770140977326,1.0722719620529604,7415.272930999998,-266436.8168430738,63.26172227081627,0.06727113076713093
1221,50525.0,299.24443497244937,1.072259177032186,7418.95630764757,-266436.8161580091,63.291812078832514,0.06724676841243878
1222,50550.0,299.25728738184773,1.0722448326519471,7422.639538939491,-266436.8155258676,63.32200309539383,0.06721998800763165
1223,50575.0,299.25814877205863,1.0722296936274494,7426.322692696622,-266436.8148184056,63.35230226742918,0.06719214133986942
1224,50600.0,299.2481871515645,1.0722151099319712,7430.005723025577,-266436.8140462145,63.38262852054421,0.06716524380952396
1225,50625.0,299.24423492278396,1.072202210984229,7433.688678300162,-266436.81396992964,63.41275507504078,0.06714112153344225
1226,50650.0,299.2390268565606,1.072191654170061,7437.371522605541,-266436.81394057383,63.44268830861179,0.06712091524042395
1227,50675.0,299.2299290944624,1.072183429967425,7441.054203114277,-266436.8136315652,63.47233953854506,0.06710465553745944
1228,50700.0,299.2256013007864,1.0721764439924042,7444.736813508543,-266436.81339615356,63.50178925657716,0.06709056468673734
1229,50725.0,299.2211669281842,1.0721696032520311,7448.4192342149045,-266436.8129350247,63.5314391292683,0.06707668482384839
1230,50750.0,299.2167199796912,1.072161653127537,7452.101487504468,-266436.8122617084,63.561107094232334,0.06706105930138115
1231,50775.0,299.2140352997835,1.0721513173701285,7455.783583082251,-266436.81136258226,63.59088989962122,0.06704200081168847
1232,50800.0,299.2116029470127,1.0721382397945376,7459.46553081887,-266436.81029819086,63.620850687483106,0.0670191092187079
1233,50825.0,299.2165092528363,1.0721222960561845,7463.147270947056,-266436.8094507531,63.65070901134523,0.0669922001620747
1234,50850.0,299.2282173128205,1.0721037670715234,7466.828783040486,-266436.80896102975,63.68058994655872,0.06696187854251026
1235,50875.0,299.23918253883494,1.0720833449298797,7470.51015366343,-266436.8086345011,63.7106713470874,0.06692932497303143
1236,50900.0,299.2393240282942,1.0720616378334666,7474.191261734033,-266436.80810551555,63.740857677714914,0.06689534007006212
1237,50925.0,299.2351271917071,1.0720389771136225,7477.872215617662,-266436.80772405176,63.771055679052246,0.0668602654819603
1238,50950.0,299.23201978638684,1.072015709712132,7481.553055315844,-266436.80773271754,63.80107034786119,0.06682443475921455
1239,50975.0,299.2225241177419,1.0719922639784931,7485.233782848385,-266436.8076266065,63.83094745430109,0.06678817338709692
1240,51000.0,299.22161198522696,1.0719692001074388,7488.9143353733525,-266436.8080702318,63.8608318092936,0.06675225946817097
1241,51025.0,299.2116455622652,1.0719474463231333,7492.594848285827,-266436.80805923726,63.89083416612991,0.06671787198067648
1242,51050.0,299.2094349581657,1.0719275124698295,7496.2752321137,-266436.80821717565,63.920897183159035,0.06668580423706102
1243,51075.0,299.209236567792,1.071909673633439,7499.955393303587,-266436.8081417543,63.95085703161845,0.06665644158628097
1244,51100.0,299.2132458318607,1.0718941793842018,7503.635385447654,-266436.8079134661,63.98068049799198,0.06663009692101755
1245,51125.0,299.2166713172819,1.0718808338683772,7507.315193372656,-266436.80738551554,64.01034397431783,0.06660654387372941
1246,51150.0,299.21913572600903,1.0718688468323962,7510.994811870085,-266436.80658904254,64.03991151403369,0.06658475167067644
1247,51175.0,299.2204451132478,1.0718570595619643,7514.67434467067,-266436.8056409327,64.06929200694447,0.06656309268162408
1248,51200.0,299.22155953963164,1.0718439765145433,7518.353836360284,-266436.8046426109,64.09836903229252,0.06653954390178825
1249,51225.0,299.22335682959994,1.0718291815999985,7522.033241865062,-266436.80380515865,64.12758696160002,0.06651337066666681
1250,51250.0,299.22691275726083,1.0718127599253915,7525.712691438046,-266436.8032271689,64.15676891500135,0.06648451185718107
1251,51275.0,299.2240927856762,1.071794944355696,7529.392031813894,-266436.80256372574,64.18586939004263,0.0664534283812568
1252,51300.0,299.213128123171,1.0717763530194186,7533.071225385736,-266436.80156689626,64.21502679622243,0.06642131497738775
1253,51325.0,299.2114060212652,1.0717575877192969,7536.750279224078,-266436.8010406244,64.24408990085064,0.0663894051036684
1254,51350.0,299.21094883984057,1.0717390565737037,7540.4291994021205,-266436.80047363375,64.27311938964147,0.06635849402390454
1255,51375.0,299.2171889193205,1.0717215602441599,7544.107873491237,-266436.800133918,64.30212502096606,0.06632964357749484
1256,51400.0,299.21742022222213,1.0717058827897095,7547.786443019883,-266436.7994322893,64.33107487456911,0.06630361787324332
1257,51425.0,299.2246390100688,1.0716921059883397,7551.464859829617,-266436.7991518517,64.36009839295181,0.06628019607843152
1258,51450.0,299.21883698570286,1.071679956314534,7555.143123395016,-266436.79833538766,64.3891777950755,0.06625881625628821
1259,51475.0,299.21674376481474,1.0716696560846546,7558.821353451051,-266436.7978053804,64.41824717142862,0.06623968412698428
1260,51500.0,299.21968977160975,1.0716612846946854,7562.499643317995,-266436.79762600263,64.44717088369023,0.06622282447792771
1261,51525.0,299.2149412696777,1.0716548909138919,7566.177832230316,-266436.7971409144,64.47609959271003,0.06620836529318555
1262,51550.0,299.20466861520185,1.071651147796251,7569.856074855628,-266436.7963769823,64.50491875956722,0.06619764185801016
1263,51575.0,299.19802908465186,1.0716502418248932,7573.5343257663435,-266436.79568314267,64.53366323734181,0.06619147441983136
1264,51600.0,299.20209597233196,1.0716517907773373,7577.21258084716,-266436.7954207878,64.56203440237158,0.06618992542819514
1265,51625.0,299.2113163470247,1.0716551158504461,7580.890792392568,-266436.7952911253,64.59027418852031,0.0661925387045815
1266,51650.0,299.21602775374896,1.0716599839515903,7584.5690162620285,-266436.7950062565,64.61877591318078,0.06619940910286781
1267,51675.0,299.2047812647213,1.0716663577812815,7588.247287597522,-266436.79401639564,64.64729997160889,0.0662109179810727
1268,51700.0,299.2083926637772,1.0716742587339099,7591.925554432881,-266436.7938479175,64.67607860887843,0.06622727685841884
1269,51725.0,299.2110084099737,1.0716836587926495,7595.603932328603,-266436.79368782364,64.70473528372709,0.06624812887139121
1270,51750.0,299.21482500786783,1.071693371885653,7599.282416687903,-266436.79372902465,64.73333179937063,0.06627002543928678
1271,51775.0,299.2111002093815,1.071702489779873,7602.960877909584,-266436.7936235865,64.76192849502102,0.06628996698113221
1272,51800.0,299.20724433123854,1.0717108515318134,7606.639222028272,-266436.79365962604,64.79049270175445,0.0663069240638912
1273,51825.0,299.201386410518,1.0717186904761893,7610.317458130291,-266436.79369542067,64.81892990266883,0.06632089010989023
1274,51850.0,299.1965892705882,1.0717267999999989,7613.995562385613,-266436.793752777,64.84738132627457,0.066333614640523
1275,51875.0,299.1960272471264,1.0717358168756521,7617.673530889229,-266436.7939453782,64.87570027612335,0.06634686990595623
1276,51900.0,299.19486345575564,1.071746043330722,7621.351481786733,-266436.7939586708,64.90393774367011,0.06636213703993747
1277,51925.0,299.20014466666663,1.071757748565466,7625.029388715956,-266436.7941928547,64.93197732655196,0.0663805920709443
1278,51950.0,299.20086299035705,1.0717706729215521,7628.707319886103,-266436.7941715457,64.95976673130055,0.06640200130310149
1279,51975.0,299.19957304218747,1.0717838184895823,7632.385111740097,-266436.79406174686,64.98756726901047,0.06642445494791677
1280,52000.0,299.19987571116314,1.0717964938849847,7636.062826951334,-266436.79400248785,65.01528993130373,0.06644661488420515
1281,52025.0,299.2009942732709,1.071808378055121,7639.740463103477,-266436.7940270845,65.04304497139891,0.0664678744149767
1282,52050.0,299.1950562452585,1.0718193772408406,7643.418026322414,-266436.7938511125,65.07074063678884,0.06648817537022612
1283,52075.0,299.19310230166144,1.0718292660955335,7647.095646891479,-266436.79412055685,65.09857294704057,0.06650731282450684
1284,52100.0,299.1838399263294,1.0718379533073918,7650.773266277555,-266436.7942148882,65.12658933592743,0.06652471517509737
1285,52125.0,299.18556509305336,1.071845340331777,7654.4508163255505,-266436.79492633307,65.15472360601355,0.0665395000000001
1286,52150.0,299.1855456410256,1.0718511559181547,7658.128363937833,-266436.7954843984,65.18304676171984,0.06655069593369603
1287,52175.0,299.1869808452381,1.0718548033126283,7661.805912901649,-266436.7959796814,65.21170323110773,0.06655709213250527
1288,52200.0,299.1776635270235,1.0718566221877415,7665.483299665624,-266436.79578154074,65.24043401939494,0.06655974010861142
1289,52225.0,299.17849475271316,1.0718574118863038,7669.160631923764,-266436.79582743434,65.26939221111117,0.06656046640826883
1290,52250.0,299.18161047224373,1.0718574107926662,7672.8380501908,-266436.7957437369,65.29832333720637,0.06655958972372847
1291,52275.0,299.1913104654283,1.0718566388028885,7676.515420136214,-266436.7958581416,65.32736436403516,0.06655706553147585
1292,52300.0,299.1949424624903,1.071854989688063,7680.192688639847,-266436.7956228765,65.3565092843517,0.06655297576695034
1293,52325.0,299.19155175940233,1.0718524299330232,7683.869734980672,-266436.79516470456,65.38577726378162,0.06654762390520359
1294,52350.0,299.1976682821106,1.071849431917631,7687.546756994071,-266436.7953633426,65.414992938224,0.0665422767052768
1295,52375.0,299.1896083986625,1.0718469372427974,7691.22360850745,-266436.7951177914,65.44435912782929,0.06653895781893014
1296,52400.0,299.18795879259824,1.0718456291441778,7694.900323762264,-266436.79533617274,65.47368373014656,0.06653881392958118
1297,52425.0,299.18554635567534,1.0718459252696446,7698.576853972,-266436.79550447693,65.50289342039041,0.06654241448382135
1298,52450.0,299.1884725098793,1.0718478650243766,7702.253387828834,-266436.79602134496,65.53177428919689,0.06654938722093927
1299,52475.0,299.19291389461534,1.0718515853846142,7705.929885573069,-266436.7967739011,65.56054569333341,0.06655927025641034
1300,52500.0,299.1888053218037,1.0718573351268244,7709.6063412090625,-266436.7972043895,65.58927021214458,0.06657229464514484
1301,52525.0,299.18814406502815,1.0718649971838188,7713.282783241928,-266436.7977908859,65.61771323220694,0.06658817844342048
1302,52550.0,299.1819390790483,1.0718741202353532,7716.959178605006,-266436.79805297166,65.64608312484017,0.06660585597339483
1303,52575.0,299.17961771267886,1.071884292944784,7720.635526492834,-266436.7983982928,65.6743320424336,0.06662430981595102
1304,52600.0,299.17908458544053,1.0718952957854393,7724.311772951716,-266436.7986058249,65.70244117343559,0.06664332720306523
1305,52625.0,299.1797806975497,1.071906596733026,7727.988080608721,-266436.79862836096,65.73045268198068,0.06666203598774895
1306,52650.0,299.183480821219,1.0719171820964029,7731.664339265742,-266436.7986025928,65.75860346263715,0.06667854960469279
1307,52675.0,299.1948005703363,1.0719258817533117,7735.340572063193,-266436.7989378755,65.78694768858315,0.06669080351681968
1308,52700.0,299.2002542857142,1.0719316967150485,7739.0167405075035,-266436.7991417742,65.81548937051193,0.06669722561751984
1309,52725.0,299.20321182493626,1.0719339669211185,7742.692818737652,-266436.7995342502,65.84409446717565,0.06669700254452936
1310,52750.0,299.19759161378073,1.0719327915077537,7746.368705991347,-266436.799854815,65.87270280269522,0.06669091838291391
1311,52775.0,299.1898253234247,1.0719286862296735,7750.0444313513635,-266436.8003375705,65.9013856008639,0.06668049466463426
1312,52800.0,299.17939364940327,1.0719230995176428,7753.720072170847,-266436.8007142456,65.93022461030726,0.0666685486164002
1313,52825.0,299.17179019609324,1.071917568239471,7757.395628468029,-266436.80102078646,65.95909243810257,0.06665777498731619
1314,52850.0,299.16849624005056,1.0719138572877047,7761.0710724770515,-266436.80124824593,65.98805897414458,0.06665094220532329
1315,52875.0,299.1756584164132,1.0719132398682865,7764.746494722636,-266436.8016826313,66.01691691590688,0.06664982750759889
1316,52900.0,299.1760937084281,1.0719163677549974,7768.421797505181,-266436.8015939882,66.04569607365232,0.06665514097696797
1317,52925.0,299.18634429008586,1.0719228687405147,7772.09700515983,-266436.80189167307,66.07456939428435,0.06666618108244825
1318,52950.0,299.1907931536516,1.071931798837502,7775.772270737924,-266436.8019302801,66.10328643922172,0.06668131564316411
1319,52975.0,299.18764942272713,1.0719420959595949,7779.447480534841,-266436.801744668,66.13164974065666,0.06669888838383849
1320,53000.0,299.1881512977541,1.0719529939439807,7783.1227563938855,-266436.80196391704,66.15995510698974,0.06671782765581641
1321,53025.0,299.18106804941993,1.071963871154815,7786.798145984108,-266436.80203142547,66.18806598436721,0.0667369460413516
1322,53050.0,299.1829244656083,1.0719742101284946,7790.473491296541,-266436.80277764966,66.21611098261535,0.0667550375409424
1323,53075.0,299.17614189853964,1.071984235901308,7794.148809860517,-266436.8032439908,66.24415493756302,0.0667724798590132
1324,53100.0,299.1726176661634,1.0719946291823887,7797.824004583641,-266436.8038474786,66.27214526742148,0.06679071044025169
1325,53125.0,299.163700078934,1.072005705128204,7801.499116358968,-266436.80396780325,66.30009229512326,0.06681025339366527
1326,53150.0,299.1573853448881,1.0720170753579492,7805.174209381054,-266436.80390732165,66.32820209068082,0.06683016779703603
1327,53175.0,299.1591291244979,1.0720282748493966,7808.849305103157,-266436.80395783595,66.35610094101415,0.06684939759036156
1328,53200.0,299.1549646054676,1.0720390614497104,7812.524240391015,-266436.8034711699,66.38373371181348,0.06686734662653634
1329,53225.0,299.15894464812015,1.0720498646616528,7816.199106987464,-266436.8031495555,66.41117599874696,0.06688481328320812
1330,53250.0,299.1611053518657,1.0720610007513136,7819.873956930874,-266436.802522789,66.4384940190334,0.06690256023040331
1331,53275.0,299.1672374134133,1.0720719549549538,7823.548777630375,-266436.8020587624,66.46568085410419,0.06691978628628639
1332,53300.0,299.175040616404,1.0720819887471855,7827.22351770192,-266436.8018396068,66.4931201792949,0.06693518654663677
1333,53325.0,299.1767200784607,1.0720906041979,7830.898305098695,-266436.80164539046,66.52053758970524,0.06694776386806607
1334,53350.0,299.1765082284643,1.0720975885143558,7834.57308037927,-266436.80176815344,66.54794971835216,0.06695712908863931
1335,53375.0,299.1697838141216,1.0721030082335317,7838.247772158927,-266436.8018794729,66.57539896207595,0.06696379790419173
1336,53400.0,299.1581325883818,1.0721072071802529,7841.92239296185,-266436.80192151247,66.60301969733243,0.06696892595362763
1337,53425.0,299.1542292252116,1.072110175386147,7845.596959530887,-266436.80234287586,66.63056234280029,0.06697272496263089
1338,53450.0,299.1533741869553,1.0721113559870536,7849.271488105545,-266436.80273334915,66.65804579636553,0.0669741643017178
1339,53475.0,299.14873901766157,1.07211039925373,7852.946041471885,-266436.8025748556,66.68581816393043,0.06697274228855732
1340,53500.0,299.1533143887645,1.0721073035048458,7856.620564641805,-266436.80246558675,66.71396173427799,0.06696826547352731
1341,53525.0,299.160177090909,1.0721023139592634,7860.29513435916,-266436.80210021697,66.7424125151516,0.06696063760556394
1342,53550.0,299.16843833606345,1.0720961012658214,7863.969535652017,-266436.8015746757,66.77095318664689,0.06695067485728477
1343,53575.0,299.16881012400785,1.0720890292658716,7867.643825405253,-266436.800540012,66.79940171304573,0.066938636904762
1344,53600.0,299.17017618513006,1.0720809900867396,7871.317969431221,-266436.7995980807,66.82781731375472,0.0669242282527882
1345,53625.0,299.17378598167403,1.0720717748885573,7874.9920347085135,-266436.7989906361,66.85633234596344,0.06690755349182773
1346,53650.0,299.1754625708982,1.0720615152190038,7878.665968897544,-266436.7985779017,66.88496024919583,0.06688904776045541
1347,53675.0,299.1680588157764,1.0720510858061312,7882.33974881577,-266436.7979111102,66.91353755959454,0.06687007022749761
1348,53700.0,299.1598414264887,1.0720414598467987,7886.0134881994,-266436.7973127975,66.94203719125287,0.06685223202372136
1349,53725.0,299.1504794679012,1.0720335864197517,7889.687399339993,-266436.7966364962,66.9705541441976,0.06683716938271614
1350,53750.0,299.15550403256844,1.072028148778681,7893.361261708357,-266436.7965794245,66.99913544781651,0.06682631137429074
1351,53775.0,299.1608926826923,1.0720259213510832,7897.035070224352,-266436.79646469664,67.02755297805727,0.06682160256410266
1352,53800.0,299.1583370206948,1.0720276977087937,7900.708777508739,-266436.79601330316,67.05552297536347,0.06682543754619374
1353,53825.0,299.1557014549483,1.072033862629245,7904.382413540613,-266436.7955920366,67.0831965182177,0.0668395915805023
1354,53850.0,299.1592881660517,1.0720440841328398,7908.056036469119,-266436.79551642475,67.11054894489554,0.06686426469864708
1355,53875.0,299.16186966764997,1.0720572679449345,7911.729530318577,-266436.79549811274,67.13764770059005,0.06689731833824984
1356,53900.0,299.1634654168509,1.0720715860967804,7915.402952270442,-266436.79559607775,67.16488654654884,0.06693487300417597
1357,53925.0,299.1615011222386,1.0720850375552264,7919.076359238087,-266436.7957001445,67.19225650540018,0.06697216764850279
1358,53950.0,299.15933014005395,1.0720958795683082,7922.749784624471,-266436.7960175996,67.21987324797654,0.06700488471915633
1359,53975.0,299.1533781808824,1.0721032497549001,7926.423171216414,-266436.79616665014,67.24768524289225,0.06703077230392165
1360,54000.0,299.14979050257165,1.0721071021307844,7930.096415803569,-266436.79630546743,67.27586535194717,0.06704951506245416
1361,54025.0,299.14330986539403,1.0721077371512464,7933.769570459367,-266436.7960995437,67.30433197821839,0.06706097283406763
1362,54050.0,299.1409640352164,1.0721055771582275,7937.4427746559,-266436.7958091955,67.3330487779409,0.06706591782831997
1363,54075.0,299.1382550107527,1.0721014061583558,7941.115966211871,-266436.7951508757,67.36189462878797,0.0670660606060607
1364,54100.0,299.14582988522585,1.0720960065934046,7944.789087991935,-266436.7946698448,67.39050315726506,0.0670627255189256
1365,54125.0,299.1590524365544,1.072089794533917,7948.462048656899,-266436.7943391404,67.4189097523183,0.06705688872620799
1366,54150.0,299.1722892862716,1.0720829278224804,7952.134921080705,-266436.79421246925,67.44721904998791,0.06704916825164603
1367,54175.0,299.176588827729,1.0720754037524347,7955.807778869144,-266436.7940189304,67.47547180019502,0.06703982919103323
1368,54200.0,299.17951539323104,1.0720676128560973,7959.480457331864,-266436.7942681776,67.50352230362805,0.06702967397126866
1369,54225.0,299.1779436610705,1.0720603673965916,7963.1529845698215,-266436.79470101837,67.53167958759134,0.067019790754258
1370,54250.0,299.17276644152685,1.0720540401167011,7966.825511512756,-266436.7952691754,67.55976886530523,0.06701095113056173
1371,54275.0,299.15872354786194,1.0720487927599591,7970.497912757766,-266436.79551759147,67.58769939965997,0.0670037293488825
1372,54300.0,299.15346932604996,1.072044534838551,7974.170244010917,-266436.796166716,67.61561062636572,0.0669982459334791
1373,54325.0,299.14823224187285,1.072040955361473,7977.842496077624,-266436.79658307723,67.64363938549258,0.06699443910722959
1374,54350.0,299.14802840993934,1.0720381442424223,7981.514656062536,-266436.79689312517,67.67162277163646,0.06699237478787888
1375,54375.0,299.14942944573636,1.072036378875967,7985.186706605126,-266436.79694650206,67.69962068410862,0.06699220809108536
1376,54400.0,299.15522873928825,1.07203549285887,7988.858625647534,-266436.796905842,67.72764692132665,0.06699344274993957
1377,54425.0,299.15875247387515,1.0720348502660841,7992.530503849532,-266436.7966068061,67.7557051233673,0.06699513134978238
1378,54450.0,299.16108820111185,1.0720335723954535,7996.20233659245,-266436.7961982182,67.78384997655316,0.06699637321730732
1379,54475.0,299.17066339830916,1.0720313731884037,7999.874171839846,-266436.79627790547,67.81201756932377,0.06699729420289864
1380,54500.0,299.1684333091962,1.0720285727733505,8003.545947802308,-266436.7959757759,67.84027024740536,0.06699843277818016
1381,54525.0,299.1638442942595,1.0720257889532059,8007.217571417019,-266436.7958581261,67.86831377809948,0.06700033767486743
1382,54550.0,299.16245035213296,1.0720233658712923,8010.88907701156,-266436.7961280279,67.89629484767424,0.06700272113762361
1383,54575.0,299.161896009393,1.0720213383911348,8014.5605781835175,-266436.79661015025,67.92442321363208,0.06700474349710991
1384,54600.0,299.15276829121535,1.072020129963897,8018.231923842109,-266436.79675072967,67.95276991865232,0.06700659663056567
1385,54625.0,299.1459703556998,1.0720199947089928,8021.903260281136,-266436.7969206308,67.98131116113527,0.06700879100529109
1386,54650.0,299.14155777937987,1.0720217224224928,8025.574550464063,-266436.79691383464,68.00974352415295,0.06701306200432597
1387,54675.0,299.1376963794428,1.0720265031219962,8029.2458736313565,-266436.79652192624,68.03811045341028,0.06702207780979835
1388,54700.0,299.141755574274,1.0720347616990622,8032.917140420439,-266436.79615886125,68.06630588360942,0.06703749652027846
1389,54725.0,299.14873484412465,1.0720463100719406,8036.588425564981,-266436.79562977195,68.09435463477229,0.0670598875299761
1390,54750.0,299.15875214809483,1.0720605147375972,8040.259676056547,-266436.7951873891,68.12210381140676,0.06708874934100176
1391,54775.0,299.1636358872126,1.072076137212642,8043.9309184643125,-266436.79448425095,68.14974916355374,0.06712186302682001
1392,54800.0,299.1645667367791,1.072091799234265,8047.602122790852,-266436.793874507,68.17725406724107,0.06715603062933725
1393,54825.0,299.1743342977044,1.0721064213295057,8051.273349529166,-266436.7941411977,68.20490418316604,0.06718818412242955
1394,54850.0,299.17269236774183,1.072119079330942,8054.9444819880455,-266436.7943792683,68.23294968960583,0.06721545902031072
1395,54875.0,299.1645225193409,1.0721294818529115,8058.6155942277865,-266436.7948156628,68.26122071895902,0.0672369381566381
1396,54900.0,299.1465505612025,1.0721376678596977,8062.286683069666,-266436.79508716386,68.28937262562643,0.06725272584108813
1397,54925.0,299.1359986626132,1.072143414878396,8065.957712034327,-266436.7957569057,68.31749806509308,0.06726286289938015
1398,54950.0,299.12328008386936,1.0721477114605653,8069.628725315933,-266436.7961395317,68.34564061377183,0.06726984250655238
1399,54975.0,299.11273767857136,1.0721517295238077,8073.299678407849,-266436.7961593009,68.3739038545239,0.06727626142857152
1400,55000.0,299.11655754722807,1.0721562376873643,8076.970535636679,-266436.7962850968,68.40203072472053,0.0672836038543898
1401,55025.0,299.13055926438415,1.0721615097479773,8080.641313110785,-266436.7963837361,68.43034439705193,0.0672919717070852
1402,55050.0,299.14136414278914,1.0721674765977651,8084.3120282660875,-266436.79594583693,68.45868218104071,0.06730078736041824
1403,55075.0,299.155472576923,1.0721740797720782,8087.982693654074,-266436.79557736724,68.48675011514729,0.0673099489553657
1404,55100.0,299.1627242206405,1.0721815198102,8091.653367559896,-266436.79503955867,68.51466910462642,0.06732016132858847
1405,55125.0,299.1665820109056,1.0721900184921747,8095.323951584391,-266436.7946669148,68.54271648862029,0.06733231673779051
1406,55150.0,299.1617375830371,1.072199167732763,8098.994527545832,-266436.7943176249,68.57099403340449,0.0673458159203981
1407,55175.0,299.15764853787874,1.0722083077651499,8102.665038429678,-266436.79443606595,68.59907203929933,0.0673593390151516
1408,55200.0,299.1470916860657,1.0722170693162982,8106.335438405716,-266436.7944919961,68.62723550059152,0.06737212751360312
1409,55225.0,299.14202883215125,1.0722251089834498,8110.0059466912435,-266436.79487276985,68.6554005579197,0.0673835477541372
1410,55250.0,299.13950080226783,1.0722323779825165,8113.676495776508,-266436.7952264135,68.68347974746052,0.0673936409166077
1411,55275.0,299.13742763881015,1.0722393437204891,8117.347076716233,-266436.7953569161,68.71150234348451,0.06740362086874419
1412,55300.0,299.134357915782,1.0722459124793564,8121.017633527474,-266436.79521590506,68.73973433592838,0.06741340740740749
1413,55325.0,299.13967839580386,1.0722514321074947,8124.688160159114,-266436.7952776095,68.7681040591703,0.0674217112211222
1414,55350.0,299.14231919528856,1.0722553305064764,8128.358726036034,-266436.7951032352,68.79648181107194,0.06742750153121328
1415,55375.0,299.14956772810734,1.0722578688794708,8132.029173834502,-266436.79511524405,68.82486754048973,0.06743149435028258
1416,55400.0,299.1536068082804,1.0722598296871306,8135.6995336299615,-266436.79501961084,68.85328718066347,0.06743529898847339
1417,55425.0,299.1595657976022,1.07226185284438,8139.3698195796815,-266436.7951786005,68.88168915138702,0.06743994969440535
1418,55450.0,299.16150286445855,1.0722637340850347,8143.040059087377,-266436.79524603137,68.91008350998365,0.06744496875734093
1419,55475.0,299.16352308169013,1.0722648384976508,8146.71020804741,-266436.7954253896,68.9384926197184,0.06744904014084516
1420,55500.0,299.16098347853625,1.0722642324653981,8150.3803992535695,-266436.7955741069,68.9671132444289,0.067449966924701
1421,55525.0,299.15422054219414,1.0722614845288307,8154.050576955688,-266436.79567187524,68.9956563002814,0.06744643952180036
1422,55550.0,299.14902412110564,1.0722568641367984,8157.720645535479,-266436.79587265535,69.02442017451403,0.06743880463808863
1423,55575.0,299.1418178679776,1.0722513258426947,8161.390594993202,-266436.7958131642,69.05331360978474,0.06742875959737836
1424,55600.0,299.14721977052636,1.0722459590643256,8165.060417250986,-266436.79614587355,69.08221994783635,0.06741817099415214
1425,55625.0,299.151085438289,1.0722415172978008,8168.7300853592715,-266436.7961701876,69.11121601589538,0.06740843010752696
1426,55650.0,299.1578581116562,1.0722383443120747,8172.399818163271,-266436.7962166656,69.14037478486345,0.06740026442420004
1427,55675.0,299.1557959103642,1.0722364698879532,8176.069490218946,-266436.7956902784,69.16973111951458,0.06739394304388431
1428,55700.0,299.16006186937256,1.0722356855609965,8179.739156108925,-266436.7954408149,69.19900496197818,0.06738948985304417
1429,55725.0,299.160925704662,1.0722357601398582,8183.408721398127,-266436.79494728736,69.22803705547796,0.0673867916083917
1430,55750.0,299.15868669578384,1.0722367530864179,8187.078209226873,-266436.7942727148,69.25709540251583,0.06738603191241566
1431,55775.0,299.1615360572626,1.0722386941340762,8190.74767886638,-266436.79384041706,69.28598248556807,0.06738706820297961
1432,55800.0,299.1694132198186,1.072241533612466,8194.417169313321,-266436.7938454258,69.31451689137019,0.06738935589672027
1433,55825.0,299.16873754416554,1.0722451868898168,8198.086565010686,-266436.79369499086,69.34285738423999,0.06739259972106007
1434,55850.0,299.17154578350755,1.0722494445993014,8201.755909381875,-266436.79403938394,69.3710053593497,0.06739662740998847
1435,55875.0,299.1659698723306,1.0722544194521801,8205.425299735833,-266436.7942849257,69.3991093391366,0.06740199558960085
1436,55900.0,299.1609749654373,1.0722602526096014,8209.094576859885,-266436.79479289276,69.42722510044084,0.06740923544421258
1437,55925.0,299.1501823548911,1.0722671736207678,8212.76392553592,-266436.7950879454,69.45534706954113,0.06741870862308771
1438,55950.0,299.14447620824654,1.072275116979382,8216.433267408145,-266436.7955607938,69.48354685012751,0.06743011049339828
1439,55975.0,299.1437742043982,1.0722837446759241,8220.102565981473,-266436.7960936506,69.511817013889,0.06744270532407416
1440,56000.0,299.139239570206,1.072292635900993,8223.771845926894,-266436.7961790779,69.54003955008108,0.0674558651399492
1441,56025.0,299.1418138638466,1.0723010300508535,8227.441061891577,-266436.7964024003,69.56858072723081,0.06746839690245039
1442,56050.0,299.1481131914993,1.0723084040194022,8231.110149612374,-266436.79661725793,69.5972729849851,0.06747960706860716
1443,56075.0,299.15440751015706,1.072314207987071,8234.77924829062,-266436.7967430581,69.62591999607582,0.0674888529547554
1444,56100.0,299.15732380715116,1.0723179204152231,8238.448262088574,-266436.7966645134,69.65484567727808,0.067495474048443
1445,56125.0,299.16426204057177,1.0723193254956185,8242.117363382888,-266436.7968343946,69.68420419502085,0.06749871138773637
1446,56150.0,299.16240835590884,1.0723187284035918,8245.786493821694,-266436.79668496654,69.71381570168175,0.06749865676111504
1447,56175.0,299.15969032596695,1.0723165092081013,8249.455656785674,-266436.7966182435,69.74353424332423,0.0674956323664826
1448,56200.0,299.1587824547965,1.072313270761443,8253.124774848164,-266436.79671968526,69.77320235978847,0.06749017575339324
1449,56225.0,299.1585005917242,1.0723095590804579,8256.793864476773,-266436.79691054596,69.80275876068977,0.06748295034482768
1450,56250.0,299.1545769653113,1.0723058715828147,8260.462921889264,-266436.7969458476,69.83247332023903,0.06747493958189762
1451,56275.0,299.1525555319101,1.0723027929292912,8264.131889918955,-266436.797042558,69.86214624242434,0.06746754912764012
1452,56300.0,299.14820031498056,1.072301130763935,8267.800813955946,-266436.7970418532,69.89154866781382,0.0674625515026383
1453,56325.0,299.14993980582307,1.0723010213204935,8271.469730249879,-266436.7973465034,69.92091045873462,0.0674607475928474
1454,56350.0,299.14701294341364,1.0723025660939274,8275.138772263454,-266436.797360305,69.95020570630021,0.06746277983963353
1455,56375.0,299.1513495547162,1.0723059878662986,8278.80777200732,-266436.7975702052,69.97952594734443,0.06746911217948727
1456,56400.0,299.15733996156496,1.0723117135666878,8282.476799651333,-266436.79768236517,70.00897228917877,0.0674806071837109
1457,56425.0,299.16160465477833,1.0723195724737065,8286.145888802006,-266436.79765360564,70.03828945633298,0.0674971783264747
1458,56450.0,299.166786910898,1.072329071967099,8289.815042783865,-266436.7977265799,70.06738425634005,0.06751775668265944
1459,56475.0,299.1683555773974,1.0723400073059344,8293.484205778075,-266436.7976907288,70.09628211575351,0.06754148333333342
1460,56500.0,299.17316795961676,1.072352592972848,8297.153333178183,-266436.79792135936,70.12503292311212,0.0675682781200092
1461,56525.0,299.17194947811225,1.0723668084815303,8300.822360261507,-266436.7980438539,70.15380236981314,0.06759768969448253
1462,56550.0,299.16050150740494,1.0723824174071526,8304.491327302796,-266436.7978049116,70.18259633789027,0.06762903964456604
1463,56575.0,299.15612127094727,1.0723989585610183,8308.160239489747,-266436.7979788354,70.2114717928052,0.06766138251366129
1464,56600.0,299.150562755859,1.0724160657565398,8311.82907788327,-266436.79800426075,70.24016383048928,0.06769420591581352
1465,56625.0,299.15672810686686,1.0724334265575244,8315.497952817184,-266436.7984392681,70.26878354547532,0.06772699931787185
1466,56650.0,299.1563903578733,1.0724504912519865,8319.166824659844,-266436.79825495754,70.29737294205871,0.06775864712565334
1467,56675.0,299.1656602443235,1.0724668474114425,8322.835659237959,-266436.79836602794,70.32589110944605,0.06778843755676665
1468,56700.0,299.1682370921263,1.0724821232130684,8326.50446204152,-266436.79805699596,70.35452813523948,0.06781572089857053
1469,56725.0,299.16778496984136,1.072496000453513,8330.173374714506,-266436.79765800975,70.38320537460326,0.06784004331065768
1470,56750.0,299.1581681785634,1.0725082603670955,8333.842389808062,-266436.7969237011,70.41212481554507,0.06786116972581019
1471,56775.0,299.1596830803896,1.072518771965578,8337.511460245465,-266436.7967762276,70.44111527875914,0.06787894067028995
1472,56800.0,299.16019383616214,1.0725275012446238,8341.180553416152,-266436.7965872716,70.47041905340583,0.06789325956098674
1473,56825.0,299.1572333665763,1.0725346279963799,8344.849642075525,-266436.7962656766,70.4998243821801,0.06790437064676626
1474,56850.0,299.15254934011307,1.0725407306214672,8348.518662326322,-266436.79594162107,70.52942415909612,0.06791325988700574
1475,56875.0,299.1490618683379,1.0725461820234852,8352.187659015803,-266436.7957037252,70.5591226187896,0.06792047064137317
1476,56900.0,299.15217575851966,1.0725511103588337,8355.856671492209,-266436.7957750477,70.58864211396984,0.06792622071767104
1477,56925.0,299.154695513983,1.072555010825438,8359.525662400987,-266436.79585259635,70.61809085092476,0.06792963148398747
1478,56950.0,299.15714383840447,1.0725571377056553,8363.194715230105,-266436.7959441666,70.64757498782971,0.0679295199459095
1479,56975.0,299.1546309254506,1.072557273873872,8366.86373258986,-266436.7957876521,70.67685993896406,0.06792581644144154
1480,57000.0,299.15119102768415,1.0725556527121298,8370.53267826153,-266436.7956108918,70.70618611771336,0.06791916880486168
1481,57025.0,299.14915531713916,1.0725520116959046,8374.20153301529,-266436.79547744046,70.73588158974368,0.06790944714349988
1482,57050.0,299.14729795482145,1.0725460669813425,8377.870373116875,-266436.79530636553,70.7655989970781,0.06789677927624195
1483,57075.0,299.1491299620397,1.0725382383198545,8381.539146111405,-266436.7952989782,70.79537529222831,0.06788236185983837
1484,57100.0,299.1502247286197,1.0725292700336684,8385.207903749042,-266436.79521195247,70.82547224534241,0.06786727160493837
1485,57125.0,299.1625808611487,1.0725195026917884,8388.876575408924,-266436.7956665741,70.85580874988794,0.06785151996410957
1486,57150.0,299.16026296121964,1.0725089784801596,8392.545140503471,-266436.795412046,70.88606573638208,0.06783465725173737
1487,57175.0,299.15384419175643,1.0724979323476684,8396.213703922487,-266436.7950426848,70.91643913754491,0.06781658400537645
1488,57200.0,299.1530226480861,1.072486631967762,8399.882241961044,-266436.7950063862,70.9469579659728,0.06779726102529672
1489,57225.0,299.15501889932904,1.0724753697986562,8403.550746381652,-266436.79509267095,70.9774810261746,0.06777689552572717
1490,57250.0,299.15647316051883,1.0724647024368417,8407.219160658839,-266436.79508064676,71.00799068298691,0.06775653699977655
1491,57275.0,299.1628329119751,1.0724543793565668,8410.887531218717,-266436.79520847456,71.03864724642548,0.06773639365504926
1492,57300.0,299.1659108010718,1.0724441678946177,8414.555853385127,-266436.7951069147,71.06938069770048,0.06771665550346069
1493,57325.0,299.16844649866147,1.0724342235609088,8418.224079851178,-266436.79496347345,71.10004510798761,0.06769789223560921
1494,57350.0,299.1737007919734,1.0724242981047922,8421.892206864433,-266436.79500809853,71.1306514599778,0.0676799734671127
1495,57375.0,299.1698102301695,1.0724137987967899,8425.560206527847,-266436.7947031493,71.16127292290562,0.06766205303030312
1496,57400.0,299.1670105575597,1.0724026524159413,8429.228166271874,-266436.7945807005,71.19201802961487,0.06764403852148751
1497,57425.0,299.1617764788609,1.0723915160213602,8432.89608995616,-266436.79448710545,71.22265995727645,0.0676267572318648
1498,57450.0,299.1607677903048,1.0723807762953064,8436.563957778739,-266436.7946540658,71.25326676095183,0.06761044918834788
1499,57475.0,299.1591696951113,1.0723706202222205,8440.231891866442,-266436.79481068044,71.28371959044453,0.06759491355555566
1500,57500.0,299.1561520626251,1.072361214301575,8443.899852604705,-266436.7948253467,71.31397567910291,0.06758003175660682
1501,57525.0,299.15544115823366,1.0723526904127814,8447.567728428316,-266436.79478474986,71.3441427066135,0.06756586950732367
1502,57550.0,299.1596653692617,1.0723450199600781,8451.235458453979,-266436.79477393656,71.37426813439795,0.06755238611665569
1503,57575.0,299.1634487967644,1.0723382544326225,8454.903091768836,-266436.79461076064,71.40414867929972,0.06753983820921997
1504,57600.0,299.1633427572538,1.0723319694352142,8458.570614062011,-266436.79411412444,71.43408326090817,0.06752791162790708
1505,57625.0,299.16865235214715,1.0723254415670636,8462.238144742361,-266436.7938170139,71.46412769300584,0.06751558897742374
1506,57650.0,299.17359004799846,1.0723183311214317,8465.905595872813,-266436.793539138,71.49418805773067,0.06750220283123214
1507,57675.0,299.17335040738305,1.0723107148541098,8469.573000457998,-266436.79311552254,71.5241862261274,0.06748760698496915
1508,57700.0,299.1722221062516,1.0723028257123908,8473.24030058206,-266436.7927827557,71.55428764347258,0.06747238126794797
1509,57725.0,299.17021804944835,1.0722951004414996,8476.907468392712,-266436.7925159055,71.58442432097138,0.06745747814569546
1510,57750.0,299.1725447546881,1.072287940216191,8480.57455316523,-266436.7926207068,71.6146334310612,0.06744373836311503
1511,57775.0,299.1744580967815,1.0722813461199279,8484.241613325174,-266436.7928305004,71.64456745436516,0.06743130886243395
1512,57800.0,299.17075641352744,1.0722751280017608,8487.90860243864,-266436.79290080303,71.67431850649932,0.06741984423881921
1513,57825.0,299.16857125869683,1.0722691536767928,8491.575460312855,-266436.7931148296,71.70389074570681,0.06740912593571123
1514,57850.0,299.1673200341036,1.0722631410341017,8495.242253045983,-266436.7933592334,71.7334534851486,0.06739859119912
1515,57875.0,299.16431713940216,1.0722566378627951,8498.909020472953,-266436.79342898214,71.76314240699217,0.06738707343887432
1516,57900.0,299.1696265020877,1.0722497391782009,8502.575686209622,-266436.79379474156,71.79307557591747,0.06737433728850811
1517,57925.0,299.16737358344335,1.0722433317962212,8506.242352118135,-266436.7937286007,71.82300597101458,0.06736168489240238
1518,57950.0,299.17119908009676,1.0722377145051551,8509.908915302829,-266436.79391259176,71.85302000153618,0.06734957296466983
1519,57975.0,299.16929957368444,1.0722328576754367,8513.575410649559,-266436.7937688905,71.8830714973685,0.06733801622807027
1520,58000.0,299.1722245051504,1.0722287354810414,8517.241743683102,-266436.7938067282,71.91301077317563,0.0673273815472278
1521,58025.0,299.16767431033753,1.0722252091546192,8520.90806513228,-266436.79344819905,71.94274754664923,0.06731788282961026
1522,58050.0,299.17347681133754,1.0722220549354327,8524.574304011598,-266436.7936474311,71.97259850207932,0.06730928277522444
1523,58075.0,299.1752862598428,1.0722191951006106,8528.240469709754,-266436.79382665723,72.00227730993011,0.06730137620297473
1524,58100.0,299.1722418607653,1.0722161580327851,8531.906628403496,-266436.7939896192,72.03192863912578,0.06729331300546458
1525,58125.0,299.1690673138928,1.0722123169506317,8535.572809010266,-266436.79437112884,72.06151407470522,0.06728396854521634
1526,58150.0,299.1666894049337,1.0722073686967892,8539.238955918576,-266436.79484710476,72.09111809124656,0.06727275573019001
1527,58175.0,299.1624133662743,1.0722019925828952,8542.905026396815,-266436.7951360192,72.12061937739975,0.0672607892670158
1528,58200.0,299.15809991323334,1.0721970132984504,8546.57094198561,-266436.7952381517,72.15017775953793,0.0672493366034446
1529,58225.0,299.15695250087174,1.0721932525054447,8550.236802746404,-266436.7952453222,72.17946896884541,0.0672395982570807
1530,58250.0,299.1683614282607,1.0721914478554302,8553.90260329915,-266436.7956843427,72.20876348900511,0.06723288961463106
1531,58275.0,299.1702684186252,1.0721921749347239,8557.56838301784,-266436.7954848213,72.23783710639697,0.06723046148825075
1532,58300.0,299.1756789058494,1.0721955827353753,8561.234103544466,-266436.7953958604,72.26685995368568,0.06723293368123515
1533,58325.0,299.1840811684054,1.07220140330291,8564.899716559104,-266436.79552797106,72.29581874967414,0.0672401408083443
1534,58350.0,299.1843738514661,1.0722086718783912,8568.565231218023,-266436.7954845331,72.32461419174818,0.06725042671009782
1535,58375.0,299.18562454579023,1.0722156753472203,8572.230676780164,-266436.7957422897,72.35337446527787,0.06726044618055564
1536,58400.0,299.17801762155744,1.0722215699414424,8575.896051125352,-266436.7958869297,72.38222737952731,0.06726850162654531
1537,58425.0,299.171834837885,1.0722264390983942,8579.561500827047,-266436.79636646947,72.41128592999576,0.06727470307759004
1538,58450.0,299.16467180441873,1.0722306378600803,8583.22690115118,-266436.7969041059,72.44045255858791,0.06727966666666675
1539,58475.0,299.1569347067103,1.0722344203463183,8586.89229558463,-266436.79735456407,72.46968671255419,0.06728379307359315
1540,58500.0,299.14964681786745,1.0722381429807464,8590.557631446029,-266436.7975724036,72.4989994793425,0.06728768635085451
1541,58525.0,299.1495732747517,1.0722424593601363,8594.222960533722,-266436.7977989176,72.52824069628197,0.06729253696498062
1542,58550.0,299.1542442667966,1.072247162454092,8597.88822141067,-266436.7978170851,72.55743249621958,0.0672980041045583
1543,58575.0,299.15979386679646,1.0722518821243505,8601.553480478195,-266436.7975566507,72.5864288277203,0.06730358117443876
1544,58600.0,299.16134041294526,1.072256091262134,8605.218754103127,-266436.79693112883,72.61524418403461,0.06730855167206048
1545,58625.0,299.165668507331,1.0722590140146597,8608.884002764336,-266436.79638201254,72.64395450905572,0.06731155131522215
1546,58650.0,299.1704479379447,1.0722600504201663,8612.54918913079,-266436.79596846696,72.67264768864477,0.0673114085326439
1547,58675.0,299.1715682652888,1.0722592693798432,8616.214324374245,-266436.79564648174,72.70142186757114,0.06730812855297166
1548,58700.0,299.1775945435768,1.0722568952012033,8619.87932747084,-266436.79590111907,72.73026187497317,0.0673019808478589
1549,58725.0,299.17699303075295,1.0722532363440842,8623.54429930473,-266436.79621123575,72.75921703935491,0.06729360731182803
1550,58750.0,299.16852772899233,1.0722488534278942,8627.209317771974,-266436.79634072044,72.78813587234049,0.0672841972920697
1551,58775.0,299.16283838788684,1.0722444729381424,8630.874253799828,-266436.7967055984,72.81701577018907,0.06727517890893478
1552,58800.0,299.16040990083735,1.0722405505473258,8634.539293976604,-266436.79716475366,72.84577445739436,0.06726734406525013
1553,58825.0,299.1602806175464,1.0722370836550819,8638.204376661304,-266436.7975815112,72.87447991441448,0.06726062183612191
1554,58850.0,299.1524180960345,1.0722341798499446,8641.869363794642,-266436.797401349,72.90310825101828,0.06725507845659172
1555,58875.0,299.15287733676115,1.0722319738646082,8645.53436037425,-266436.79730260203,72.93162734061703,0.06725074614395894
1556,58900.0,299.1547343299082,1.0722304530079192,8649.199399630272,-266436.79691565305,72.96035810361813,0.06724736394776286
1557,58925.0,299.16869193003873,1.0722291029097113,8652.864435963842,-266436.7968880262,72.9889519392384,0.06724378262730002
1558,58950.0,299.1705595261923,1.0722273626256127,8656.529514365404,-266436.7962245823,73.01763113726756,0.06723891917896094
1559,58975.0,299.17509693846176,1.0722245309829042,8660.19473633611,-266436.7958354674,73.0463023324787,0.06723173717948724
1560,59000.0,299.1781470743116,1.0722203999572903,8663.860086540679,-266436.7956493078,73.07522926393345,0.06722214563314122
1561,59025.0,299.1767941047804,1.0722150271020041,8667.525314356808,-266436.79554174765,73.10428210499367,0.0672104319248827
1562,59050.0,299.16773233930496,1.0722079033909129,8671.19053292749,-266436.7953309566,73.13356505203676,0.06719599360204742
1563,59075.0,299.1660955884486,1.0721983224637661,8674.855706629796,-266436.7956479848,73.16297567902822,0.06717801044330783
1564,59100.0,299.1628123420662,1.0721868785942472,8678.520710526305,-266436.79589219094,73.19242783876473,0.06715749222577216
1565,59125.0,299.1669083231164,1.07217484078331,8682.18564706918,-266436.79647046776,73.22186552916143,0.06713607896977444
1566,59150.0,299.1600096485856,1.0721630925335015,8685.850436538398,-266436.79644106375,73.25127183322707,0.06711483939587329
1567,59175.0,299.159082534439,1.0721517971938757,8689.515098091624,-266436.79663290596,73.28068425935382,0.06709402040816334
1568,59200.0,299.1578454690888,1.0721407586573168,8693.179603910772,-266436.7967129608,73.31018087465485,0.06707358699808802
1569,59225.0,299.1578252522295,1.072130285987259,8696.843967764968,-266436.79678956594,73.33960342038225,0.0670546715498939
1570,59250.0,299.161119594526,1.072120659240397,8700.508254004244,-266436.79693084524,73.36909709590502,0.06703861871419485
1571,59275.0,299.1592388488127,1.0721116410093279,8704.172424590968,-266436.7967005748,73.39841622561501,0.06702603350296868
1572,59300.0,299.1623292044926,1.072102955287135,8707.83655934859,-266436.7965963659,73.42764471688925,0.06701676605212975
1573,59325.0,299.16311434011027,1.0720948824650551,8711.50055627213,-266436.7963736916,73.45698147183404,0.06701105379076669
1574,59350.0,299.16511392486785,1.0720877896296277,8715.164510626879,-266436.7962757631,73.48612193481489,0.06700923259259266
1575,59375.0,299.1614243868445,1.0720817813028745,8718.828389390863,-266436.796013004,73.51514776544,0.06701055731810497
1576,59400.0,299.1583589596281,1.0720763460156395,8722.492167643204,-266436.79587420984,73.54429762883119,0.06701300697526956
1577,59425.0,299.16051173933266,1.0720710414026173,8726.155848782424,-266436.7961129976,73.5733771987749,0.06701478432615131
1578,59450.0,299.15774969833245,1.0720660730420077,8729.819496451762,-266436.7962109778,73.60234965146725,0.06701561853493779
1579,59475.0,299.14645317721534,1.0720614124472554,8733.48308519135,-266436.7959157453,73.63148511434608,0.06701500168776378
1580,59500.0,299.14112944233625,1.0720567579590956,8737.146641443811,-266436.7957793879,73.66092086928113,0.06701200885515503
1581,59525.0,299.1456210402446,1.0720520965023157,8740.810128853982,-266436.79596509726,73.69035287568487,0.0670067119679731
1582,59550.0,299.1426759867342,1.0720476108654433,8744.473527009055,-266436.7956513975,73.71980532533173,0.06699977511054966
1583,59575.0,299.14554679882167,1.0720434109848465,8748.13685078262,-266436.7955207992,73.7493222377947,0.06699185606060613
1584,59600.0,299.1482977333335,1.0720395566771799,8751.800087163196,-266436.7953381396,73.77861580546802,0.06698360967402742
1585,59625.0,299.15275412211025,1.0720358064312716,8755.463321128835,-266436.795263766,73.80778559247592,0.06697519062631364
1586,59650.0,299.15610489287974,1.0720318594832998,8759.126504754673,-266436.7950706536,73.83709236378921,0.06696639844570475
1587,59675.0,299.16000439378683,1.0720278780436587,8762.789591225861,-266436.79491469724,73.86666098740562,0.06695739924433257
1588,59700.0,299.16417401153774,1.0720241457939985,8766.452683353262,-266436.7948059729,73.89627300293694,0.06694844430459415
1589,59725.0,299.1626852199162,1.072021361215931,8770.115780173584,-266436.79451235407,73.92584016939212,0.06694075660377366
1590,59750.0,299.1609378877018,1.0720202755080643,8773.778899230883,-266436.79435993754,73.95529263670656,0.06693575968992256
1591,59775.0,299.1602234440956,1.0720211708542695,8777.44194155402,-266436.7944144767,73.98449632474883,0.06693409819933006
1592,59800.0,299.1592311406153,1.0720243270558676,8781.104949458882,-266436.7946028545,74.01348320192517,0.06693654383762301
1593,59825.0,299.1564792461314,1.0720300023002909,8784.767910606233,-266436.7947115491,74.04236148870774,0.0669439245085739
1594,59850.0,299.1590280493209,1.0720385097178664,8788.430831642843,-266436.7950619348,74.07098196050164,0.06695721128526654
1595,59875.0,299.16098001670855,1.0720499394319112,8792.093832690267,-266436.7953935856,74.09929243671687,0.06697701608187143
1596,59900.0,299.1604787221875,1.072063470465454,8795.756830763932,-266436.79557959025,74.12724067480701,0.06700188937591325
1597,59925.0,299.1638422688779,1.07207821964956,8799.419829842094,-266436.79585441505,74.15496712494793,0.06702990821860669
1598,59950.0,299.17016166687523,1.0720934894725849,8803.082768552846,-266436.7961876414,74.18249729059836,0.0670592293099855
1599,59975.0,299.16931093604177,1.0721086143749978,8806.745767586252,-266436.79613568,74.20981060041674,0.06708799375000009
1600,60000.0,299.1653994164065,1.0721229945867146,8810.40873961524,-266436.795911975,74.23721234728302,0.06711468977722267
1601,60025.0,299.16577698564305,1.0721359323761943,8814.071648304413,-266436.7958360395,74.26462755763636,0.06713776092384528
1602,60050.0,299.16647930172604,1.0721467296735265,8817.734552350177,-266436.795800891,74.29220690788112,0.06715585236015813
1603,60075.0,299.1717913507898,1.072154650665002,8821.397413523691,-266436.7959874576,74.31978995157947,0.06716781088944314
1604,60100.0,299.17395387372807,1.0721593281412232,8825.060294117966,-266436.7960483568,74.34765441287651,0.06717345898234692
1605,60125.0,299.1744691782899,1.0721610303030282,8828.723118932337,-266436.79617340094,74.37567167642183,0.06717393918638448
1606,60150.0,299.1761192437255,1.0721599491806657,8832.38586296225,-266436.7964199556,74.40387630470865,0.06717002551337906
1607,60175.0,299.1750520532754,1.0721565159618551,8836.048513711445,-266436.7965808509,74.43229302529029,0.06716271558872314
1608,60200.0,299.17272473958997,1.0721513596436687,8839.711093855398,-266436.79667155934,74.46085795504462,0.06715325253780824
1609,60225.0,299.1741406542444,1.072145427743269,8843.373568436025,-266436.7969226977,74.4894727538303,0.06714319192546592
1610,60250.0,299.170946782123,1.072139608110902,8847.036057965654,-266436.7969795568,74.51807930684882,0.0671337608110905
1611,60275.0,299.1644059340365,1.072134528949543,8850.698670248139,-266436.79681297106,74.54683591149718,0.06712584532671638
1612,60300.0,299.1642868324035,1.0721303552386836,8854.361256427155,-266436.79681924754,74.57552645877254,0.0671196003306469
1613,60325.0,299.16944611193736,1.0721269421726538,8858.023843086536,-266436.7968609692,74.60425185770349,0.06711465819909136
1614,60350.0,299.17566372033036,1.072123901341587,8861.686474887721,-266436.79676606954,74.63307126336436,0.06711013168214662
1615,60375.0,299.18073174855624,1.0721208341584136,8865.349289328384,-266436.7965166988,74.66190582095716,0.0671051206683169
1616,60400.0,299.17701938445697,1.072117297052152,8869.012187666667,-266436.7958093201,74.69077979014642,0.06709889610389617
1617,60425.0,299.171936774619,1.072112965595383,8872.675048159044,-266436.7951352888,74.71971781417393,0.06709089431396793
1618,60450.0,299.17400938954097,1.072107769816757,8876.33780075623,-266436.7949768336,74.748743832201,0.06708106567840239
1619,60475.0,299.17414213251044,1.0721023434156356,8880.000485731072,-266436.7949019952,74.77800872325109,0.06707063806584371
1620,60500.0,299.173922461238,1.0720973207896338,8883.663057455482,-266436.79497033,74.80711567057378,0.06706072424429373
1621,60525.0,299.16812987032483,1.072092909576652,8887.325546161941,-266436.7949114755,74.8360303904645,0.06705154089601324
1622,60550.0,299.1667913657837,1.072088570753746,8890.988000345042,-266436.795100773,74.86498136003291,0.06704203820086269
1623,60575.0,299.15987441748786,1.072084180418717,8894.65039289286,-266436.7949679727,74.89378741912977,0.06703192549261093
1624,60600.0,299.15512385989757,1.072079971282049,8898.31271003795,-266436.7948251183,74.9227036992821,0.06702167323076931
1625,60625.0,299.1576186779419,1.0720758886838846,8901.974895942396,-266436.7948148261,74.95166807195577,0.06701146658466593
1626,60650.0,299.1564829635322,1.072072211022329,8905.63705844233,-266436.79433676274,74.98055327146082,0.06700212845728343
1627,60675.0,299.1621755368552,1.0720689365274343,8909.29927236159,-266436.79397901,75.0092216922605,0.06699396027846036
1628,60700.0,299.1678769871088,1.0720653077552666,8912.96144878842,-266436.79347668955,75.0380057884183,0.06698585205647645
1629,60725.0,299.17374557750526,1.0720607472392614,8916.623597430063,-266436.7930062507,75.06688902658492,0.06697670429447862
1630,60750.0,299.1831386887392,1.0720551144492108,8920.285668449624,-266436.79281211196,75.09582844737385,0.06696593623543846
1631,60775.0,299.18510607781883,1.0720492428513049,8923.947654485297,-266436.7924952522,75.12472169342325,0.06695447487745106
1632,60800.0,299.17929797530127,1.0720438885486812,8927.609572104717,-266436.7920628132,75.1534659942846,0.06694312716881004
1633,60825.0,299.1762212621381,1.0720391274989776,8931.271461543045,-266436.79198437,75.18203084455328,0.06693203141574876
1634,60850.0,299.1699698354742,1.0720350065239528,8934.93337252885,-266436.7919212682,75.21035505647303,0.06692164199796134
1635,60875.0,299.165964144662,1.0720314616951891,8938.595336257336,-266436.792092146,75.2384595393236,0.06691247942135296
1636,60900.0,299.16281011036466,1.0720283213194846,8942.257217588272,-266436.79232210055,75.26667367297907,0.0669048523722257
1637,60925.0,299.17103243793264,1.0720252661782639,8945.918985345748,-266436.7931304328,75.29495279955233,0.06689851465201473
1638,60950.0,299.16719683709596,1.072021674801706,8949.580714511085,-266436.7933089375,75.32336993593658,0.06689224933902793
1639,60975.0,299.16500291239856,1.0720170345528433,8953.242500640448,-266436.7935281865,75.35193374024394,0.06688483048780496
1640,61000.0,299.1690131694091,1.072010896201501,8956.904215922814,-266436.7940865303,75.38042438858423,0.06687494474913679
1641,61025.0,299.1681850655706,1.0720025602923242,8960.565845098661,-266436.7944600797,75.40911226695091,0.06686091818920023
1642,61050.0,299.1672313690405,1.0719920200852078,8964.227430636844,-266436.79483097803,75.43816515804427,0.06684258023939954
1643,61075.0,299.17063705596127,1.0719798501622038,8967.888895962897,-266436.79528901575,75.46751132664237,0.06682103933495546
1644,61100.0,299.16965978845,1.0719664297872318,8971.550254422493,-266436.7952922705,75.49703007862213,0.06679743991894638
1645,61125.0,299.16755583637115,1.0719524060348298,8975.211575402998,-266436.79496707674,75.5266807612394,0.06677338011340632
1646,61150.0,299.1693455282333,1.0719385116373181,8978.872832069217,-266436.79452770326,75.5562707763611,0.0667505351143494
1647,61175.0,299.1775617451458,1.0719251383495123,8982.533971468245,-266436.7942012625,75.58560100262949,0.06672996116504862
1648,61200.0,299.18451329816065,1.0719122290276912,8986.195002293513,-266436.7937393511,75.61480168485954,0.06671181564584604
1649,61225.0,299.19402210787894,1.0718996098989877,8989.85600093697,-266436.7934661369,75.6437519335354,0.06669533939393946
1650,61250.0,299.19467621704035,1.0718874552796263,8993.516912246114,-266436.79293421825,75.67239435594594,0.06667985079749653
1651,61275.0,299.191147852704,1.0718762003631939,8997.177784247579,-266436.7923594812,75.70111487954,0.0666650540758677
1652,61300.0,299.18436013006675,1.0718660346844098,9000.838571417222,-266436.7918056176,75.7298519011898,0.06665030772333139
1653,61325.0,299.18750596553826,1.0718565298266804,9004.49934788815,-266436.79186901974,75.75867471946799,0.06663486013704158
1654,61350.0,299.18984703001024,1.0718470076535727,9008.16003862135,-266436.79197285173,75.787442460423,0.06661818831822766
1655,61375.0,299.18660770390517,1.0718367852254407,9011.820678600443,-266436.7918279547,75.81637730797105,0.06659974255233501
1656,61400.0,299.185840149467,1.071825796620396,9015.481220467713,-266436.7917567427,75.84540691892984,0.06657969060551204
1657,61425.0,299.186408592079,1.0718142474869297,9019.141620894652,-266436.7916339407,75.87433417229597,0.06655851266586255
1658,61450.0,299.1844194982923,1.0718026349206327,9022.801911934499,-266436.79129331245,75.90308983443846,0.06653709664456506
1659,61475.0,299.18320832469897,1.0717911315261022,9026.462103282733,-266436.7909352153,75.93172947670686,0.06651583855421693
1660,61500.0,299.18880950190663,1.0717794503311235,9030.122230461571,-266436.7909677442,75.96036845835846,0.06649445374272533
1661,61525.0,299.1907826857202,1.0717673740473304,9033.782265307062,-266436.7909349824,75.98915259125556,0.06647271640593669
1662,61550.0,299.18933348526775,1.0717551016235696,9037.442189652036,-266436.79091642314,76.01788260713573,0.06645091701743844
1663,61575.0,299.18298545893447,1.0717428984374977,9041.102064208135,-266436.7907798159,76.04648453745997,0.06642950761217956
1664,61600.0,299.1738717287289,1.0717309557557535,9044.761888154155,-266436.79049596796,76.07510639579583,0.06640875815815822
1665,61625.0,299.17158939675886,1.071719176270506,9048.421616338537,-266436.7904001186,76.10369217647063,0.06638842917166873
1666,61650.0,299.1709610785844,1.0717075742851407,9052.081264729255,-266436.79017815075,76.13253931653672,0.06636842491501706
1667,61675.0,299.1749046085133,1.0716961960431632,9055.74079451499,-266436.789950673,76.16144130595526,0.06634861890487616
1668,61700.0,299.17548119312977,1.0716851166367063,9059.400286619135,-266436.78935809305,76.19042341162377,0.06632889894148199
1669,61725.0,299.1844927341319,1.07167407804391,9063.059751032735,-266436.78905742074,76.21944063732539,0.06630891337325356
1670,61750.0,299.1927922094556,1.071662848394173,9066.719159776183,-266436.78865847713,76.24843821105131,0.06628873947735893
1671,61775.0,299.1974326317785,1.0716514025119594,9070.378434696771,-266436.7881413,76.27753191008776,0.06626909429824568
1672,61800.0,299.2001594200042,1.0716399222952757,9074.037637788404,-266436.7877525112,76.30658870571831,0.06625084997011363
1673,61825.0,299.1960516955398,1.0716282947033031,9077.696747865592,-266436.7873588088,76.33577315850263,0.06623424233373165
1674,61850.0,299.1974706131345,1.0716161548258685,9081.355685045772,-266436.7875967277,76.36484452776124,0.06621904079601997
1675,61875.0,299.1912120091489,1.0716032708830527,9085.014526860185,-266436.78772811923,76.39386860978524,0.06620461157517907
1676,61900.0,299.18532104969205,1.071589822301727,9088.67322494037,-266436.7880457783,76.42305704412647,0.0661904488173326
1677,61925.0,299.1720744483514,1.0715762630115193,9092.331851519668,-266436.7879960041,76.45217310091383,0.06617657250695279
1678,61950.0,299.1676964494741,1.0715629676394658,9095.990323943024,-266436.7881823978,76.48120850625376,0.06616328250943028
1679,61975.0,299.1678580678573,1.0715505507936485,9099.64873426131,-266436.788209868,76.51027910694448,0.06615139325396832
1680,62000.0,299.17540767856457,1.0715390196311696,9103.307022665877,-266436.788249362,76.53931975927031,0.06614051973031931
1681,62025.0,299.18290763694034,1.0715277514863235,9106.96521574376,-266436.78802791255,76.56845754577887,0.06612913555291326
1682,62050.0,299.18887302059835,1.0715161940978388,9110.623336967916,-266436.78768099006,76.59780656209153,0.06611578253119435
1683,62075.0,299.19045871813165,1.0715043610451285,9114.281297571459,-266436.7872303822,76.62694417141729,0.06609989212193197
1684,62100.0,299.1885845825917,1.071493011473786,9117.939220887638,-266436.78676323104,76.65589225954504,0.0660824864490604
1685,62125.0,299.18934353954154,1.0714830379596656,9121.597015161726,-266436.7865650941,76.68480792763941,0.06606520719652043
1686,62150.0,299.1872221479947,1.071474642758346,9125.25467105019,-266436.7863652027,76.7137567488639,0.06604901343607988
1687,62175.0,299.1841799533968,1.0714676757503927,9128.912274457743,-266436.78619593795,76.74265752547397,0.06603432424960512
1688,62200.0,299.179322069272,1.071461847444245,9132.569836508388,-266436.78588161,76.771554978883,0.06602120524965469
1689,62225.0,299.17649990256433,1.0714570759368816,9136.227418184024,-266436.7855978195,76.80060794773179,0.06600977514792905
1690,62250.0,299.1701934807809,1.0714534358367809,9139.884986142324,-266436.7849968381,76.82969394657997,0.06600025645574617
1691,62275.0,299.1746917685188,1.0714507884160736,9143.542459389679,-266436.7847584838,76.85862531185977,0.06599250256107177
1692,62300.0,299.1746072967122,1.0714487564481177,9147.199857311085,-266436.7841231419,76.88750760720619,0.06598587891317195
1693,62325.0,299.17791923081495,1.0714470057064127,9150.857153196184,-266436.7835655234,76.91624532349473,0.06597971448248727
1694,62350.0,299.1813435498528,1.071445044837756,9154.51450287473,-266436.78301207215,76.94492469242876,0.06597305762045237
1695,62375.0,299.1802964487031,1.0714424001572307,9158.171832129521,-266436.782178984,76.97345432606136,0.0659651397405661
1696,62400.0,299.18417271636247,1.0714390241602807,9161.829128115696,-266436.7816296606,77.00191471852293,0.06595599469652333
1697,62425.0,299.187986341186,1.0714346915979562,9165.486384509228,-266436.78120064776,77.03013638555166,0.06594539281507662
1698,62450.0,299.1858866448894,1.0714293052776123,9169.14354670983,-266436.7806590339,77.0583091665686,0.06593331783402007
1699,62475.0,299.18316831686303,1.0714228817647038,9172.800704270001,-266436.7801586782,77.08669299784317,0.06591986490196085
1700,62500.0,299.1809474928476,1.0714156233588066,9176.457870939252,-266436.7797561134,77.11531820536943,0.06590542994317074
1701,62525.0,299.18347180376054,1.0714073772032882,9180.114937737564,-266436.77958748117,77.1441366776342,0.06588995671758721
1702,62550.0,299.17844704482314,1.071398021334897,9183.771947017422,-266436.7790170209,77.1730004057546,0.06587340164415742
1703,62575.0,299.17889594170606,1.0713875534037538,9187.428865067099,-266436.7786100851,77.201864187011,0.06585562695618159
1704,62600.0,299.17716392414496,1.0713762856304965,9191.085642258065,-266436.7779275306,77.23059851808412,0.06583676969696975
1705,62625.0,299.1772966322785,1.071364603946852,9194.742407063699,-266436.7771855522,77.25929869988282,0.06581711821023843
1706,62650.0,299.17913852470247,1.0713530150361235,9198.39913665749,-266436.77645104274,77.28797824057806,0.0657972028900606
1707,62675.0,299.17959486690114,1.0713424549180306,9202.055760974436,-266436.77572838543,77.31661203278694,0.065778293325527
1708,62700.0,299.1811296834409,1.07133402847669,9205.712318836748,-266436.77516247355,77.3450963048567,0.06576215740198953
1709,62725.0,299.18730803411336,1.0713284750487309,9209.368858625927,-266436.7749040967,77.37349979298251,0.06575018440545816
1710,62750.0,299.1877362226771,1.0713259955191874,9213.025349201638,-266436.7745058504,77.40188124040527,0.06574306993960653
1711,62775.0,299.19063066082583,1.0713261119548265,9216.681816091317,-266436.7744222891,77.42999016530379,0.06574054361370724
1712,62800.0,299.18887219750957,1.071328440358044,9220.338225572486,-266436.7742856669,77.45797887429467,0.06574238159174943
1713,62825.0,299.1928082880205,1.07133298872034,9223.99461555037,-266436.7745915863,77.48587039050959,0.06574892318164145
1714,62850.0,299.192744653839,1.0713396417881416,9227.651024468028,-266436.7748476239,77.51336624917401,0.0657602301263363
1715,62875.0,299.1905842748643,1.0713476260683739,9231.30752182906,-266436.77510906314,77.54077205808086,0.06577481313131318
1716,62900.0,299.1891986790917,1.0713560036886018,9234.963927016695,-266436.7754942514,77.56839625218409,0.06579064725296065
1717,62925.0,299.1832562163371,1.0713636201008903,9238.620328464687,-266436.775624397,77.59607508866905,0.06580525882809474
1718,62950.0,299.1850236397133,1.071369641652121,9242.276788473144,-266436.77602273884,77.62367422299792,0.06581673783207297
1719,62975.0,299.1827951199615,1.0713740067829434,9245.933250627908,-266436.7760541841,77.65129296220935,0.06582454534883726
1720,63000.0,299.18244630931656,1.0713770856091396,9249.589752175287,-266436.7759960083,77.67907606372269,0.06582888824326948
1721,63025.0,299.1868786436317,1.0713790797522236,9253.246243697446,-266436.7760661076,77.70698554200547,0.06583008478513362
1722,63050.0,299.18486999090766,1.0713797674598544,9256.902728112595,-266436.7757297135,77.73514434881027,0.06582813000580388
1723,63075.0,299.18992981844576,1.071379038476409,9260.559260181362,-266436.7756890806,77.76342478596294,0.0658234441221965
1724,63100.0,299.19805261700515,1.0713774747826061,9264.215718637102,-266436.7758352734,77.79167854956529,0.06581748811594208
1725,63125.0,299.1947693350718,1.0713761734260308,9267.872172381423,-266436.775491111,77.81986460544618,0.06581228215527235
1726,63150.0,299.19070410326225,1.0713758432734968,9271.52866092685,-266436.7751998127,77.84798436691766,0.06580901408994408
1727,63175.0,299.19425446006977,1.0713769772376518,9275.185241340858,-266436.77535456535,77.87588153549389,0.06580866608796301
1728,63200.0,299.1948862824372,1.0713799625988023,9278.841825686526,-266436.7753855893,77.90338853152119,0.0658121216502796
1729,63225.0,299.1962281119464,1.071384963198456,9282.498449945666,-266436.7754870294,77.93063752832377,0.06581982369942202
1730,63250.0,299.1932115961875,1.0713917003658746,9286.15515537416,-266436.7754182175,77.95772964567695,0.06583100250336997
1731,63275.0,299.1951858108163,1.0713991812933001,9289.811798049077,-266436.775589702,77.98472551173987,0.0658433410315628
1732,63300.0,299.2024467493752,1.0714066310828982,9293.468463077901,-266436.77604424267,78.01169840123107,0.06585510713598774
1733,63325.0,299.2044332276051,1.0714135999615508,9297.12516720896,-266436.776329113,78.0387903423684,0.0658654857747021
1734,63350.0,299.19616660384276,1.0714199723342916,9300.78183279539,-266436.7761871627,78.06596473871285,0.06587445686839583
1735,63375.0,299.194665948541,1.0714259057219637,9304.438500113096,-266436.7763946288,78.09323709062988,0.06588253552227348
1736,63400.0,299.19708982076406,1.0714311036269406,9308.095150270967,-266436.77667912544,78.12048826962204,0.06588929591249286
1737,63425.0,299.19454816474905,1.071435139815878,9311.751774432107,-266436.77653398784,78.14760780744159,0.06589401783659384
1738,63450.0,299.19503612996004,1.0714377120950713,9315.408315402532,-266436.77639939997,78.17462171267019,0.06589613302664371
1739,63475.0,299.1970656593873,1.0714390886973155,9319.064801837165,-266436.7762134551,78.2017530827587,0.06589613620689659
1740,63500.0,299.19921645510277,1.0714396787286975,9322.721285413172,-266436.77597414755,78.22901276660932,0.0658946645605974
1741,63525.0,299.20384492345994,1.0714397918101772,9326.377774404707,-266436.77578204067,78.25657697665527,0.06589230979716805
1742,63550.0,299.2021605779311,1.0714397617135183,9330.034275656722,-266436.77528969204,78.28415890131964,0.06588982577930774
1743,63575.0,299.2034565070722,1.071439849197245,9333.690785288227,-266436.77497240744,78.31174212748479,0.0658878658256881
1744,63600.0,299.2030612003824,1.0714403851002838,9337.347236038586,-266436.77455544425,78.3393787810889,0.06588711442215858
1745,63625.0,299.2089738350519,1.0714411158839225,9341.003651272624,-266436.7744484631,78.36716556223756,0.06588707464681179
1746,63650.0,299.2136306086628,1.0714414571646607,9344.66008696451,-266436.774282385,78.3951658862813,0.0658866351841252
1747,63675.0,299.2178269748287,1.0714407982456113,9348.316567928681,-266436.77418134914,78.42340877536238,0.06588492009916097
1748,63700.0,299.22015928968966,1.0714389125214383,9351.9730345445,-266436.77413376287,78.45177137183157,0.06588186963979419
1749,63725.0,299.2195130312384,1.0714364891428545,9355.629609405143,-266436.7740413731,78.4801965236191,0.06587887980952384
1750,63750.0,299.2172975516851,1.0714343042071173,9359.286175018275,-266436.7739630803,78.5086829763945,0.06587756367789836
1751,63775.0,299.21238903653,1.0714323633942135,9362.94283369178,-266436.77379009646,78.5371356847413,0.06587809684170474
1752,63800.0,299.21053035520094,1.0714304341129466,9366.599462444192,-266436.7736993603,78.56556797585098,0.06588019756607721
1753,63825.0,299.2031784737745,1.0714286014823233,9370.255992306727,-266436.7731729559,78.59392438008368,0.06588375522614977
1754,63850.0,299.20873758442576,1.0714271386514693,9373.912509044634,-266436.7731191529,78.62232542621089,0.06588868167141503
1755,63875.0,299.21167976651515,1.0714258506074386,9377.569057856492,-266436.7727952196,78.65054792577834,0.0658937708807897
1756,63900.0,299.211044428382,1.0714244342629455,9381.225621534813,-266436.77220611647,78.67900411553791,0.0658977831531019
1757,63925.0,299.2169777688664,1.0714225259764858,9384.882094241564,-266436.7718693221,78.70746952464928,0.06589957489571484
1758,63950.0,299.2181089008909,1.0714195023687674,9388.538509574191,-266436.77128569357,78.73614396323674,0.06589799204093236
1759,63975.0,299.2222083098488,1.071415160416664,9392.194930912312,-266436.77091295813,78.76510971875005,0.06589275738636365
1760,64000.0,299.22694567367057,1.07140983834942,9395.85123413856,-266436.77071088244,78.79411916657209,0.06588449176604204
1761,64025.0,299.22806435168405,1.0714040312145263,9399.5075048392,-266436.7705082096,78.82316631063192,0.06587434317063944
1762,64050.0,299.22602016808503,1.0713981936093753,9403.163732039517,-266436.7703688671,78.85212750463232,0.06586377292493857
1763,64075.0,299.22489253760426,1.0713922173091432,9406.819845310092,-266436.77054199146,78.88102490325025,0.06585302532123961
1764,64100.0,299.22244725949037,1.0713863928234157,9410.475861371293,-266436.7708758053,78.91003197469317,0.06584255297450425
1765,64125.0,299.21735311532683,1.0713812000754976,9414.131894574368,-266436.77119190764,78.9391698935448,0.06583297168742923
1766,64150.0,299.214497292398,1.071376706281831,9417.787902666101,-266436.7716113999,78.96850904433133,0.06582428258819092
1767,64175.0,299.2136411018103,1.0713728259803894,9421.44395439574,-266436.77203022863,78.99790913876326,0.06581623868778282
1768,64200.0,299.21549072413825,1.0713696504616517,9425.099916588844,-266436.77237891004,79.02730354154896,0.06580891200301489
1769,64225.0,299.20926231845607,1.0713672340866263,9428.755767993409,-266436.77206010936,79.0568909097929,0.06580240941619586
1770,64250.0,299.2054788848112,1.0713653163937484,9432.411535457555,-266436.77156360133,79.08648901712786,0.06579638396386224
1771,64275.0,299.21057564051955,1.0713636066591394,9436.067239783859,-266436.7712331303,79.11606655737401,0.0657904580511663
1772,64300.0,299.2177738770449,1.0713618712163913,9439.722854279562,-266436.7708285074,79.1457482983644,0.06578434066553865
1773,64325.0,299.2240836215712,1.071359755543026,9443.37846527264,-266436.77036262903,79.17534383126649,0.06577752367531005
1774,64350.0,299.2267610446952,1.0713571055399034,9447.034009161876,-266436.7698246369,79.20490769615029,0.06576981089201879
1775,64375.0,299.22614755874656,1.0713544192942916,9450.68956338382,-266436.76929994946,79.2343807747748,0.06576197766516517
1776,64400.0,299.2298378084791,1.0713522267867166,9454.345107185143,-266436.76926098246,79.2639392650535,0.0657549195272932
1777,64425.0,299.2243473863896,1.071350821147354,9458.000631280465,-266436.7690591852,79.29350749606301,0.06574923228346458
1778,64450.0,299.2247243929177,1.0713503929173667,9461.656108432455,-266436.76934516034,79.32295184598092,0.06574535300730748
1779,64475.0,299.22208592453217,1.0713511559925066,9465.3115640221,-266436.76960886887,79.35227917696632,0.06574378539325844
1780,64500.0,299.21721716264307,1.0713532915964787,9468.96697235673,-266436.76980374655,79.38137416732177,0.0657449605090773
1781,64525.0,299.2158210918447,1.0713568787878762,9472.622415250096,-266436.7701081896,79.4102845263749,0.06574904115226338
1782,64550.0,299.2144694111052,1.0713615214058676,9476.27785253973,-266436.7703835937,79.43906554645731,0.06575522396709665
1783,64575.0,299.2097485011214,1.0713666033258569,9479.933260619584,-266436.7704476363,79.4676834446936,0.06576212070254112
1784,64600.0,299.2067915604112,1.071371956115777,9483.5887046986,-266436.77051574894,79.49645727992535,0.06576931092436976
1785,64625.0,299.2078645681228,1.0713775317282541,9487.244122801794,-266436.77066160913,79.5255755352744,0.06577684453154162
1786,64650.0,299.20496017347546,1.0713833159858208,9490.899474467267,-266436.7704202115,79.5547742723373,0.06578483753031152
1787,64675.0,299.20407605238665,1.0713894772557766,9494.554853866148,-266436.77014084725,79.5841020037286,0.06579369910514542
1788,64700.0,299.2043731270732,1.071396051052727,9498.210217764303,-266436.7698579344,79.61314924464324,0.06580350139742874
1789,64725.0,299.2089797160152,1.0714030432029769,9501.865696644696,-266436.7698331603,79.64234003184362,0.06581431061452514
1790,64750.0,299.2089344185747,1.0714108745579722,9505.521136674488,-266436.76968989364,79.67153386022711,0.06582696668527825
1791,64775.0,299.2092981542042,1.0714194743303544,9509.176555612912,-266436.76968198986,79.70049468229172,0.06584121986607143
1792,64800.0,299.2045163370518,1.071429023796242,9512.832032058193,-266436.7695494485,79.72931432533933,0.06585729373489498
1793,64825.0,299.2027716146417,1.0714394267930112,9516.487479199372,-266436.7697084284,79.7579099323672,0.06587492251950948
1794,64850.0,299.1954177045499,1.0714503524605359,9520.142956835287,-266436.76965587644,79.78647461634175,0.06589362098421542
1795,64875.0,299.1942308602452,1.071461033778765,9523.798459515223,-266436.7698408,79.81492901002233,0.06591193763919823
1796,64900.0,299.1901186731592,1.071470890929324,9527.453962018924,-266436.7697131665,79.8432596540531,0.06592877202745316
1797,64925.0,299.1915814506862,1.0714796453466788,9531.109493596223,-266436.7696392825,79.87162335520955,0.0659437289581016
1798,64950.0,299.1915379638691,1.0714867341115408,9534.76499722235,-266436.7693260759,79.90027708541787,0.06595582138224941
1799,64975.0,299.1905533585188,1.0714915374074048,9538.420472527041,-266436.7688386435,79.92913834888894,0.06596392185185186
1800,65000.0,299.1876591491766,1.0714936903572063,9542.075955278737,-266436.76820519264,79.95838430723677,0.06596739367018323
1801,65025.0,299.1925888975215,1.0714933163152027,9545.73138027026,-266436.7679862053,79.98776769089905,0.06596655290418055
1802,65050.0,299.19130101386605,1.0714910765390988,9549.386774476432,-266436.76750721294,80.01736282603075,0.06596268922166759
1803,65075.0,299.1916076971547,1.0714877274574992,9553.042137993167,-266436.76716711064,80.04696436603848,0.06595697209903917
1804,65100.0,299.196569167498,1.071484066481992,9556.697419950327,-266436.7671049466,80.07670743176367,0.06595040590951062
1805,65125.0,299.20162683720963,1.0714808580657045,9560.352657858253,-266436.7671341668,80.10630663639725,0.06594408951642673
1806,65150.0,299.20280271407523,1.071478768861831,9564.007827606718,-266436.76709788485,80.13595079929908,0.06593927467256964
1807,65175.0,299.2066826729355,1.0714780945796436,9567.66294173341,-266436.76733970013,80.16560227839238,0.06593662684365782
1808,65200.0,299.20897659959496,1.0714791862907658,9571.318001250234,-266436.7675619096,80.19490072139308,0.06593696019900498
1809,65225.0,299.20890297845335,1.0714819882136255,9574.972946356542,-266436.767727394,80.22401983683247,0.06594030810313076
1810,65250.0,299.20765644800326,1.0714862782992796,9578.627844479848,-266436.7679129182,80.25309930682869,0.0659463596539665
1811,65275.0,299.20366600220785,1.0714921644591586,9582.28273722296,-266436.76804155624,80.28228169812368,0.06595539532744665
1812,65300.0,299.20129895789705,1.071500009376721,9585.93758181633,-266436.7682600244,80.311447936937,0.06596820886192314
1813,65325.0,299.20192846049287,1.0715106890848927,9589.592432122385,-266436.7686251961,80.34046465251753,0.06598685703785373
1814,65350.0,299.1992294978883,1.071524420018363,9593.247342186045,-266436.768718343,80.36940003581275,0.06601223856749311
1815,65375.0,299.20554648733514,1.071540336453742,9596.902319125187,-266436.7691182468,80.39815624743031,0.06604272154919237
1816,65400.0,299.2079361166762,1.0715569301045653,9600.557289553664,-266436.76929631084,80.42686663327835,0.06607481214456064
1817,65425.0,299.2134885947932,1.0715725425375846,9604.212344419697,-266436.769745464,80.45571690025676,0.0661044761642831
1818,65450.0,299.21096493366355,1.071586112332781,9607.867420285143,-266436.7699933419,80.48472299175378,0.06612930859446582
1819,65475.0,299.21085153956085,1.0715973979853455,9611.522529782056,-266436.7705874289,80.51382426978029,0.06614906465201466
1820,65500.0,299.21151332875746,1.0716065850265397,9615.177619535973,-266436.7713685555,80.54315224473739,0.06616451565074136
1821,65525.0,299.205087925906,1.071613865166481,9618.83259188749,-266436.77184092294,80.57276999853647,0.06617647713135749
1822,65550.0,299.20214181989434,1.0716193252879842,9622.487455080824,-266436.7724087525,80.6025531969282,0.06618540610714939
1823,65575.0,299.2002580539112,1.07162332967836,9626.14231169518,-266436.7728220725,80.63240301644743,0.06619212774122807
1824,65600.0,299.2004843505027,1.0716262009132393,9629.797138954158,-266436.773066689,80.66213232182653,0.06619715579908676
1825,65625.0,299.2052386327131,1.0716282694413992,9633.451952545458,-266436.77325572044,80.69196172343926,0.06620097937203359
1826,65650.0,299.2054324338629,1.071629987593502,9637.106807265649,-266436.7729947302,80.72181681262548,0.06620444699872285
1827,65675.0,299.2106832562003,1.0716318902261095,9640.761656430164,-266436.7729583801,80.75157471225388,0.06620849070021881
1828,65700.0,299.207981116822,1.0716347300892992,9644.416488833063,-266436.772617562,80.7813091576454,0.06621442956078002
1829,65725.0,299.2096596495451,1.0716390081967186,9648.07128643771,-266436.7726247143,80.81089145245906,0.06622314280510018
1830,65750.0,299.20663165264926,1.0716450362279237,9651.725990636998,-266436.77252377797,80.84023308920449,0.06623518714727836
1831,65775.0,299.2062676128097,1.071652718522559,9655.38066421689,-266436.7726553474,80.8695416824964,0.0662506770378457
1832,65800.0,299.21202656246635,1.0716618652482242,9659.035320483546,-266436.77317252837,80.89877559738139,0.06626959847244954
1833,65825.0,299.2106809251186,1.0716725201744792,9662.6899344831,-266436.77343057824,80.9279331735733,0.06629204907306434
1834,65850.0,299.2096842891921,1.0716841525885532,9666.344551496642,-266436.7737942393,80.95682300290649,0.06631670408719346
1835,65875.0,299.2046577739656,1.0716960889615077,9669.9992405089,-266436.77402420435,80.98565326143795,0.06634194462599854
1836,65900.0,299.1980090551629,1.0717079615314797,9673.653986782801,-266436.7741030137,81.01447028579207,0.06636676029758665
1837,65925.0,299.19507905404475,1.0717194998186408,9677.308738906966,-266436.77423359675,81.04340005603919,0.06639043235400797
1838,65950.0,299.19338193257255,1.0717302135218387,9680.963458920793,-266436.7742525038,81.07243982109844,0.06641178847199565
1839,65975.0,299.19576728079767,1.0717398851449247,9684.618207407066,-266436.7743553394,81.1016786393116,0.06643027626811594
1840,66000.0,299.20058746677586,1.071748349447761,9688.272936553867,-266436.7744697386,81.13119212692378,0.06644553666485606
1841,66025.0,299.201235342563,1.0717551894679669,9691.927655224938,-266436.77431844774,81.16101613662686,0.06645678447339849
1842,66050.0,299.2051205037083,1.0717600656538226,9695.58228066902,-266436.7743452735,81.19091743081933,0.06646357080846448
1843,66075.0,299.2094199452283,1.0717628669558903,9699.236918295917,-266436.77453376,81.22092557086044,0.06646603000723067
1844,66100.0,299.21004405636916,1.0717641116531138,9702.891490975611,-266436.7746551758,81.25107318843722,0.06646544787714545
1845,66125.0,299.2102061843632,1.0717644646081592,9706.546039453235,-266436.7747882261,81.28110485409896,0.06646324142289636
1846,66150.0,299.2051701579143,1.0717644230283316,9710.20052961433,-266436.77465439343,81.31109696246165,0.06646043096913916
1847,66175.0,299.20140654076533,1.0717641773087998,9713.85499940783,-266436.7745352383,81.34116279599566,0.06645751930014432
1848,66200.0,299.2013254169827,1.0717637753740734,9717.509394282497,-266436.7745470247,81.37107973463132,0.06645482999819724
1849,66225.0,299.20401287081137,1.0717633794594568,9721.163699713154,-266436.77458779945,81.40075390504504,0.06645307423423426
1850,66250.0,299.20915417215974,1.0717631256978184,9724.817932271926,-266436.77463889355,81.43035147848009,0.06645290833783543
1851,66275.0,299.2110760106197,1.0717627924765993,9728.47209641181,-266436.7744795642,81.45988943736499,0.06645406011519081
1852,66300.0,299.21274947778437,1.071762119805718,9732.12626061612,-266436.77438236336,81.48942968447561,0.06645582748695811
1853,66325.0,299.2161862279761,1.0717610485436868,9735.780372630532,-266436.77447776624,81.51910908126573,0.06645756364617046
1854,66350.0,299.21733557861694,1.0717593888589372,9739.434363836841,-266436.77459328854,81.54868137915544,0.06645838454627136
1855,66375.0,299.21150450718454,1.0717568672772964,9743.088297313221,-266436.7745137306,81.57814215840517,0.06645759195402301
1856,66400.0,299.20715794507333,1.0717535738646538,9746.74226789338,-266436.77456699655,81.607707817627,0.06645515706336387
1857,66425.0,299.20318146932254,1.0717500983135964,9750.396225262652,-266436.7745577276,81.63722863724436,0.06645173645496953
1858,66450.0,299.2054378411339,1.071746694638692,9754.05016631702,-266436.77470858954,81.66664686820872,0.06644750403442715
1859,66475.0,299.2054041980293,1.0717435329749077,9757.704113453588,-266436.7746114356,81.69606157831542,0.06644264354838712
1860,66500.0,299.2055680141508,1.071740750492564,9761.35812706162,-266436.77447105927,81.72543137721655,0.06643768314526242
1861,66525.0,299.2054496938782,1.071738464912278,9765.012150763163,-266436.7743771097,81.75470463999285,0.0664330621195847
1862,66550.0,299.20432750742594,1.0717364864913197,9768.666165224555,-266436.7743038343,81.78394387421723,0.06642860511719452
1863,66575.0,299.2007692294356,1.071734916666664,9772.320222336022,-266436.7741285992,81.81312047550072,0.06642457010014309
1864,66600.0,299.19992572261015,1.0717340940125086,9775.974257071499,-266436.77418060764,81.84219718427168,0.06642155513851657
1865,66625.0,299.1969551639878,1.0717342150768105,9779.628241763314,-266436.7741509632,81.87126953519115,0.06641992408002861
1866,66650.0,299.1959599875029,1.0717354827709311,9783.282254153191,-266436.7741631698,81.90036348152117,0.06642008355650779
1867,66675.0,299.1986177178807,1.0717381368665215,9786.936211139904,-266436.7742457753,81.92947539703783,0.06642262544610995
1868,66700.0,299.199925282148,1.0717421360798978,9790.590143564123,-266436.77422375925,81.95863067611916,0.06642752256108439
1869,66725.0,299.203276263637,1.0717468121212097,9794.244072649204,-266436.7743270417,81.98762091283423,0.06643354135472374
1870,66750.0,299.20809590290463,1.0717516445750912,9797.897980862646,-266436.7746231213,82.0164730042758,0.06643970301086766
1871,66775.0,299.2054432526716,1.0717563529202254,9801.551894168277,-266436.7746200087,82.04547898539886,0.06644551388888892
1872,66800.0,299.20157470599815,1.0717604324612897,9805.205821222287,-266436.77459350775,82.07458606549208,0.06645014771311623
1873,66825.0,299.1968301771618,1.0717638934542844,9808.859798703848,-266436.77449337905,82.10379440537177,0.06645380771967274
1874,66850.0,299.1965899811562,1.0717668492444419,9812.513691623826,-266436.77445636335,82.13309789902223,0.06645674791111114
1875,66875.0,299.19477837722167,1.0717693136105164,9816.167570124739,-266436.77415320557,82.16261824573562,0.06645889676616917
1876,66900.0,299.1930647400113,1.0717712164801965,9819.821416127335,-266436.7737306862,82.19206214935181,0.06646001101047773
1877,66925.0,299.19771886457295,1.0717722342917972,9823.47523581346,-266436.77354634466,82.22149476428825,0.066459433972311
1878,66950.0,299.1998361713684,1.0717724697534123,9827.129070352143,-266436.77319481265,82.25129627159838,0.06645734238069897
1879,66975.0,299.2019853533695,1.07177248723404,9830.782877394331,-266436.77283163613,82.28090979574469,0.0664547175531915
1880,67000.0,299.203235594897,1.0717728564593276,9834.436723755278,-266436.7725139704,82.31038426120858,0.0664525569732412
1881,67025.0,299.20721905012465,1.0717740651788852,9838.090505351758,-266436.77245973854,82.33975795430395,0.06645175079702446
1882,67050.0,299.20487169499086,1.0717765682421643,9841.744201627373,-266436.7722405316,82.36886298937867,0.06645325650557624
1883,67075.0,299.20574297469983,1.0717806339348879,9845.397889804852,-266436.7723224395,82.3977058950814,0.06645790870488326
1884,67100.0,299.1996824664905,1.0717864182139674,9849.051628963929,-266436.77216072055,82.42660270380196,0.06646638231653407
1885,67125.0,299.19618362230534,1.0717938852951547,9852.705426623193,-266436.7721181377,82.45558851272536,0.0664788715093673
1886,67150.0,299.19633733934,1.0718030549372877,9856.359315999298,-266436.7722213365,82.4844569793323,0.06649538579756228
1887,67175.0,299.1964510824512,1.0718135257768335,9860.013199728113,-266436.7723155141,82.51333185187148,0.06651491984463279
1888,67200.0,299.19613301747023,1.071824339509438,9863.667055463919,-266436.77239384083,82.54212492147522,0.06653510869948828
1889,67225.0,299.1959757781312,1.0718349982363289,9867.320933151681,-266436.77253141266,82.5709871899471,0.06655463386243389
1890,67250.0,299.1929690222111,1.0718450299665054,9870.974806618198,-266436.7725945533,82.59991308355369,0.06657244385686588
1891,67275.0,299.19501641701964,1.0718538336856915,9874.628730824355,-266436.77299460606,82.62901263689218,0.06658727519379848
1892,67300.0,299.19558113858136,1.071861221870045,9878.282624261145,-266436.77336915635,82.65822426413102,0.06659881369959503
1893,67325.0,299.19426058043,1.071867614044348,9881.93647533246,-266436.7736869419,82.68730888296375,0.06660806423794441
1894,67350.0,299.19052778258634,1.0718734160070336,9885.590352746885,-266436.7739246596,82.71653380211082,0.06661607247141603
1895,67375.0,299.1946640038684,1.0718789266877613,9889.244235860591,-266436.7745553245,82.7456825281294,0.06662369233473983
1896,67400.0,299.1897944422779,1.0718848292040037,9892.89813185504,-266436.77464141994,82.77454799490424,0.06663235793357936
1897,67425.0,299.1887341396213,1.0718920026343493,9896.552004824733,-266436.77478361974,82.80306308710924,0.06664379733052339
1898,67450.0,299.1902475964549,1.071901339476915,9900.205927982628,-266436.7749186135,82.83128058680006,0.0666599273301738
1899,67475.0,299.1918379571936,1.0719132203508746,9903.859931727724,-266436.7748669879,82.85926511666668,0.06668169912280704
1900,67500.0,299.1963954799235,1.0719275540943338,9907.513941470283,-266436.77478660864,82.8871694725583,0.06670903506926182
1901,67525.0,299.20213476848994,1.0719436713985253,9911.167964305296,-266436.7746084974,82.91470579022082,0.06674049228881881
1902,67550.0,299.2090977505699,1.0719605274128543,9914.82210504607,-266436.77451322175,82.94199854773164,0.06677368593448943
1903,67575.0,299.21477964828495,1.0719768676470562,9918.476230250526,-266436.77451675927,82.96938049142155,0.06680561046918769
1904,67600.0,299.2188257147863,1.0719916974628145,9922.130324965532,-266436.77476527507,82.99686839965003,0.06683392580927386
1905,67625.0,299.2108657644288,1.0720045237845375,9925.784407449984,-266436.7747248265,83.02451687145853,0.06685757415180135
1906,67650.0,299.20463492011953,1.0720150648488,9929.438558010139,-266436.7749599797,83.05232824785874,0.0668759912602692
1907,67675.0,299.198477128058,1.0720231815164194,9933.092748465411,-266436.77524449845,83.08033181376656,0.06688907005590498
1908,67700.0,299.186973590886,1.0720293368255607,9936.746968436531,-266436.7751641439,83.10843789994759,0.06689803562074387
1909,67725.0,299.1868431778367,1.0720341802792295,9940.40126279686,-266436.77535275236,83.1365306558464,0.06690438586387436
1910,67750.0,299.19099493005484,1.072038558346413,9944.055615833946,-266436.77537644585,83.16474422012907,0.06690990197104485
1911,67775.0,299.19138251115834,1.0720429442119916,9947.709986875701,-266436.77484246413,83.19299151778242,0.06691558612273363
1912,67800.0,299.197971503747,1.072047238717544,9951.364358022654,-266436.77434635774,83.22112783272345,0.0669212791427078
1913,67825.0,299.20267125531245,1.0720513577150792,9955.018656824977,-266436.77370805334,83.24930295106233,0.06692676819923374
1914,67850.0,299.2006656010451,1.0720553103568295,9958.672950465972,-266436.7727974404,83.27745498851174,0.06693195317667539
1915,67875.0,299.2053057821858,1.072059600556713,9962.327234132745,-266436.7723974962,83.30571564996521,0.06693776791927628
1916,67900.0,299.20797606868445,1.0720648840201679,9965.98151637159,-266436.7721270248,83.3339139424448,0.06694560876369328
1917,67925.0,299.2112549365666,1.0720717029892224,9969.635767989403,-266436.77219048404,83.36205905822037,0.06695675808133474
1918,67950.0,299.20354549713466,1.0720808235191914,9973.290022668232,-266436.77201051457,83.3901517027966,0.06697302727114818
1919,67975.0,299.1959419138896,1.0720929409722197,9976.944260136113,-266436.7720837662,83.41817860833333,0.06699609687500001
1920,68000.0,299.18389319833494,1.072108515009541,9980.598507371336,-266436.77206107794,83.44604596269303,0.06702736821100122
1921,68025.0,299.1779228217142,1.072127663544916,9984.252770190775,-266436.77228200366,83.47376024401665,0.06706767637877212
1922,68050.0,299.17171097087953,1.0721503303865463,9987.907086472529,-266436.77231244533,83.5012395243543,0.06711746836540128
1923,68075.0,299.17157099463,1.0721754171864148,9991.561539745151,-266436.7724197662,83.5286152155232,0.06717416042966043
1924,68100.0,299.1732753381826,1.072201571601729,9995.216129424938,-266436.7724345969,83.5557413499567,0.06723407238095239
1925,68125.0,299.1773856545525,1.0722279383869826,9998.87083883403,-266436.7724600104,83.582759445829,0.06729475925925925
1926,68150.0,299.1779428048788,1.0722538278844465,10002.525594002425,-266436.77228776546,83.60985183930114,0.06735422989102231
1927,68175.0,299.18196979771864,1.072278716113414,10006.180447463525,-266436.77239360235,83.63692554426001,0.06741102783540802
1928,68200.0,299.18034963901925,1.0723019863487102,10009.835349845693,-266436.772361677,83.66417427509934,0.06746345222049421
1929,68225.0,299.17445956183155,1.0723229735751272,10013.49027207116,-266436.7722914211,83.69164185371329,0.06750980379965459
1930,68250.0,299.17741898187546,1.0723412734334519,10017.145199538585,-266436.7728340166,83.71937343621612,0.0675493188330744
1931,68275.0,299.16873636249215,1.072357033471357,10020.800231663048,-266436.77288494806,83.74736180624568,0.06758262577639752
1932,68300.0,299.1626083102267,1.0723706604586971,10024.455340637356,-266436.7730069381,83.77558824866355,0.06761067097775479
1933,68325.0,299.15893406670193,1.0723824794898285,10028.11045817253,-266436.7730677151,83.80380291244397,0.06763410065494657
1934,68350.0,299.1637280664952,1.0723925207579645,10031.765666717489,-266436.7733189735,83.83193928458225,0.06765310732127476
1935,68375.0,299.17031436931893,1.072400622073,10035.42087400121,-266436.773476438,83.86011453736224,0.06766744628099174
1936,68400.0,299.1737476432635,1.0724069779728074,10039.076104737573,-266436.7734403743,83.88833714007913,0.06767769712614008
1937,68425.0,299.17645318042725,1.0724123646370802,10042.731336857418,-266436.7734207105,83.9163886474028,0.06768571740626075
1938,68450.0,299.1810610544962,1.0724175544094865,10046.386530090429,-266436.77362970123,83.94444895375621,0.06769326972666324
1939,68475.0,299.1795649742275,1.0724231520618528,10050.041745565983,-266436.7736531725,83.97225667852231,0.06770175326460481
1940,68500.0,299.17797581865085,1.0724293353941239,10053.696987642628,-266436.7737820721,83.99989674617892,0.06771163644169673
1941,68525.0,299.1769664234473,1.072436162375555,10057.352181989361,-266436.77394278615,84.02746133504975,0.06772305235152763
1942,68550.0,299.17948427071605,1.0724438310173243,10061.007409096248,-266436.7741765025,84.05495792314288,0.06773642442957625
1943,68575.0,299.1758713449938,1.0724523909464991,10064.662666955937,-266436.7740622126,84.08253192866938,0.06775193244170095
1944,68600.0,299.1772641376185,1.072461419708652,10068.317931997091,-266436.7741016662,84.11015212322191,0.06776882930591259
1945,68625.0,299.175005431998,1.0724705592668695,10071.973151290345,-266436.7738512647,84.13789416324082,0.06778652124015073
1946,68650.0,299.1788656909783,1.0724793812703277,10075.62844073892,-266436.77383031143,84.16587684523195,0.06780404605375792
1947,68675.0,299.18065021030185,1.0724877238192991,10079.283731773448,-266436.77364317677,84.19382482067074,0.06782075513347023
1948,68700.0,299.1831723656583,1.0724954983752324,10082.939002529849,-266436.77346000413,84.22194183461602,0.06783615409611768
1949,68725.0,299.1873351502571,1.072502523931621,10086.594251196246,-266436.7733326204,84.25003959999998,0.06784960410256412
1950,68750.0,299.1881749914581,1.0725091450538158,10090.24945307706,-266436.7730795582,84.27814486434305,0.06786192755851701
1951,68775.0,299.18785820833403,1.0725158020833305,10093.904661224731,-266436.7728706245,84.30630844945354,0.06787416547131148
1952,68800.0,299.18877054992396,1.072522833930702,10097.559890357745,-266436.77281328454,84.33454888001364,0.06788710718552655
1953,68825.0,299.18818678147466,1.0725304176049102,10101.215190171446,-266436.77269714314,84.36275847782325,0.06790127925622656
1954,68850.0,299.185216953965,1.0725385681159394,10104.870509445698,-266436.77244734595,84.39111557493605,0.06791682506393865
1955,68875.0,299.1854914887533,1.0725469950579387,10108.525823841004,-266436.77239092573,84.41917152607361,0.06793311281526927
1956,68900.0,299.1890994566521,1.0725550241866775,10112.181088130304,-266436.7725055231,84.44723530114119,0.06794861607903256
1957,68925.0,299.1902716886287,1.0725621035069772,10115.836324977361,-266436.7725342862,84.47544635018726,0.06796195335376237
1958,68950.0,299.1898803542632,1.072567500935849,10119.49156609529,-266436.7725690169,84.50374714480175,0.06797147217968354
1959,68975.0,299.1910658801028,1.0725703760204055,10123.146809174154,-266436.77279295085,84.53217967874147,0.0679755335034014
1960,69000.0,299.1902119022616,1.0725705864354895,10126.80202357675,-266436.7730173583,84.56080571953083,0.06797405031446543
1961,69025.0,299.1863983698615,1.0725685596330248,10130.457183911658,-266436.77315607306,84.58957072714915,0.06796806778797149
1962,69050.0,299.18290984224905,1.07256512871455,10134.112259851081,-266436.77327952255,84.61841359415858,0.06795940193581257
1963,69075.0,299.1778430692472,1.072561419042767,10137.767288649866,-266436.7732685793,84.64741617311607,0.0679502513577733
1964,69100.0,299.1707270013578,1.0725578393553832,10141.422299851572,-266436.77304273896,84.6763700678541,0.06794150076335882
1965,69125.0,299.169518499153,1.0725544526958262,10145.077302108684,-266436.7729442935,84.70518312021022,0.06793340454391324
1966,69150.0,299.16875347974997,1.0725511803084196,10148.732403885446,-266436.7726982323,84.73374246381967,0.06792590137264876
1967,69175.0,299.17527678861865,1.0725480706300785,10152.38746920732,-266436.77266030916,84.76214853946475,0.06791900863821143
1968,69200.0,299.17618469206104,1.0725453561875713,10156.042505775355,-266436.7722855321,84.79043394785846,0.06791303538175052
1969,69225.0,299.1793877098147,1.0725429265651412,10159.697462617938,-266436.7720161804,84.81879909966156,0.06790785008460241
1970,69250.0,299.1821446210054,1.0725407370201223,10163.352386736176,-266436.77180910355,84.84701966954167,0.06790340503974299
1971,69275.0,299.1826632540576,1.0725389663624043,10167.00726178516,-266436.77156460163,84.87499211730898,0.06789992342799193
1972,69300.0,299.185322317791,1.0725380562595006,10170.662075500424,-266436.7715098453,84.90293864639295,0.06789797263051196
1973,69325.0,299.1874108539353,1.0725385254981399,10174.316825069234,-266436.77151614457,84.93082920668692,0.06789839243498823
1974,69350.0,299.18751732405144,1.0725406573839635,10177.97153094633,-266436.7714977099,84.95846116303797,0.06790161603375532
1975,69375.0,299.18376474257843,1.072544431511468,10181.626150685222,-266436.77133990894,84.98605325134952,0.06790758265856954
1976,69400.0,299.18137876783084,1.0725496017534957,10185.280690172822,-266436.7712498835,85.01353277120214,0.06791598668015515
1977,69425.0,299.180962059657,1.0725560286484637,10188.935213347995,-266436.7712282417,85.04108453134477,0.067926739635996
1978,69450.0,299.181653341419,1.072563441300317,10192.589719082871,-266436.771230539,85.06866234916623,0.06793943254168776
1979,69475.0,299.1854834003375,1.072571544949492,10196.244239508249,-266436.7713429887,85.09613353434341,0.06795367121212126
1980,69500.0,299.1887414872968,1.0725802229513683,10199.898670641596,-266436.7714211558,85.12346490072352,0.06796939020696623
1981,69525.0,299.19269857921375,1.0725890506222642,10203.553056910696,-266436.77152580203,85.15081924604775,0.06798577009754463
1982,69550.0,299.19879217196245,1.0725976085056284,10207.207383721969,-266436.77177044627,85.17813926777607,0.06800185089931086
1983,69575.0,299.1969394863919,1.0726060053763413,10210.861727812498,-266436.7716873488,85.20547739986559,0.06801768195564521
1984,69600.0,299.19672841259523,1.072614444836269,10214.516060379006,-266436.77181834204,85.23295568681779,0.06803351217464322
1985,69625.0,299.2034724419276,1.0726228309835486,10218.170398498656,-266436.7724109117,85.2604899031554,0.0680490065458208
1986,69650.0,299.20604027092844,1.0726306550914249,10221.824787701895,-266436.77289235045,85.28827818570709,0.06806297114578097
1987,69675.0,299.20069119232136,1.0726367991280992,10225.479202562205,-266436.7730538494,85.3163775982562,0.06807304460093903
1988,69700.0,299.19596943321676,1.0726404937154321,10229.133591175965,-266436.7732563402,85.34465455555554,0.06807784498072739
1989,69725.0,299.1941506319941,1.072641944388607,10232.787977573196,-266436.7735237407,85.37315477303181,0.06807806850921279
1990,69750.0,299.19296533366895,1.0726415566716867,10236.442385640044,-266436.7737221286,85.401785424075,0.06807475020927514
1991,69775.0,299.19730090261123,1.0726393211178018,10240.096816030453,-266436.7740191734,85.43068171301874,0.0680680973895583
1992,69800.0,299.1991573950501,1.0726354835256706,10243.751211658468,-266436.774051611,85.45977419836092,0.0680587007860847
1993,69825.0,299.2016527561024,1.072630527917082,10247.405545835503,-266436.77398664044,85.48913230675359,0.0680474568706119
1994,69850.0,299.20399405179694,1.0726250282372571,10251.059783628736,-266436.77382496995,85.51855735839598,0.0680353811194654
1995,69875.0,299.2047912870749,1.0726195153640588,10254.71403829609,-266436.7735299746,85.54795061589846,0.06802343670674689
1996,69900.0,299.21132543214895,1.0726148471039867,10258.368202403268,-266436.773506012,85.57724877149057,0.06801312802537146
1997,69925.0,299.2161805211886,1.0726117749416058,10262.022284296794,-266436.77345668466,85.60640251067736,0.06800580697364036
1998,69950.0,299.2118168534275,1.072610750041685,10265.676295149238,-266436.7730761162,85.63526522294481,0.06800220360180097
1999,69975.0,299.2076330951674,1.0726121786666643,10269.330267112997,-266436.7728890948,85.66388218416667,0.06800298366666672
2000,70000.0,299.20482843544966,1.0726163788105922,10272.984231647672,-266436.7729301687,85.69216297851074,0.06800897834416131
2001,70025.0,299.20580062704033,1.0726231590076565,10276.63819737362,-266436.77321395534,85.72018249134199,0.06802019746919752
2002,70050.0,299.2082010161432,1.0726315997670137,10280.29219265801,-266436.77361478645,85.74803325545015,0.06803493809286076
2003,70075.0,299.2057551916175,1.0726409349634043,10283.946272041912,-266436.7738718125,85.77571441234198,0.06805174168330012
2004,70100.0,299.19939039335077,1.0726507620947607,10287.600340631418,-266436.7740023915,85.80338953665834,0.06806975045719041
2005,70125.0,299.1949179207386,1.0726608123961427,10291.25439427085,-266436.7741653808,85.83086338883349,0.06808837653705556
2006,70150.0,299.19348543198885,1.0726710149476808,10294.908447269387,-266436.77436652477,85.85818810181033,0.06810738581630965
2007,70175.0,299.19438112018673,1.0726807481739684,10298.562423406205,-266436.774539027,85.88550565587649,0.06812516284860565
2008,70200.0,299.19435612809104,1.0726888269454098,10302.21643260826,-266436.77447719127,85.91292262352745,0.06813900298656055
2009,70225.0,299.19704659021636,1.0726945965174106,10305.870445425204,-266436.7744488361,85.94055259834161,0.06814759220563855
2010,70250.0,299.1969486000339,1.0726976971655868,10309.524512518976,-266436.7741923686,85.96838871059173,0.0681505943974806
2011,70275.0,299.19423355947725,1.072698443339958,10313.17852056378,-266436.77368505066,85.99640329257785,0.06814905765407561
2012,70300.0,299.1910884835246,1.072697547276037,10316.832507084613,-266436.7730412658,86.02447299387315,0.06814456251034946
2013,70325.0,299.1942360897062,1.0726956572327022,10320.486465511747,-266436.7726452958,86.05276315988081,0.06813835600794446
2014,70350.0,299.1995252186939,1.072693416708021,10324.140396307688,-266436.7723647542,86.08092961770056,0.06813157253928874
2015,70375.0,299.2062650973884,1.0726914262566116,10327.794355815804,-266436.772264247,86.10912927628965,0.0681252470238096
2016,70400.0,299.2045234250545,1.0726900555280097,10331.448268120967,-266436.7719559157,86.13731376896379,0.06812001189885977
2017,70425.0,299.20645554575566,1.0726894134456537,10335.10220413346,-266436.7720708119,86.16540911595636,0.06811608027750254
2018,70450.0,299.20611645600206,1.0726899603764217,10338.756113762089,-266436.7722732029,86.19330597639093,0.06811431121017013
2019,70475.0,299.20108040198096,1.0726919729372917,10342.41000380379,-266436.7723708498,86.22085396386137,0.06811530148514858
2020,70500.0,299.20144279168807,1.0726953847930045,10346.063874741707,-266436.77275140537,86.24826129374895,0.06811905426356596
2021,70525.0,299.1997966584248,1.0726999376854578,10349.717726103689,-266436.77296327,86.27567705918231,0.0681251211671613
2022,70550.0,299.20224860652576,1.072705313725488,10353.371625538965,-266436.7732149716,86.30305224023726,0.06813290047783828
2023,70575.0,299.2027948666016,1.072711390645584,10357.025518619066,-266436.7731968898,86.33042806258234,0.06814215316205542
2024,70600.0,299.20291476839583,1.0727175063374463,10360.67942045547,-266436.772943166,86.35771814683126,0.0681515557201647
2025,70625.0,299.207160051498,1.0727230001645258,10364.333273785453,-266436.7727651862,86.38508508390916,0.06815982905561048
2026,70650.0,299.2101677005435,1.0727278714027277,10367.987059505833,-266436.7724280759,86.41254855303401,0.0681670524584773
2027,70675.0,299.20811677531316,1.0727322010190643,10371.64076990713,-266436.7718633568,86.44006854339248,0.06817332758053919
2028,70700.0,299.21049226992034,1.0727361102349249,10375.29450582602,-266436.7716364675,86.46769797617873,0.06817877164448834
2029,70725.0,299.2113743183916,1.0727399290640374,10378.94829154663,-266436.77149438317,86.49518384844005,0.06818391198686378
2030,70750.0,299.2084533884794,1.072743900049235,10382.602068098964,-266436.77130651806,86.52261117593959,0.06818907894304947
2031,70775.0,299.20582763435124,1.0727479493110217,10386.25581090108,-266436.77125047665,86.55006483333331,0.06819410646325466
2032,70800.0,299.20141085653466,1.0727519634366272,10389.909491564025,-266436.7711972085,86.57750221806852,0.06819890473848178
2033,70825.0,299.2021520508039,1.0727555276958356,10393.563108073744,-266436.7714851337,86.6050095006555,0.0682028490658801
2034,70850.0,299.1978855773964,1.072758188697787,10397.216745716132,-266436.7715966062,86.63269395561014,0.06820523947583955
2035,70875.0,299.1964487904396,1.0727595103143401,10400.870380669938,-266436.771906656,86.66044669662736,0.06820541781270471
2036,70900.0,299.1965320795295,1.0727594194076238,10404.524030741612,-266436.7722950191,86.68833983145146,0.0682034650630012
2037,70925.0,299.18890510844045,1.072758013902517,10408.177595824664,-266436.77224448934,86.71644113117434,0.06819963624468439
2038,70950.0,299.1888408357046,1.0727551732875573,10411.831132969755,-266436.7724662615,86.74461291074054,0.06819361566127193
2039,70975.0,299.1931885393799,1.0727509637254884,10415.48462092941,-266436.7727781867,86.7729333238562,0.06818539803921575
2040,71000.0,299.19652574702025,1.072745389514942,10419.138088696716,-266436.7728862595,86.80134846513145,0.06817486885513643
2041,71025.0,299.1991601265107,1.0727385401567073,10422.791490416257,-266436.7728110457,86.82988237528565,0.06816203199477644
2042,71050.0,299.19425035764476,1.072730631587533,10426.44490324963,-266436.77219922823,86.85841004242126,0.06814724914341662
2043,71075.0,299.1966316448149,1.0727219926614462,10430.098288317513,-266436.77186953457,86.88703061578602,0.06813117987606009
2044,71100.0,299.1999447685419,1.0727133087204546,10433.751622384187,-266436.77159545687,86.91567947383861,0.0681148953545233
2045,71125.0,299.1975073989907,1.0727056101335923,10437.404926195013,-266436.7710446621,86.94439218980122,0.06809996513522326
2046,71150.0,299.2000735222284,1.07269988210389,10441.058208814524,-266436.7707903982,86.9728847085165,0.06808799430060258
2047,71175.0,299.2002451477872,1.0726969454752586,10444.711415847816,-266436.7705396748,87.00126372965492,0.06808048160807299
2048,71200.0,299.20408417032775,1.0726972705384723,10448.364543708634,-266436.7706174929,87.0293476866764,0.06807855376606482
2049,71225.0,299.2065571201634,1.0727008681300794,10452.017620586665,-266436.77079802845,87.05746500455281,0.06808267154471552
2050,71250.0,299.20498523289524,1.0727072497968453,10455.670686647813,-266436.77096636064,87.08535739167883,0.06809231756866575
2051,71275.0,299.2015102551989,1.072715236354774,10459.323714213773,-266436.7711353892,87.11315383869395,0.06810534876543216
2052,71300.0,299.1980259436604,1.0727235950641318,10462.976722322777,-266436.77138241596,87.14085145283323,0.068119338204254
2053,71325.0,299.1973073555671,1.072731294384938,10466.629692088443,-266436.7718060065,87.16868432424536,0.06813227280103869
2054,71350.0,299.1953588937558,1.0727378162205983,10470.282736361392,-266436.77208891674,87.196691059854,0.06814312684509333
2055,71375.0,299.1937379317452,1.0727426575875467,10473.93577922195,-266436.77227596525,87.22481969276912,0.06815092380025946
2056,71400.0,299.1993666725011,1.0727452022362645,10477.58883347885,-266436.77271124773,87.25324713271753,0.06815448938583704
2057,71425.0,299.19565650939495,1.0727449697116922,10481.24186242954,-266436.77262971574,87.28197198688046,0.06815315889212835
2058,71450.0,299.1977265730944,1.0727415348874838,10484.894865704871,-266436.77277816465,87.31110437493928,0.0681465426582484
2059,71475.0,299.2005801843049,1.0727349003236224,10488.547847074919,-266436.7729326793,87.34048374401294,0.06813494449838194
2060,71500.0,299.2000279759024,1.0727252354843904,10492.2007568918,-266436.7728607181,87.37003630033963,0.06811883875141524
2061,71525.0,299.1997171873593,1.072712667474941,10495.85370165729,-266436.7727259387,87.39981889217587,0.06809881635952157
2062,71550.0,299.19886726143227,1.072697730489576,10499.506571008564,-266436.77245699643,87.42975660736789,0.06807601050250452
2063,71575.0,299.2029355744516,1.0726810880167934,10503.159375330588,-266436.7723340838,87.45982138905038,0.06805144622093029
2064,71600.0,299.20437822824925,1.0726636054882945,10506.812180653269,-266436.77204976056,87.48998332978206,0.0680260521388217
2065,71625.0,299.20934152678353,1.0726462881574677,10510.464939085188,-266436.77192939445,87.52008750048401,0.06800065472733147
2066,71650.0,299.2084024975011,1.0726300088695346,10514.117683791,-266436.7714864543,87.55014439606514,0.06797593775197555
2067,71675.0,299.21476737411416,1.0726152761121832,10517.770326614764,-266436.77137085865,87.58012874258542,0.0679525351386203
2068,71700.0,299.21724487481947,1.0726027288545166,10521.422923036569,-266436.77105859126,87.60996014435314,0.06793138086031905
2069,71725.0,299.2171834885675,1.0725930629629603,10525.075478162156,-266436.77069126524,87.63959499049919,0.06791367294685996
2070,71750.0,299.2248336808312,1.0725868287461748,10528.727972683726,-266436.7708525983,87.66885341477547,0.06790068227909228
2071,71775.0,299.2263541311139,1.0725844509330735,10532.380396677765,-266436.77093038935,87.6977982992278,0.06789374758687264
2072,71800.0,299.22361071940895,1.0725858081685133,10536.03281088937,-266436.7710439864,87.72632433140375,0.06789341614407465
2073,71825.0,299.2230353084224,1.0725900795564103,10539.685317933461,-266436.7714046278,87.75461933429764,0.06789872741883643
2074,71850.0,299.2168825081131,1.0725964729317243,10543.337895274859,-266436.7715617729,87.78271942473893,0.06790845686746994
2075,71875.0,299.21322268834365,1.0726044356133566,10546.990483218047,-266436.7717882947,87.81081645456003,0.06792174582530512
2076,71900.0,299.21614002519726,1.0726135275236697,10550.64308819467,-266436.772202492,87.83887079618036,0.06793799229658165
2077,71925.0,299.2160478958942,1.072623045396212,10554.295639983637,-266436.77230406407,87.86699706111642,0.0679560251844723
2078,71950.0,299.2161047046664,1.0726321099887743,10557.948163220939,-266436.7722877751,87.89526666907163,0.0679740921917589
2079,71975.0,299.2145155471161,1.072639844230767,10561.600651267307,-266436.77207947976,87.92360855448715,0.06799030753205132
2080,72000.0,299.22068082364314,1.072645483581609,10565.253080533397,-266436.7721837654,87.9522571856479,0.06800297292968129
2081,72025.0,299.21797869916816,1.072648711975662,10568.905528534102,-266436.7718336054,87.98117927713734,0.06801109093820049
2082,72050.0,299.22020162394045,1.0726491443430923,10572.557903112338,-266436.77181341936,88.01002979548724,0.06801347767642826
2083,72075.0,299.2177763198983,1.0726465946896968,10576.210222669706,-266436.7716962133,88.03914804046703,0.06800983893154193
2084,72100.0,299.21800180799426,1.0726414904876074,10579.862555804317,-266436.7718926114,88.068308094964,0.06800123597122305
2085,72125.0,299.2132673523497,1.0726344100351526,10583.514831300256,-266436.7719845764,88.09756374400763,0.06798894982422501
2086,72150.0,299.20683721098936,1.0726259274876193,10587.167106181918,-266436.7720639553,88.12684228334128,0.06797400335409683
2087,72175.0,299.2033839545026,1.072616887611747,10590.81928644572,-266436.772295459,88.15596355619408,0.06795784754150706
2088,72200.0,299.20357245524247,1.0726079258018164,10594.471394173925,-266436.7726248568,88.18488849704798,0.06794164528482531
2089,72225.0,299.2046405435414,1.072599479266345,10598.123490030779,-266436.7728182015,88.21372007033489,0.06792609808612445
2090,72250.0,299.2069487725179,1.0725916811732796,10601.775560755139,-266436.77290719043,88.24249791040964,0.06791145416865937
2091,72275.0,299.2129219788089,1.0725843495857206,10605.427535325682,-266436.7731496566,88.27115728186737,0.06789747100063738
2092,72300.0,299.2146223041892,1.0725773285554996,10609.079416664594,-266436.77321853617,88.29987001942979,0.06788393470297822
2093,72325.0,299.2109590370908,1.0725707086914964,10612.731254362303,-266436.7730941634,88.32872830308814,0.06787096275071637
2094,72350.0,299.21282066650826,1.072564846300713,10616.382976875733,-266436.773297563,88.35765763023066,0.06785903786793958
2095,72375.0,299.21161262881753,1.0725599468829485,10620.034635658394,-266436.77336449246,88.38675450079512,0.06784846914758273
2096,72400.0,299.20133311174766,1.0725559976156382,10623.686290009375,-266436.7729787896,88.41577115355265,0.06783922921634084
2097,72425.0,299.200316003655,1.0725530471877949,10627.337960250868,-266436.77299730666,88.44474863060053,0.06783152669208774
2098,72450.0,299.2008970404962,1.07255119898364,10630.989615981574,-266436.77302224253,88.47357860123864,0.06782567540098464
2099,72475.0,299.1991778850801,1.07255049301587,10634.641213589202,-266436.772835394,88.50196100222217,0.06782180031746037
2100,72500.0,299.2012370682222,1.07255095811518,10638.292789310324,-266436.7728061576,88.52997581151827,0.06782003998096149
2101,72525.0,299.201563435459,1.072552421661906,10641.944369257213,-266436.7727033226,88.55795952426256,0.06782024579765307
2102,72550.0,299.2012850391511,1.0725547261055604,10645.595916392293,-266436.77260276733,88.58571931462984,0.06782225202092253
2103,72575.0,299.20404590478523,1.0725577660012642,10649.247448584438,-266436.7726922592,88.61343641619133,0.06782596023447406
2104,72600.0,299.2042767550284,1.0725607303246205,10652.898959555974,-266436.7727516087,88.6411760234362,0.06782990308788601
2105,72625.0,299.2083388507446,1.072562865622029,10656.550500920066,-266436.77307596296,88.66895535992397,0.0678327206394429
2106,72650.0,299.20370346543336,1.0725638251858851,10660.202036160887,-266436.77307970985,88.69694577899061,0.06783380098085749
2107,72675.0,299.2033616138527,1.072563049493988,10663.85367261448,-266436.77338957525,88.72495931119539,0.06783207669196714
2108,72700.0,299.20152868010183,1.072560165165162,10667.50524461403,-266436.7736542469,88.75309194894889,0.0678268555397503
2109,72725.0,299.19873521105916,1.0725549363349098,10671.156835119742,-266436.77386894246,88.7812301232227,0.06781772053712483
2110,72750.0,299.19529103237085,1.072547558818882,10674.808390438018,-266436.7739688053,88.80955298799933,0.06780502084320231
2111,72775.0,299.1933204637002,1.0725387179608554,10678.45986500836,-266436.77396712673,88.83804645975374,0.06778977919823236
2112,72800.0,299.19521697617995,1.0725292778040667,10682.111267588889,-266436.77396152436,88.86654793610974,0.06777329357942898
2113,72825.0,299.1958435047311,1.0725199057079753,10685.7625718163,-266436.7737406775,88.89497019221061,0.06775658546199942
2114,72850.0,299.2002617817186,1.0725109695823452,10689.41383575618,-266436.77355958,88.92312981166268,0.06774023451536648
2115,72875.0,299.20080277032207,1.0725030396975392,10693.065093491645,-266436.7730730825,88.95106989729044,0.06772508774417144
2116,72900.0,299.20346531239244,1.0724965405447928,10696.716347459766,-266436.77265629533,88.97902941206104,0.06771195166115576
2117,72925.0,299.2077253251502,1.0724917293043719,10700.367576304687,-266436.7723225722,89.00691447371729,0.06770138605602774
2118,72950.0,299.2126208128054,1.0724890138430043,10704.01871992323,-266436.7721153641,89.03465973934242,0.06769419679093917
2119,72975.0,299.2143557416673,1.0724884638364747,10707.669844000939,-266436.7718942102,89.0623431872641,0.06769070424528306
2120,73000.0,299.2194355381116,1.0724895979883668,10711.320966831365,-266436.7720731687,89.08985005296239,0.06769024579600823
2121,73025.0,299.2196558828156,1.0724918557964151,10714.972035674831,-266436.7723312171,89.11720667860504,0.06769201680804278
2122,73050.0,299.2150445748161,1.0724952088239879,10718.623078997798,-266436.772659035,89.14450002260948,0.06769625482807352
2123,73075.0,299.2081250492787,1.0724998115191429,10722.274067526047,-266436.7730260252,89.17172313104201,0.06770351490897682
2124,73100.0,299.20378995105943,1.0725059189019575,10725.924989906662,-266436.77351148654,89.1990058945882,0.06771437160784319
2125,73125.0,299.20344321072497,1.072513341486356,10729.575841576821,-266436.77405425644,89.2261589554719,0.06772831295076831
2126,73150.0,299.204751000314,1.0725215903463372,10733.22669087572,-266436.7744622775,89.25320658486127,0.06774412897664947
2127,73175.0,299.2083922048878,1.0725296582080166,10736.877534103065,-266436.77479121106,89.28025773010648,0.0677592913533835
2128,73200.0,299.2103664286838,1.0725363770158098,10740.528384537023,-266436.7748574832,89.30741219445746,0.06777089087208397
2129,73225.0,299.2140638151805,1.0725408449139247,10744.179242183407,-266436.77486612834,89.33467870610325,0.06777713333333338
2130,73250.0,299.22224604958603,1.0725426195839165,10747.83008004567,-266436.7749868128,89.36221698889406,0.06777774425152515
2131,73275.0,299.2220486488436,1.0725418730456502,10751.480946444803,-266436.7746897102,89.38994512711066,0.06777383411507196
2132,73300.0,299.2247815535246,1.0725388293483322,10755.131721160802,-266436.7745517555,89.41788649538987,0.06776652367557434
2133,73325.0,299.2242595317095,1.0725339773508247,10758.782419767567,-266436.77420444536,89.44593449781314,0.06775706763511405
2134,73350.0,299.22493350913413,1.0725281750195126,10762.433142493515,-266436.773913931,89.47399890975797,0.06774673754879003
2135,73375.0,299.2241409079282,1.0725222734082362,10766.083820943502,-266436.7735632263,89.50198048548685,0.0677365143570537
2136,73400.0,299.2243107931686,1.072516427702383,10769.73450201918,-266436.773240521,89.52986640477302,0.06772627702386526
2137,73425.0,299.225706567821,1.0725104574368536,10773.385232825533,-266436.77301366715,89.55754857951354,0.06771560710944811
2138,73450.0,299.22684617999124,1.0725041111111078,10777.035988251202,-266436.7728340575,89.58529358345018,0.06770401994701578
2139,73475.0,299.22751597881677,1.0724971999999966,10780.686719906069,-266436.7726975802,89.613327432866,0.06769112819314646
2140,73500.0,299.2277661927454,1.0724899744667569,10784.337381335507,-266436.77267258207,89.64134066978045,0.06767731122528417
2141,73525.0,299.22591991767877,1.0724827990974135,10787.98806271708,-266436.77258461685,89.66943497214439,0.06766329162776225
2142,73550.0,299.2258655179661,1.0724760048218975,10791.638778579556,-266436.7725684904,89.69762291600557,0.06764978861409242
2143,73575.0,299.22262854135636,1.072469959732584,10795.289532908886,-266436.77231928235,89.72580383799749,0.06763750342039805
2144,73600.0,299.21775264506664,1.0724647505827474,10798.940213825324,-266436.771844671,89.7539938323232,0.06762666076146079
2145,73625.0,299.22155716604595,1.0724606239515344,10802.590885918913,-266436.7716719479,89.78196029527801,0.06761777415346383
2146,73650.0,299.2249788076392,1.0724580023288277,10806.241505474922,-266436.7713880001,89.80974213056977,0.06761169942555506
2147,73675.0,299.2319315034146,1.072457265052759,10809.892127846982,-266436.7713013719,89.83742724549967,0.06760909636871511
2148,73700.0,299.23306129517664,1.0724587375523467,10813.542704657199,-266436.7710578814,89.86503722863344,0.06761055498681559
2149,73725.0,299.22935453364397,1.0724621235658884,10817.193255522474,-266436.77073810896,89.89236368868214,0.06761562589147288
2150,73750.0,299.22634966697717,1.072466849217415,10820.843786972873,-266436.7706197673,89.9195265375794,0.06762318146598482
2151,73775.0,299.2248841849448,1.072472579151174,10824.494264757119,-266436.7707337535,89.94649273729863,0.06763244795539035
2152,73800.0,299.2234504897049,1.072479150642511,10828.144730935743,-266436.77095441095,89.97327610589873,0.06764313082520515
2153,73825.0,299.22311614887093,1.0724860173320923,10831.795135140506,-266436.77131465066,89.99995177081398,0.06765416326214796
2154,73850.0,299.2221954236665,1.0724924586233533,10835.44552439922,-266436.77168762375,90.02659521453981,0.06766413534416088
2155,73875.0,299.21950200680334,1.0724977391774861,10839.095917732368,-266436.771966354,90.05322512043907,0.06767165739022883
2156,73900.0,299.21626722484996,1.0725012764642219,10842.746304595417,-266436.77212081203,90.0799619541029,0.06767587745325299
2157,73925.0,299.21381800324434,1.0725029162805035,10846.396667348616,-266436.77214141976,90.10675156734628,0.06767690778498611
2158,73950.0,299.21987434877315,1.0725024812413124,10850.046991757132,-266436.7723094194,90.13379494380112,0.06767470511039061
2159,73975.0,299.2244854356487,1.0724999523148118,10853.697381145206,-266436.7722243783,90.16127319243824,0.06766947700617285
2160,74000.0,299.2305671377454,1.0724951278728951,10857.347755771701,-266436.7720748096,90.1892410947092,0.06766115424957583
2161,74025.0,299.23175431868697,1.07248789608387,10860.998142232336,-266436.7717000175,90.21742063213071,0.06764962950971325
2162,74050.0,299.2331952790883,1.0724786734473695,10864.648486119884,-266436.7714549836,90.2457385926953,0.06763532886423179
2163,74075.0,299.2328659813623,1.0724682205791713,10868.298831952547,-266436.7712494853,90.27434878958715,0.06761907270486754
2164,74100.0,299.2274552207858,1.0724573590454165,10871.949200371198,-266436.77086801507,90.30323867498073,0.06760183741339493
2165,74125.0,299.2244718571875,1.0724467903970423,10875.599647405808,-266436.7706656865,90.3320353170206,0.06758441520467838
2166,74150.0,299.22404211936686,1.0724370036917366,10879.250091458689,-266436.77055197395,90.36077795877554,0.06756756960467622
2167,74175.0,299.2250226568272,1.072428248923736,10882.900459761677,-266436.770545962,90.38935767619924,0.06755192727552277
2168,74200.0,299.2242715065321,1.0724203053634516,10886.550757487004,-266436.7704765795,90.41774585738433,0.06753743998770556
2169,74225.0,299.22533564808055,1.072412623348691,10890.200991478792,-266436.77055329276,90.44611922027647,0.0675235528417819
2170,74250.0,299.2261996043304,1.0724048432366007,10893.851174326415,-266436.7706990691,90.47442547167202,0.06750982296944574
2171,74275.0,299.2279924950896,1.0723968812154663,10897.501339242319,-266436.7709029258,90.50281103299568,0.0674960065991406
2172,74300.0,299.2272592701341,1.0723884336554654,10901.151471461719,-266436.7709951618,90.5312093265838,0.06748164657156007
2173,74325.0,299.2249112345913,1.072379315700702,10904.80157967233,-266436.77095765586,90.55967088423795,0.06746657129714813
2174,74350.0,299.22581681379376,1.0723697340996137,10908.451645568266,-266436.77097787976,90.58810530314175,0.06745120766283526
2175,74375.0,299.22466217417343,1.072359882352938,10912.101623193004,-266436.77072601847,90.61666467432596,0.06743591191789217
2176,74400.0,299.2262107279136,1.072349778594393,10915.751587645069,-266436.7704609742,90.64521658873063,0.06742078349410505
2177,74425.0,299.2317844949501,1.0723394546984972,10919.401524437855,-266436.7703021479,90.67372737924698,0.06740569069482708
2178,74450.0,299.23083468288263,1.072329119167811,10923.051434777411,-266436.769792805,90.70217145632549,0.06739051277344349
2179,74475.0,299.23456295382323,1.0723189316513733,10926.701306611765,-266436.76952693827,90.73052707905195,0.0673750659021407
2180,74500.0,299.24078793122476,1.072309043252328,10930.351192281361,-266436.7694636086,90.7587987209231,0.06735949824239647
2181,74525.0,299.24071917094466,1.0722997653528845,10934.001077806743,-266436.7692160338,90.78697326901921,0.06734441368774827
2182,74550.0,299.2392817398082,1.0722912728660838,10937.650955840576,-266436.7690790926,90.81495318262327,0.06733015574896932
2183,74575.0,299.23829237347434,1.0722835233516457,10941.300799758232,-266436.76918169606,90.84287537103172,0.06731679624542125
2184,74600.0,299.2337655495048,1.0722766210526289,10944.950685787937,-266436.76927719766,90.87079809565213,0.06730460228832953
2185,74625.0,299.2264740469662,1.072270868100028,10948.600564730701,-266436.7692871613,90.89877450030494,0.06729411802378775
2186,74650.0,299.2254192107917,1.0722666460905323,10952.250452304059,-266436.7695634604,90.9265915968602,0.06728609038256364
2187,74675.0,299.22463834445523,1.0722643048446043,10955.900325002121,-266436.76975106756,90.9541673132236,0.0672813666971359
2188,74700.0,299.2225751073556,1.0722638797015356,10959.55015216795,-266436.7697316407,90.98139632526265,0.06728044952032892
2189,74725.0,299.22193270669777,1.0722650753424632,10963.200014007905,-266436.7696299867,91.0084351939117,0.06728313211567732
2190,74750.0,299.22740124555065,1.0722674696485597,10966.849908832639,-266436.76967586624,91.03544813570666,0.06728862878442113
2191,74775.0,299.23094685751283,1.0722704396289513,10970.499758696462,-266436.769557076,91.06245511511555,0.06729573464111924
2192,74800.0,299.2324435332124,1.0722730907432714,10974.149659905446,-266436.7693450852,91.08939337802094,0.06730254734762123
2193,74825.0,299.2384509012465,1.0722748113035525,10977.799607412024,-266436.76938479743,91.1163348723792,0.06730789866302037
2194,74850.0,299.24294835808723,1.072275844495062,10981.449550374782,-266436.769425957,91.14330137372815,0.06731227972665149
2195,74875.0,299.24273058287866,1.0722764327565244,10985.09953898299,-266436.76933387335,91.1701945819672,0.06731611262902247
2196,74900.0,299.23921068654295,1.0722766669701083,10988.749527206637,-266436.7691024082,91.19719849825518,0.06731973645880747
2197,74925.0,299.23720948968827,1.0722766795571705,10992.39944639611,-266436.7689733175,91.2242572569002,0.06732337579617835
2198,74950.0,299.2384561433992,1.0722765925420619,10996.04929779111,-266436.7689378656,91.25138763089281,0.0673272096407458
2199,74975.0,299.2339761569704,1.0722765333333308,10999.699173277872,-266436.7685377016,91.27844389333332,0.0673312603030303
2200,75000.0,299.2387473406034,1.0722763877025567,11003.349023926088,-266436.7685488492,91.30550099909131,0.06733505588368922
2201,75025.0,299.23940903542297,1.0722760181653017,11006.998912493484,-266436.76828267245,91.33270784438388,0.06733803860127156
2202,75050.0,299.2380478629148,1.0722753383265218,11010.648906453769,-266436.767883429,91.35995655878347,0.06734000453926464
2203,75075.0,299.2401276202366,1.0722742430429495,11014.299022437532,-266436.7676684364,91.38724085677555,0.06734100650332728
2204,75100.0,299.2383280294791,1.0722728331065734,11017.949222189261,-266436.7673216893,91.41467575011336,0.06734145850340137
2205,75125.0,299.24309618389304,1.0722708993653645,11021.599419402683,-266436.76741476194,91.44235686491386,0.0673409635841644
2206,75150.0,299.2411915396473,1.0722685331520891,11025.249641044396,-266436.76729759004,91.47019487177162,0.06733951593414893
2207,75175.0,299.2397651204717,1.0722657948369538,11028.89987813541,-266436.76732344815,91.49806825150965,0.06733699773550725
2208,75200.0,299.2387082924407,1.0722626567074063,11032.550115638744,-266436.76744286215,91.52581563150746,0.06733299290780143
2209,75225.0,299.23763895143355,1.0722593558069353,11036.20036825942,-266436.76761282334,91.55337284886878,0.0673274524886878
2210,75250.0,299.23445788165304,1.0722563699683374,11039.85063591376,-266436.76762437914,91.58098402201115,0.0673210955826926
2211,75275.0,299.23542606419596,1.0722540688667843,11043.500932572477,-266436.76770052814,91.60860054957806,0.06731487628089211
2212,75300.0,299.23748788176,1.0722525091128152,11047.151216947728,-266436.7677293008,91.63618383747551,0.0673095812622383
2213,75325.0,299.2410059588986,1.0722518330322164,11050.801412610052,-266436.7677553333,91.66376458084913,0.06730613188798555
2214,75350.0,299.2394689673445,1.0722523987960844,11054.451572695103,-266436.7675420714,91.69109281550037,0.06730556358164033
2215,75375.0,299.2408395713003,1.0722542093862786,11058.101699788353,-266436.76751670736,91.71837953068591,0.06730786823104694
2216,75400.0,299.2422960905134,1.0722573279206107,11061.751789408956,-266436.76755111676,91.7456237248534,0.06731281882423697
2217,75425.0,299.24495572663125,1.0722614759543103,11065.401846408922,-266436.7677080148,91.77285554643822,0.06731938893898408
2218,75450.0,299.2420699764165,1.072266189424663,11069.051904196029,-266436.7676809439,91.80000389905362,0.06732642947273548
2219,75475.0,299.24109147747816,1.072271454654652,11072.702002540085,-266436.76782040054,91.82696282447446,0.06733405150150151
2220,75500.0,299.23901418850437,1.072277288008402,11076.352075460749,-266436.7679051308,91.85372768662764,0.06734275446495573
2221,75525.0,299.23899781428213,1.0722834401440118,11080.002110683614,-266436.7680242233,91.88041612151216,0.06735255640564057
2222,75550.0,299.24391329239836,1.0722897804768305,11083.65217138566,-266436.76830486074,91.90721749692608,0.06736361103613736
2223,75575.0,299.24458015467695,1.0722959703237385,11087.302220083777,-266436.7682675689,91.93394539913069,0.06737539898081536
2224,75600.0,299.24458612269734,1.0723014248689113,11090.952243471753,-266436.7681822214,91.96049840569289,0.06738674486891387
2225,75625.0,299.2440056257868,1.0723053637316537,11094.602314564085,-266436.7680133138,91.98706865633423,0.06739614839772388
2226,75650.0,299.2459713592283,1.0723074430474455,11098.252360375536,-266436.7679253714,92.01379320954948,0.06740291782667267
2227,75675.0,299.2472902380318,1.0723076555954492,11101.902388087963,-266436.7677755644,92.0406677648115,0.067406920706164
2228,75700.0,299.2503901993427,1.072305771197844,11105.552389052633,-266436.76775330334,92.06770483505309,0.06740724854194709
2229,75725.0,299.2557553171905,1.0723016544095638,11109.202390695209,-266436.76793839084,92.09501515201795,0.06740339013452917
2230,75750.0,299.25778546167703,1.0722957926191516,11112.852308173757,-266436.76804103534,92.12255492424923,0.06739587972508594
2231,75775.0,299.25811417084896,1.0722891402329722,11116.502176509552,-266436.7681176925,92.1501478875448,0.06738587738948629
2232,75800.0,299.25680180847957,1.0722825296312857,11120.151997774286,-266436.76816182456,92.17767988371399,0.06737465606806989
2233,75825.0,299.25639323440834,1.0722766207102332,11123.801752203812,-266436.7682117629,92.20510748716802,0.06736344434497167
2234,75850.0,299.25868039343845,1.0722717011185656,11127.451452724377,-266436.76827714196,92.2325173230425,0.06735305428784491
2235,75875.0,299.26396239475326,1.0722677449314226,11131.101258326767,-266436.76836054085,92.25986579308288,0.0673438261776983
2236,75900.0,299.26872212338026,1.0722647517508543,11134.751054960654,-266436.7683592682,92.28695623081508,0.06733616390999854
2237,75925.0,299.2700066380704,1.0722629925528722,11138.400890094572,-266436.7681549677,92.3140184779565,0.06733094295501939
2238,75950.0,299.2723958648213,1.0722624778919136,11142.050775028874,-266436.7680376686,92.34089568974244,0.06732846613071315
2239,75975.0,299.27452931205426,1.0722628309523787,11145.70063963556,-266436.7679967893,92.36765254657738,0.06732798809523814
2240,76000.0,299.2740098360858,1.0722636860032702,11149.350486182948,-266436.7679300021,92.39434504774654,0.06732837051911353
2241,76025.0,299.2712040935184,1.072264620428187,11153.00035119372,-266436.7678463537,92.42111645138269,0.06732851219149573
2242,76050.0,299.2746613979796,1.0722652929112775,11156.650198158859,-266436.768175409,92.44791013434387,0.06732776638430676
2243,76075.0,299.2757313083786,1.0722656342840144,11160.299977939389,-266436.7685435236,92.47472459640521,0.06732621479500896
2244,76100.0,299.27266503563544,1.0722656907201167,11163.94971377401,-266436.76881893555,92.50167353051222,0.06732430660727547
2245,76125.0,299.26930536910135,1.0722656571682971,11167.599466964228,-266436.7691117428,92.52885019293556,0.06732273938854264
2246,76150.0,299.26129478208054,1.0722661025070443,11171.24915932057,-266436.7691064455,92.55599298071499,0.06732266918854772
2247,76175.0,299.2572805885239,1.0722673523131652,11174.898799885374,-266436.7691592626,92.58282863715893,0.06732469454329779
2248,76200.0,299.25821042982136,1.0722696300578014,11178.548462859044,-266436.76929127093,92.60943144982953,0.06732908907662669
2249,76225.0,299.2634760235562,1.0722729746666646,11182.19811321318,-266436.7694763744,92.63605089570368,0.06733559303703708
2250,76250.0,299.26898258611055,1.0722769767510716,11185.847749983262,-266436.7695689944,92.66275984140378,0.06734305997334522
2251,76275.0,299.27128814786926,1.072280673179394,11189.497483614708,-266436.76950238127,92.68965840053282,0.0673493613084666
2252,76300.0,299.27884086847234,1.0722833300784118,11193.147236151202,-266436.7697712975,92.71672818064799,0.0673528989495488
2253,76325.0,299.2791041533577,1.0722847959183652,11196.796995375624,-266436.76976285625,92.74370846081038,0.06735358296362028
2254,76350.0,299.2776254566157,1.072284918699185,11200.446705131113,-266436.769768809,92.77087292416849,0.06735173096821882
2255,76375.0,299.27190050192155,1.0722840611702107,11204.096402253248,-266436.76965788176,92.79844547635932,0.06734873330378255
2256,76400.0,299.2655500267324,1.07228280401713,11207.746104602862,-266436.76953568525,92.82610594107219,0.0673461696942845
2257,76425.0,299.26225134012475,1.0722818035134318,11211.395755263946,-266436.7695233875,92.85377386418656,0.06734533687629175
2258,76450.0,299.2636374389856,1.0722813495647021,11215.045429475722,-266436.7696517786,92.88138406433521,0.06734654242290103
2259,76475.0,299.26582699646093,1.072280983480824,11218.69502914085,-266436.769679292,92.90905365988196,0.0673488520648968
2260,76500.0,299.266670456436,1.0722801110128242,11222.344603620075,-266436.7695341014,92.9366945093616,0.06735093645879407
2261,76525.0,299.26983428043104,1.07227847686413,11225.99415512142,-266436.76943181583,92.96440857058647,0.06735166416150902
2262,76550.0,299.2694638926212,1.0722761683605813,11229.643641933564,-266436.76911813905,92.99208480011781,0.06735030078067465
2263,76575.0,299.2705672115732,1.0722732511778543,11233.293091671077,-266436.76881595975,93.01963994375733,0.0673465135453475
2264,76600.0,299.2770543948499,1.0722699011037509,11236.942486160848,-266436.7688303108,93.04711171390726,0.06734055673289185
2265,76625.0,299.2755932609599,1.072266415416297,11240.591840038975,-266436.7685458199,93.07454674154161,0.0673333987937629
2266,76650.0,299.27256019835403,1.0722629951477705,11244.241184497714,-266436.7683632202,93.1020106131451,0.06732575930010296
2267,76675.0,299.26927104218186,1.0722598165784814,11247.890463651522,-266436.768367607,93.12946227998233,0.06731816446208116
2268,76700.0,299.264136060086,1.072257250771263,11251.539654078442,-266436.7684009579,93.15690918201848,0.06731137578962836
2269,76725.0,299.2631259894281,1.072255821585901,11255.188810780317,-266436.76871017396,93.18430298560938,0.06730641938325994
2270,76750.0,299.26536357199547,1.07225601878761,11258.837964287091,-266436.7692084064,93.21167593233523,0.0673043603405255
2271,76775.0,299.26587421082826,1.0722577017312187,11262.487171350786,-266436.7695583507,93.23904358758801,0.06730531675469488
2272,76800.0,299.2654531264123,1.0722605142982824,11266.136347120831,-266436.7698116013,93.2663243655961,0.0673089926675466
2273,76825.0,299.26381463471205,1.0722641045148031,11269.785514621804,-266436.76994443865,93.29382735854587,0.06731485576077402
2274,76850.0,299.2611243859349,1.072268338754577,11273.434659544608,-266436.769957186,93.32134060483516,0.06732250036630043
2275,76875.0,299.2606781504109,1.072272778265962,11277.083810837134,-266436.76998256374,93.34895201039835,0.06733106868775636
2276,76900.0,299.25999894232257,1.0722767487922686,11280.73289289869,-266436.7699212993,93.3767762550139,0.06733922163665647
2277,76925.0,299.2625377399774,1.0722798794263957,11284.38193672914,-266436.76996266295,93.40477068598184,0.06734626909569803
2278,76950.0,299.2664939910788,1.072282032762906,11288.030968839688,-266436.77008870343,93.43301972312416,0.06735221895568237
2279,76975.0,299.2661047564336,1.072283446783624,11291.679942656863,-266436.77004139294,93.46135837792396,0.06735766681286555
2280,77000.0,299.2659087799219,1.0722846283793641,11295.328882595346,-266436.77009156917,93.48967805041647,0.06736353806809883
2281,77025.0,299.2609225590134,1.0722856770376845,11298.977793862541,-266436.76993278286,93.51796577899502,0.06737007683318731
2282,77050.0,299.2596246479787,1.0722867338297544,11302.62670272769,-266436.7699104286,93.54629568170535,0.06737730442400355
2283,77075.0,299.26122555399974,1.072287978692351,11306.275653427605,-266436.76997132995,93.5746105522475,0.06738513879159375
2284,77100.0,299.2639028566019,1.072289321517139,11309.924586510424,-266436.77002075897,93.60290133041573,0.06739301371261858
2285,77125.0,299.2646699055127,1.0722905815106427,11313.573533202092,-266436.7699469791,93.63096652799649,0.06740000889472153
2286,77150.0,299.26577184302664,1.0722916064713581,11317.222459220076,-266436.7698416354,93.65876494111644,0.06740531380265272
2287,77175.0,299.266017755974,1.0722923446969679,11320.871393109986,-266436.76966733654,93.68633146299534,0.06740885081585087
2288,77200.0,299.2668118594737,1.072293022571718,11324.520298623407,-266436.7694760737,93.71390169637397,0.06741120474734241
2289,77225.0,299.26308780262093,1.0722936588064027,11328.169217344242,-266436.76903508493,93.74139059475984,0.06741261775836978
2290,77250.0,299.26051951884267,1.0722940465589972,11331.818113426443,-266436.7686613302,93.76904074974539,0.06741295387749169
2291,77275.0,299.2556907468013,1.0722939261198352,11335.466964759882,-266436.76817598514,93.79682766230367,0.0674119204479349
2292,77300.0,299.25577518127716,1.072292753307165,11339.115755923818,-266436.76789689413,93.82480335252218,0.06740876929786312
2293,77325.0,299.25515145626355,1.0722900616099953,11342.764505010455,-266436.76752728154,93.85303558616683,0.06740299040976465
2294,77350.0,299.2567369246196,1.0722859122730555,11346.413284364262,-266436.76729371166,93.88148768061004,0.06739491125635444
2295,77375.0,299.2542902923934,1.0722805116144,11350.06200914067,-266436.766880734,93.9101142966028,0.06738487891986067
2296,77400.0,299.2551483861567,1.072274120301841,11353.710680347982,-266436.7666767551,93.93899859889713,0.06737325032651288
2297,77425.0,299.2568128920809,1.072267133594428,11357.359369736429,-266436.7665775696,93.96809190005803,0.06736062706701483
2298,77450.0,299.2546769391048,1.0722598202116844,11361.008067080606,-266436.76632775145,93.99722812744673,0.06734753704509211
2299,77475.0,299.25709258174,1.0722522899999982,11364.656762456078,-266436.76632946363,94.02658638246378,0.06733414333333337
2300,77500.0,299.2607290753304,1.0722446852093277,11368.305401492964,-266436.7664547094,94.05607365203535,0.06732061639866728
2301,77525.0,299.26305739400607,1.0722370645815216,11371.954013332164,-266436.7665775543,94.08554056907039,0.06730704604691574
2302,77550.0,299.2643430849625,1.072229364017946,11375.60259086712,-266436.7667055484,94.11519955145464,0.06729338876827329
2303,77575.0,299.2675774654233,1.0722214140624984,11379.251107863127,-266436.76696379756,94.14484049681714,0.06727955627893521
2304,77600.0,299.26433890036236,1.0722133473608082,11382.899534101942,-266436.7669499362,94.17436488532176,0.06726604179320321
2305,77625.0,299.2616760140222,1.072205458224919,11386.547899163188,-266436.7669784364,94.20379504481065,0.06725344478172884
2306,77650.0,299.2605007237402,1.0721983921398626,11390.196222860848,-266436.76704649674,94.23327892977893,0.06724252420170498
2307,77675.0,299.25866057683504,1.0721928071923728,11393.844483622173,-266436.7670302731,94.26261622746968,0.06723419786250724
2308,77700.0,299.2620256408266,1.0721890509600098,11397.49272214724,-266436.76720146957,94.29182827298976,0.06722874144651365
2309,77725.0,299.26416502756217,1.072186972582971,11401.140949447032,-266436.76723635424,94.32089047402599,0.06722559278499281
2310,77750.0,299.264102452763,1.0721860295687275,11404.789125600597,-266436.767127433,94.34993453454494,0.06722367690754365
2311,77775.0,299.2681036864195,1.0721855866493641,11408.437298112593,-266436.76720765384,94.3791129369954,0.0672219093137255
2312,77800.0,299.2705072477311,1.0721851709179981,11412.085424577164,-266436.76724601537,94.40830934731231,0.06721969966854015
2313,77825.0,299.27265634428204,1.0721845741861118,11415.733508470894,-266436.7673415626,94.43747075871508,0.06721707793143188
2314,77850.0,299.2713512920095,1.0721837691864635,11419.381541913888,-266436.7673519409,94.46666541900649,0.06721451648668107
2315,77875.0,299.27107125748506,1.0721825654864692,11423.02950153367,-266436.7674711221,94.4960061049223,0.06721227590673576
2316,77900.0,299.27112887081086,1.0721806364551847,11426.677436468846,-266436.76763152675,94.52518989915121,0.06721036383254209
2317,77925.0,299.26950473109093,1.0721778612309445,11430.325321496684,-266436.7677281482,94.55430978012656,0.06720883635317804
2318,77950.0,299.26786385338596,1.0721743678309599,11433.973147958164,-266436.7677932131,94.5835008627282,0.06720770863878109
2319,77975.0,299.2671094801733,1.0721705155172396,11437.620949897693,-266436.7678300593,94.6126744810345,0.06720695603448276
2320,78000.0,299.26865388640044,1.072166428981759,11441.268693449798,-266436.7678954447,94.6419251137441,0.06720614605773374
2321,78025.0,299.2680212578246,1.0721619217628462,11444.916414686182,-266436.76779519446,94.67118304579387,0.06720451177146139
2322,78050.0,299.2710114913196,1.0721568652604374,11448.564104096276,-266436.76777495386,94.70052970885351,0.06720146807289425
2323,78075.0,299.27309779360394,1.0721514041881794,11452.211891245834,-266436.7676695966,94.72992310613886,0.06719704977051062
2324,78100.0,299.27437963283245,1.0721455813620053,11455.859691630245,-266436.76751423505,94.75912397405018,0.06719123197132618
2325,78125.0,299.2724560634862,1.0721390243622795,11459.507470781307,-266436.76725065254,94.78852622098023,0.0671831104901118
2326,78150.0,299.27392906532106,1.0721312930812184,11463.155225464398,-266436.76719540526,94.81819570949722,0.06717190101704629
2327,78175.0,299.27374749770996,1.0721223931844195,11466.80296862027,-266436.76708467875,94.84799731600802,0.06715782617411227
2328,78200.0,299.27384603234674,1.0721125792185466,11470.450637298978,-266436.76702348754,94.87778067654216,0.067141556175755
2329,78225.0,299.27191835837004,1.0721022218884098,11474.09822829785,-266436.7668458946,94.90763350772534,0.06712394034334766
2330,78250.0,299.2724762216512,1.0720917989417968,11477.74572889246,-266436.76676408015,94.93747116244818,0.067105984984985
2331,78275.0,299.2695179318191,1.072081814894223,11481.393191640791,-266436.76642631355,94.96729953130362,0.0670885108633505
2332,78300.0,299.2732224955003,1.072072466638089,11485.040624873407,-266436.7663310491,94.99703717259611,0.06707185355050722
2333,78325.0,299.27723842702176,1.0720638794630084,11488.687990905024,-266436.7661877193,95.02669547500716,0.06705632333618967
2334,78350.0,299.2810852912215,1.0720559294789416,11492.335266231405,-266436.76601934206,95.05634548451108,0.06704204825124913
2335,78375.0,299.28368517951003,1.07204844249429,11495.98252150057,-266436.7658716353,95.08582754580482,0.06702917109018265
2336,78400.0,299.2822550631873,1.0720414712594473,11499.629747729567,-266436.76562578836,95.1150912638711,0.0670180457851947
2337,78425.0,299.2813297908478,1.0720352140005682,11503.277000467493,-266436.7655492659,95.14435726318794,0.06700889606501284
2338,78450.0,299.2813774618792,1.0720299636596815,11506.924294853356,-266436.76561804104,95.1733825066268,0.06700209348724527
2339,78475.0,299.28019307507213,1.072025655128203,11510.571562594301,-266436.7657167493,95.20224005128209,0.06699746054131055
2340,78500.0,299.2806047273254,1.0720220338886497,11514.2187760215,-266436.7659997442,95.2310928715649,0.06699426968531967
2341,78525.0,299.2776309141768,1.0720188810133768,11517.86595898349,-266436.7661405874,95.25976367933394,0.06699171975519501
2342,78550.0,299.27714875231277,1.0720158536064854,11521.513143584009,-266436.7663626798,95.28852108564523,0.06698893114241003
2343,78575.0,299.27927816197473,1.0720123667519887,11525.160381269197,-266436.7666415257,95.31731740685441,0.06698453924914677
2344,78600.0,299.27642038223263,1.0720079498223147,11528.807530366168,-266436.7666166806,95.34618591712868,0.06697742757640371
2345,78625.0,299.274499562945,1.0720023178459768,11532.454655105284,-266436.76656311966,95.37500430463204,0.06696746518897416
2346,78650.0,299.272627258487,1.0719953765090164,11536.10171407996,-266436.7663995783,95.40390367035937,0.06695512143161485
2347,78675.0,299.27348101164205,1.0719869319988622,11539.748705756247,-266436.7662304062,95.43291926561618,0.06694068540601933
2348,78700.0,299.2757626228192,1.0719769696324655,11543.395629112529,-266436.76598121284,95.46211613608632,0.06692454079750251
2349,78725.0,299.27881137532006,1.0719658529077993,11547.04251529305,-266436.76563382667,95.49133621971636,0.06690712695035464
2350,78750.0,299.2790978840219,1.0719542712320975,11550.68942079498,-266436.76507833786,95.520703300156,0.06688908478661565
2351,78775.0,299.2793645532889,1.0719427454648505,11554.336317871173,-266436.76450193196,95.54998430456354,0.06687100212585037
2352,78800.0,299.2801251663134,1.0719312598101693,11557.983179315908,-266436.7639579245,95.57931384431227,0.06685297690891064
2353,78825.0,299.2803561020966,1.0719198629283468,11561.630017905976,-266436.76343665435,95.60875126989527,0.06683514769187202
2354,78850.0,299.28050875470717,1.0719088475583842,11565.276804208494,-266436.7629765778,95.63811717537159,0.06681792045293704
2355,78875.0,299.28140682668453,1.0718983979909429,11568.923603694257,-266436.7627073404,95.66740511870405,0.06680155800792305
2356,78900.0,299.27998388728696,1.0718887868759701,11572.570365964504,-266436.76245519554,95.6967545987838,0.06678638155847831
2357,78925.0,299.27843261337375,1.0718801730279877,11576.21706964504,-266436.7623065839,95.72605073579308,0.06677275332202434
2358,78950.0,299.27775497272944,1.0718725154726556,11579.863722313834,-266436.7622925352,95.75544648791865,0.06676092228345346
2359,78975.0,299.2767910456223,1.071865847033896,11583.510331694491,-266436.76234338584,95.7847655107345,0.06675117245762714
2360,79000.0,299.27501032401614,1.0718601080050805,11587.156931448539,-266436.7624388194,95.81403272469296,0.06674358605110832
2361,79025.0,299.2723299850418,1.0718551519898367,11590.803517632374,-266436.76246389525,95.84329144326846,0.066737977279142
2362,79050.0,299.27103095076967,1.0718510366765388,11594.450051901256,-266436.76244691305,95.87252210960648,0.06673419861757655
2363,79075.0,299.269961255641,1.071847939650308,11598.09658242414,-266436.76231650595,95.90176675662724,0.06673246333897352
2364,79100.0,299.2711208799163,1.071845771247355,11601.743056770401,-266436.76218279015,95.93098429358709,0.06673262776603245
2365,79125.0,299.27261530783403,1.0718437531699048,11605.38948897295,-266436.76198129094,95.96027562947314,0.06673333460129618
2366,79150.0,299.2716820397136,1.0718412782706639,11609.035910245459,-266436.7616465138,95.989697684974,0.06673329164906355
2367,79175.0,299.2695420219603,1.0718381186655384,11612.682350083756,-266436.76127106865,96.01917759952146,0.06673180743243248
2368,79200.0,299.2664996573809,1.07183452821162,11616.328745869565,-266436.7609108685,96.0487894088927,0.06672905403123684
2369,79225.0,299.26729484528914,1.0718311317862141,11619.975100086216,-266436.76082125807,96.07847588255984,0.06672609690576656
2370,79250.0,299.26387290201126,1.071828386897228,11623.621445032615,-266436.76054996863,96.10799054955721,0.06672398509770847
2371,79275.0,299.26489586607727,1.0718264702079796,11627.267800406125,-266436.7604999685,96.13749566090507,0.06672343521641375
2372,79300.0,299.263257776093,1.0718257288945052,11630.914097102823,-266436.7602646382,96.1668802135132,0.06672541592920359
2373,79325.0,299.2635627311157,1.0718263855658499,11634.560326509407,-266436.7600941887,96.19616649452408,0.06673048567818032
2374,79350.0,299.2644792416851,1.0718283187368398,11638.206534879719,-266436.759914927,96.2251998632983,0.06673797515789477
2375,79375.0,299.26534451571354,1.071831179292927,11641.852751363494,-266436.7597293783,96.2540553895904,0.06674667115600452
2376,79400.0,299.26560690506324,1.0718345484504255,11645.498966421961,-266436.7595337951,96.28286561309781,0.06675541424765113
2377,79425.0,299.27134558690864,1.0718380182225937,11649.145189787076,-266436.7596161758,96.3117189960752,0.06676347911410152
2378,79450.0,299.2727929803848,1.0718415896034725,11652.79137326902,-266436.75957663084,96.34045173294108,0.06677115664845176
2379,79475.0,299.2738253623258,1.0718453140056,11656.437536289495,-266436.75961189694,96.36918088697486,0.06677864887955184
2380,79500.0,299.273240292455,1.0718493254934878,11660.083728582527,-266436.7596258277,96.39790964692713,0.0667861600167997
2381,79525.0,299.27287390078453,1.071853551917154,11663.729921196753,-266436.75968541676,96.42679415505185,0.06679362230618531
2382,79550.0,299.2711045256688,1.0718580769338344,11667.376099623723,-266436.75967347506,96.455556283816,0.06680132130367887
2383,79575.0,299.26885021322795,1.0718632985178944,11671.022224435961,-266436.7596228152,96.48420205425063,0.06681021546420585
2384,79600.0,299.26509088888974,1.0718693589098507,11674.668345841928,-266436.75945895934,96.5127359839274,0.06682078574423483
2385,79625.0,299.2666772048067,1.0718763601564656,11678.314435000559,-266436.75950645795,96.54104941547926,0.06683331614976254
2386,79650.0,299.26671833850105,1.0718844260578106,11681.960494808825,-266436.75946535124,96.56934209314349,0.06684802946515854
2387,79675.0,299.26677834994507,1.0718933365438277,11685.606546114463,-266436.7594133078,96.59756605136803,0.06686440591848133
2388,79700.0,299.2692140925082,1.0719026098786077,11689.252593641273,-266436.75948516495,96.62591045095584,0.0668813677968467
2389,79725.0,299.27246391603995,1.0719118739191047,11692.89858935537,-266436.75960731745,96.65419897852169,0.06689815718270575
2390,79750.0,299.2728581902978,1.0719207333054483,11696.54454266402,-266436.7596439897,96.68263035856691,0.06691396877178311
2391,79775.0,299.27035429264305,1.071928558667779,11700.190522261428,-266436.7596474274,96.71121485827766,0.0669274849498328
2392,79800.0,299.2675931327492,1.071935001392949,11703.836485341832,-266436.7597338039,96.7400388519293,0.06693808497005158
2393,79825.0,299.26490532539776,1.0719402577276498,11707.48244775021,-266436.75985113095,96.76905651044284,0.06694626622110836
2394,79850.0,299.2630978964519,1.071944491579677,11711.128350435212,-266436.75996966375,96.79807875922067,0.06695236116910233
2395,79875.0,299.26009583152575,1.0719479728714496,11714.774246658739,-266436.7599672468,96.82723306747363,0.06695686115748474
2396,79900.0,299.2595947870959,1.07195096022806,11718.420109355167,-266436.75995579,96.85648892017807,0.06696027437074124
2397,79925.0,299.2598845418414,1.0719538070614372,11722.065989737283,-266436.7598796175,96.88582513844878,0.06696332568807344
2398,79950.0,299.2638540933732,1.0719564979852687,11725.711904673894,-266436.75987815286,96.91522283131867,0.06696604835348066
2399,79975.0,299.2663763544454,1.0719590906944416,11729.35782608625,-266436.7597595439,96.94455635194451,0.06696864500000003
2400,80000.0,299.26855262099224,1.0719617825905845,11733.003723227823,-266436.75966328266,96.97389806761079,0.06697157420519233
2401,80025.0,299.2670589511528,1.0719646892867027,11736.649592353595,-266436.75945949793,97.00322391285047,0.0669750326117125
2402,80050.0,299.2706104552652,1.0719680396726285,11740.295464346094,-266436.759630561,97.03237265002086,0.06697935400194206
2403,80075.0,299.2713395825024,1.0719725715474182,11743.941342388103,-266436.75979732047,97.06135902787028,0.06698594231835833
2404,80100.0,299.2689104130294,1.0719786034650007,11747.587275744145,-266436.7599539322,97.09012187234934,0.06699550020790024
2405,80125.0,299.26539058755986,1.0719860894984732,11751.233192126767,-266436.7602251115,97.11874384026054,0.06700806899418126
2406,80150.0,299.2578120077562,1.0719950402991247,11754.879118494808,-266436.7604252418,97.14725805248587,0.06702392300235428
2407,80175.0,299.25209665171747,1.0720055571705398,11758.525045907669,-266436.7607386829,97.17569653806763,0.06704354581949062
2408,80200.0,299.24787841760167,1.0720176997370943,11762.170989937873,-266436.76105702366,97.2038577245054,0.06706718029611183
2409,80225.0,299.2465418455059,1.072031177316733,11765.816897279808,-266436.7613594962,97.23177333347172,0.06709415601659754
2410,80250.0,299.2495789759446,1.0720454515415427,11769.462848725841,-266436.7616671259,97.25941081059042,0.0671231016175861
2411,80275.0,299.2486669194316,1.0720598334715283,11773.108823010505,-266436.7615634472,97.28709016072425,0.0671522824765064
2412,80300.0,299.2499681927072,1.072073196435969,11776.754830971546,-266436.7614267741,97.3148098901783,0.06717888561956076
2413,80325.0,299.25233656545254,1.0720846184755566,11780.40087394242,-266436.7612341434,97.34266070091144,0.06720070270643473
2414,80350.0,299.2500317456187,1.0720935253278097,11784.04691606584,-266436.7607548371,97.37078176853011,0.06721656701173227
2415,80375.0,299.25103549006724,1.0721000035871937,11787.693009207233,-266436.76041465654,97.39912344798574,0.06722698082229585
2416,80400.0,299.25115702454934,1.0721046149496594,11791.339090213214,-266436.76004629175,97.42763050917124,0.06723341414977248
2417,80425.0,299.25054868913804,1.0721080686517757,11794.985136341329,-266436.7597001476,97.4561855100635,0.06723747298042462
2418,80450.0,299.25078397878013,1.072110689127736,11798.631144902714,-266436.75945480086,97.48466257158616,0.06723986564696159
2419,80475.0,299.25488915743904,1.072112578787876,11802.277149905234,-266436.75947289885,97.5130939261709,0.06724085619834715
2420,80500.0,299.25979259121675,1.0721137620817816,11805.923118413328,-266436.7596466608,97.5416224812062,0.06724063169489196
2421,80525.0,299.2575783126902,1.072114066611613,11809.569093013624,-266436.7596062453,97.57014008092494,0.06723915854665569
2422,80550.0,299.2582351169359,1.07211324872747,11813.215044416424,-266436.7598723301,97.59870789407081,0.06723623015545471
2423,80575.0,299.2537828111946,1.0721111053355308,11816.860939650438,-266436.7600236442,97.62737578932902,0.06723175041254129
2424,80600.0,299.2480026892106,1.0721077518900315,11820.506832902265,-266436.7602025146,97.65616498240558,0.06722615161512031
2425,80625.0,299.2465301136311,1.0721033367683401,11824.152646161443,-266436.7605440974,97.6851676415225,0.0672195344874966
2426,80650.0,299.24465744719225,1.0720979570113967,11827.798387556515,-266436.76069796423,97.71413700988884,0.06721173794808409
2427,80675.0,299.24160452924315,1.0720920939044454,11831.444088391541,-266436.7605925969,97.74311094796825,0.06720330697419004
2428,80700.0,299.24094870564113,1.0720863389597888,11835.089755723615,-266436.7604434074,97.77196373857564,0.06719526499245235
2429,80725.0,299.242899427573,1.0720813149519863,11838.735424790808,-266436.7602782407,97.80086898573397,0.06718862908093283
2430,80750.0,299.24678983216876,1.0720774121760566,11842.381057916904,-266436.7601253549,97.82980213423839,0.06718392965857677
2431,80775.0,299.2485335307027,1.0720745941611813,11846.02667843873,-266436.75983840856,97.85872396230819,0.06718101754385969
2432,80800.0,299.253370000823,1.0720724960953527,11849.672291502806,-266436.75975737866,97.8875934900672,0.06717921304288263
2433,80825.0,299.2506443573003,1.0720707413037496,11853.317928509994,-266436.75942054065,97.91641144165989,0.06717771172281571
2434,80850.0,299.25287882696875,1.0720689811088266,11856.963520077203,-266436.75945633923,97.94520259370302,0.0671757626283368
2435,80875.0,299.2503350641772,1.0720672888615186,11860.609087018469,-266436.75938865216,97.9739972181172,0.06717323686371104
2436,80900.0,299.2480089559577,1.0720657386130459,11864.254678450277,-266436.7593631172,98.00274815620305,0.06717026726849956
2437,80925.0,299.2453609964461,1.0720644931637924,11867.90019390976,-266436.7592711262,98.03159464082589,0.06716741058244467
2438,80950.0,299.2460083848581,1.072063700697004,11871.545706569494,-266436.7592529975,98.06039600437344,0.06716506601066015
2439,80975.0,299.24430856325233,1.072063588114751,11875.191263174862,-266436.7589983464,98.08915450136618,0.0671636516393443
2440,81000.0,299.24419357899865,1.0720644065273766,11878.836794687011,-266436.7587189605,98.11778015854165,0.06716353721152538
2441,81025.0,299.2462433068533,1.072066322140319,11882.48238844417,-266436.7584966052,98.14631341236698,0.06716522877422881
2442,81050.0,299.2512621802438,1.072069363896845,11886.1279712164,-266436.7583971386,98.17463270186936,0.06716898758357215
2443,81075.0,299.25429027005003,1.0720734300327301,11889.773518599424,-266436.7582451087,98.20264850572839,0.06717492184942721
2444,81100.0,299.2559812538523,1.0720780584867045,11893.419047854395,-266436.75811499305,98.23054442004097,0.06718246434901162
2445,81125.0,299.2552421937867,1.0720824329517549,11897.064600612019,-266436.75793560356,98.25842813532304,0.06719024938675393
2446,81150.0,299.25479155564733,1.072085781637376,11900.710171716793,-266436.7578951068,98.2864518211416,0.06719683203923175
2447,81175.0,299.25626202628087,1.0720872909858354,11904.355765093407,-266436.758089372,98.31474310443907,0.06720058809912859
2448,81200.0,299.2529256873563,1.0720862541173235,11908.001354617256,-266436.7581708986,98.34343774615496,0.06720019422893703
2449,81225.0,299.25195729904857,1.0720825980952349,11911.646908525032,-266436.75846354006,98.37235605768714,0.06719563632653067
2450,81250.0,299.24763322739113,1.0720766654426732,11915.292379558,-266436.7586707498,98.4013904086768,0.06718764830681359
2451,81275.0,299.2435827909199,1.0720691253398553,11918.937789656604,-266436.7588933174,98.43059225326272,0.06717721846112022
2452,81300.0,299.2417036195144,1.0720607386873182,11922.583162077726,-266436.75913957594,98.45996381736656,0.06716532681070803
2453,81325.0,299.2403027317314,1.0720518018201541,11926.228493774244,-266436.75924313517,98.48936623607722,0.0671524506927466
2454,81350.0,299.24219394134514,1.0720427101154073,11929.873754506176,-266436.75927130156,98.51873048404623,0.06713925322471152
2455,81375.0,299.24435474484346,1.0720341222855558,11933.519037142778,-266436.7590825303,98.54810617535294,0.0671265761400652
2456,81400.0,299.25366692022885,1.0720263863790496,11937.16426331244,-266436.7590685956,98.57753523741697,0.06711479242979249
2457,81425.0,299.2566255577715,1.0720198138052583,11940.809456343908,-266436.75869530137,98.60681027095207,0.06710417344724713
2458,81450.0,299.263081535449,1.0720143356377896,11944.45460447187,-266436.7585491809,98.63606596651762,0.06709465568659351
2459,81475.0,299.2672203827923,1.0720099499999967,11948.099746388343,-266436.75842687144,98.66522686802175,0.06708632466124667
2460,81500.0,299.2677229275372,1.072006450223483,11951.744937986723,-266436.75829187,98.69445138683469,0.06707908086143849
2461,81525.0,299.2669212938,1.0720035737882445,11955.390046354722,-266436.75828031945,98.7237352744382,0.0670727323314379
2462,81550.0,299.26490921694506,1.0720011029909289,11959.035165541614,-266436.7583384856,98.75296725754508,0.06706705210447968
2463,81575.0,299.26052519548256,1.0719989998647153,11962.680244389743,-266436.7583503054,98.78222333184532,0.06706186539502168
2464,81600.0,299.2571147978373,1.0719975893171028,11966.325330883974,-266436.75844237854,98.81137339337398,0.0670575710615281
2465,81625.0,299.255238407949,1.0719972007299237,11969.970402052579,-266436.75855684147,98.84042071154374,0.06705471776155722
2466,81650.0,299.25072982732155,1.0719978646128867,11973.615469343735,-266436.75843017723,98.86943491325505,0.06705351628158361
2467,81675.0,299.2497218469755,1.0719994181523467,11977.260519885736,-266436.75834514824,98.89830993368457,0.06705394597514862
2468,81700.0,299.2484708130156,1.0720017599567944,11980.905610268394,-266436.7580966272,98.92724629701642,0.06705609761036861
2469,81725.0,299.2520502027,1.0720046518218591,11984.550735142104,-266436.7579431168,98.95608714979765,0.06705964318488533
2470,81750.0,299.2559100782418,1.0720076229596622,11988.195819769187,-266436.75769145053,98.9847704876569,0.06706358464859036
2471,81775.0,299.25979618702894,1.0720104900215717,11991.840869342905,-266436.75741464004,99.01328440601411,0.0670672575512406
2472,81800.0,299.2650247670854,1.0720131802129633,11995.485916590509,-266436.75725076435,99.04162231837184,0.06707033360291148
2473,81825.0,299.2646008628411,1.0720155707356473,11999.130961226756,-266436.7569245479,99.06996705672334,0.06707254176771762
2474,81850.0,299.2616368828292,1.0720176712457878,12002.77603030168,-266436.7566201683,99.09815239151523,0.06707400700336703
2475,81875.0,299.2587962759837,1.0720197946957426,12006.421138752823,-266436.75647934503,99.12648659208408,0.0670755152127087
2476,81900.0,299.2588138599121,1.0720224958955693,12010.066281523614,-266436.75663279527,99.15493118301717,0.06707836199703945
2477,81925.0,299.25795404466055,1.0720262449556062,12013.711405030937,-266436.7568298355,99.18330223177303,0.06708374697336565
2478,81950.0,299.2565877442526,1.072031160683068,12017.356564423555,-266436.7570426873,99.21168272421684,0.06709220196315721
2479,81975.0,299.2551456001353,1.072037264784943,12021.001785587901,-266436.7572400564,99.2399817580646,0.06710376518817207
2480,82000.0,299.25398124990016,1.0720444832728706,12024.64700099637,-266436.7573813192,99.26812309592916,0.06711812494961712
2481,82025.0,299.25490470171997,1.0720524268063358,12028.29218741136,-266436.7575072856,99.29622360945483,0.06713424764974485
2482,82050.0,299.25404861364035,1.072060841052487,12031.937395635654,-266436.75744913553,99.32416959081765,0.06715124996643848
2483,82075.0,299.25405237251834,1.0720694856414352,12035.582679008317,-266436.7573059421,99.35208566921641,0.06716838258185726
2484,82100.0,299.2546640521807,1.0720780996646513,12039.228007610593,-266436.75708820665,99.38009604909466,0.0671849663313213
2485,82125.0,299.25944438442036,1.0720863252882777,12042.873342262132,-266436.75702398695,99.40805478720846,0.06720018114776083
2486,82150.0,299.260376066748,1.0720942572041248,12046.518657147832,-266436.75679232215,99.43592389746692,0.06721429084573118
2487,82175.0,299.2617794888809,1.0721021266077138,12050.16400605439,-266436.75670301024,99.46361483092184,0.0672279452036442
2488,82200.0,299.2653659426821,1.0721098680862426,12053.809404224585,-266436.7569212848,99.49120115320754,0.06724115441274948
2489,82225.0,299.2611445829996,1.0721171937081626,12057.454814636276,-266436.7569219382,99.51887361807238,0.06725339116465869
2490,82250.0,299.2577434072002,1.0721238712699015,12061.10017182617,-266436.75712119346,99.54662344935109,0.06726421223069723
2491,82275.0,299.2545667813011,1.0721300223381451,12064.745506083731,-266436.75737787195,99.57444221094177,0.0672738924558588
2492,82300.0,299.25246242452295,1.0721360074876285,12068.390841191065,-266436.75765663566,99.60223735298845,0.06728318986495525
2493,82325.0,299.25203809008383,1.0721420979684542,12072.036173811946,-266436.75788484106,99.63014813472343,0.06729271959369157
2494,82350.0,299.2545587327999,1.0721488062792217,12075.681478579423,-266436.758114266,99.65800365971953,0.06730365424181702
2495,82375.0,299.2563147588151,1.0721565145566205,12079.32680981824,-266436.7581669865,99.68580388087616,0.06731687847222227
2496,82400.0,299.2577604477383,1.0721653301294853,12082.972162999731,-266436.75813272136,99.7135177502337,0.0673326801495128
2497,82425.0,299.2589065744606,1.0721749711769382,12086.61756399466,-266436.75802997727,99.74116219268757,0.06735042473979189
2498,82450.0,299.26005348352777,1.0721847390956347,12090.262947012936,-266436.7579617409,99.7688601400561,0.06736840469521146
2499,82475.0,299.263520893601,1.0721944839999966,12093.908316847064,-266436.7580942341,99.79661871720008,0.06738622053333337
2500,82500.0,299.2648812853535,1.0722042998800445,12097.553663598957,-266436.7582082008,99.82428409822745,0.0674041190190591
2501,82525.0,299.26532109539136,1.0722140933919495,12101.199024192641,-266436.75835490803,99.85198273661078,0.06742194844124705
2502,82550.0,299.26795631761985,1.0722239777600178,12104.84440266067,-266436.75869535434,99.87956275309635,0.06744002809961384
2503,82575.0,299.26737174307874,1.0722342160543097,12108.48982392811,-266436.75894713134,99.90705479872211,0.06745899747071357
2504,82600.0,299.2665355868274,1.0722445928143676,12112.13525776859,-266436.7592162158,99.9344851905523,0.06747831044577515
2505,82625.0,299.26963730314014,1.0722549547752027,12115.780717511832,-266436.75969292125,99.9618472049748,0.06749760401702584
2506,82650.0,299.27085195439537,1.0722652402606,12119.42621611022,-266436.76008294674,99.98926516527064,0.0675167641271108
2507,82675.0,299.2702882250143,1.0722752635566153,12123.071827966634,-266436.76040252746,100.01658653801177,0.06753538450292401
2508,82700.0,299.26984908409827,1.072284767370795,12126.717458478804,-266436.7607011489,100.04406382502997,0.0675529832602631
2509,82725.0,299.2716870743702,1.0722934948207137,12130.363089082732,-266436.76107984566,100.07158116454191,0.06756915418326696
2510,82750.0,299.273651084695,1.0723012078853011,12134.008756976898,-266436.76144790085,100.09901742001867,0.06758350152661627
2511,82775.0,299.2775038456751,1.0723077384554105,12137.654451712444,-266436.7619317468,100.1265694731954,0.06759571058917202
2512,82800.0,299.27654579811747,1.0723134313569402,12141.300152025597,-266436.76217175834,100.15428060737507,0.06760636835124026
2513,82825.0,299.2746861127032,1.072318735481301,12144.94586630018,-266436.76232055854,100.18213067223556,0.06761620644391413
2514,82850.0,299.27276177985516,1.0723237715043041,12148.591572436311,-266436.762392132,100.20989782849577,0.06762534049039103
2515,82875.0,299.27645978855423,1.0723285416004205,12152.237250326174,-266436.76264320884,100.2376617425809,0.06763367965023852
2516,82900.0,299.27942328579087,1.0723331636869253,12155.882877455166,-266436.7627599246,100.26523380532387,0.06764134737120915
2517,82925.0,299.28054860696415,1.0723375849880823,12159.52851494572,-266436.76273764536,100.29272522742924,0.06764820346836117
2518,82950.0,299.2847039117384,1.0723418075956033,12163.174156896912,-266436.76288203156,100.3202620776764,0.06765444104803497
2519,82975.0,299.284646874075,1.0723459588624302,12166.819816449732,-266436.76282146224,100.34784635912706,0.06766052275132278
2520,83000.0,299.2870020953335,1.0723499156419374,12170.4654917296,-266436.7629362022,100.37558695372213,0.06766627687425628
2521,83025.0,299.2872254304794,1.0723533649220158,12174.111149279404,-266436.7630243935,100.40344771623057,0.06767114618028024
2522,83050.0,299.2849195584631,1.0723562833927827,12177.756809280747,-266436.7630733093,100.43150514902901,0.06767515801294759
2523,83075.0,299.2835541662714,1.0723590021130442,12181.402488676831,-266436.7632197681,100.4595908736134,0.06767899207606977
2524,83100.0,299.2833784831693,1.0723620109570922,12185.048174692403,-266436.7633815363,100.48771475709579,0.06768345518151818
2525,83125.0,299.2865939443135,1.0723655958036384,12188.69385864568,-266436.76364865276,100.51581192808138,0.06768904856162579
2526,83150.0,299.2874253074802,1.0723698543727704,12192.339505548076,-266436.76370658993,100.54395240931284,0.06769598192850551
2527,83175.0,299.2935455508976,1.0723748139504183,12195.985155155586,-266436.763923629,100.5720064368408,0.06770434968354434
2528,83200.0,299.29718875405393,1.0723803755107384,12199.63086100474,-266436.7639887292,100.6000436292343,0.06771393739290896
2529,83225.0,299.30073137786655,1.0723862874835275,12203.276557717387,-266436.76406223484,100.62801671330706,0.06772414822134391
2530,83250.0,299.29798272698633,1.0723922236270214,12206.922243976553,-266436.76381859643,100.6560962194127,0.06773421414460691
2531,83275.0,299.29677043549333,1.0723978314902545,12210.567940466293,-266436.7636378579,100.68418759807803,0.06774337941021592
2532,83300.0,299.2939193120157,1.0724029680221046,12214.213632611654,-266436.7633393945,100.71223730477703,0.06775134965126993
2533,83325.0,299.29048544935637,1.0724078168902884,12217.859290110886,-266436.76298117824,100.7400853406999,0.06775852065245991
2534,83350.0,299.29106368796937,1.0724126790269524,12221.504940278364,-266436.76279211673,100.76784088639062,0.06776558224852074
2535,83375.0,299.2925678861734,1.0724176419558324,12225.150605949126,-266436.76264586183,100.79543965812312,0.06777282281808625
2536,83400.0,299.2974907042448,1.0724226469583462,12228.796334766123,-266436.7627079832,100.82295829312845,0.06778020785704904
2537,83425.0,299.3000386396122,1.0724275401891217,12232.44206063028,-266436.76275001775,100.8505075057789,0.0677874008405569
2538,83450.0,299.2994455114884,1.0724317892871174,12236.08776455021,-266436.7627274831,100.87817860220567,0.06779322436654854
2539,83475.0,299.29732626483036,1.0724349937007838,12239.733459058787,-266436.7627308743,100.90580668385834,0.06779692112860895
2540,83500.0,299.2944485562124,1.0724367737111338,12243.379109371632,-266436.76280813315,100.93368821697501,0.06779800747737114
2541,83525.0,299.2880447739322,1.0724374135851,12247.024738645548,-266436.76276903803,100.96161433661166,0.06779730553370053
2542,83550.0,299.2819621274095,1.072437376982563,12250.670317711227,-266436.76271523366,100.98963173587633,0.06779584768645959
2543,83575.0,299.2793264753678,1.0724370171645667,12254.315862121326,-266436.762688256,101.01761110193927,0.06779446449161428
2544,83600.0,299.28542269666104,1.0724366428290733,12257.961412420427,-266436.76289472426,101.04562075625417,0.06779387387033402
2545,83625.0,299.28555276184954,1.072436369206595,12261.606994905467,-266436.7625614083,101.07360870437294,0.06779431251636557
2546,83650.0,299.289159197619,1.0724358421672522,12265.252563295899,-266436.7622664384,101.10156030414875,0.0677950676613009
2547,83675.0,299.29600393053465,1.072434723704863,12268.898069977886,-266436.7621312934,101.12943954238625,0.06779538121402409
2548,83700.0,299.30222723355655,1.0724327975676702,12272.543563069303,-266436.76208725706,101.1572737665752,0.067794641428011
2549,83725.0,299.3002934079747,1.072430016078428,12276.189073651498,-266436.7618232155,101.1850698912419,0.06779232562091506
2550,83750.0,299.2989283492757,1.0724263690056153,12279.834554911009,-266436.7617549315,101.21298731804528,0.0677881739187247
2551,83775.0,299.29835379650035,1.0724223529258063,12283.480078330324,-266436.7618559151,101.24079919579421,0.06778300835945665
2552,83800.0,299.2963333059155,1.0724186648387484,12287.125558655693,-266436.76196417306,101.26853760503988,0.0677778575532054
2553,83825.0,299.2959928424702,1.0724155617332254,12290.771062005215,-266436.76214774244,101.2963047846516,0.06777311955103109
2554,83850.0,299.29864779908763,1.072413285583819,12294.416544822303,-266436.76240549923,101.32417385923033,0.06776911467710374
2555,83875.0,299.2966421705799,1.0724122936880507,12298.062004038204,-266436.7623270595,101.35198497313517,0.06776684754825249
2556,83900.0,299.2987267914231,1.0724128219267335,12301.707440502667,-266436.76233002223,101.37980163876945,0.06776700417155522
2557,83925.0,299.2998013772487,1.0724148609590791,12305.352854084695,-266436.7622276315,101.40758435118589,0.06776964138649988
2558,83950.0,299.3011254202171,1.0724181731144942,12308.998201352475,-266436.7621129953,101.43528380291787,0.06777444744040642
2559,83975.0,299.3053436381519,1.0724222661458298,12312.643520140879,-266436.7621655675,101.46283862981777,0.06778065442708334
2560,84000.0,299.3046492172337,1.0724267333072983,12316.288793329422,-266436.762100038,101.49031215501763,0.0677876401145386
2561,84025.0,299.3042524205057,1.0724315994015057,12319.934036815503,-266436.76221475436,101.51767418917518,0.06779556062971637
2562,84050.0,299.30116232214937,1.0724369642346172,12323.579258979966,-266436.7623008935,101.54489071673827,0.0678045570295227
2563,84075.0,299.2969284227778,1.0724428876755034,12327.224536688242,-266436.7623879885,101.5721089108165,0.06781470410816433
2564,84100.0,299.29776309629716,1.0724492461338497,12330.869798945283,-266436.76272193686,101.59943452111767,0.06782574866796622
2565,84125.0,299.295662222786,1.0724560098726907,12334.515052522598,-266436.76285956416,101.62675950116919,0.06783767653936087
2566,84150.0,299.2942298100255,1.0724627778210587,12338.160306198279,-266436.7629427472,101.65404133021691,0.06784971042721724
2567,84175.0,299.29432363330824,1.0724689447040465,12341.805547393815,-266436.7630553306,101.6814480985203,0.06786067458463135
2568,84200.0,299.2937436513568,1.072473983651223,12345.45073602296,-266436.76308319514,101.70889540054502,0.0678695140781108
2569,84225.0,299.2947726411163,1.0724773836575843,12349.095921527101,-266436.7631441278,101.73634226770434,0.06787514565499352
2570,84250.0,299.29563807973636,1.072478767146373,12352.74108414248,-266436.7631836532,101.76405565551673,0.06787691378192662
2571,84275.0,299.2958708399438,1.0724778588646933,12356.3862155762,-266436.7631424894,101.79194711184559,0.06787445943494037
2572,84300.0,299.2969596310411,1.0724749303018493,12360.03128478507,-266436.7631095436,101.82000542388917,0.06786834939759036
2573,84325.0,299.3023378755512,1.0724704032633998,12363.676357569535,-266436.76331412874,101.8481783417509,0.06785935858585858
2574,84350.0,299.2993523926222,1.0724645033009677,12367.321425495657,-266436.76314390515,101.87634044051785,0.06784802834951455
2575,84375.0,299.2995667585412,1.0724574204192514,12370.966449751804,-266436.76319341623,101.90459967714808,0.06783503869047619
2576,84400.0,299.2972034097796,1.072449603285471,12374.611437975287,-266436.76313295076,101.93274561570307,0.06782130604061569
2577,84425.0,299.29476273778204,1.0724415650374937,12378.256412848714,-266436.7630792192,101.96096911662795,0.0678076318851823
2578,84450.0,299.29713772780235,1.0724335963551732,12381.901328751705,-266436.7632318474,101.989299628926,0.06779449773814138
2579,84475.0,299.29793302261066,1.072426229715759,12385.546207963558,-266436.7632890357,102.01763585697681,0.06778277726098189
2580,84500.0,299.29808581919235,1.0724199346506489,12389.191032996247,-266436.76331610495,102.04592952679846,0.06777332648844116
2581,84525.0,299.29719592473623,1.0724151222566454,12392.83588639284,-266436.76327916625,102.0741944146657,0.06776690240123932
2582,84550.0,299.29749420183333,1.0724118176538875,12396.480756199246,-266436.76329655485,102.10238778152028,0.06776365556846042
2583,84575.0,299.29527419569234,1.072409938467489,12400.125555284823,-266436.7631826229,102.13035389073795,0.06776377386480907
2584,84600.0,299.29769846473334,1.0724094159896806,12403.77029383352,-266436.7633052666,102.1582871971632,0.0677674273372018
2585,84625.0,299.3011529636513,1.0724102995617395,12407.415027034023,-266436.7635479523,102.18613295810785,0.06777490538798658
2586,84650.0,299.3015192012636,1.0724123124597313,12411.059764001411,-266436.76370546693,102.21407941579702,0.0677858815874243
2587,84675.0,299.29884978915595,1.072415181865015,12414.704461159834,-266436.7637661905,102.24193107109745,0.06779974574961359
2588,84700.0,299.29618201004337,1.0724188355864523,12418.34913899214,-266436.76386482286,102.2697005053432,0.06781545886442641
2589,84725.0,299.2905840763201,1.0724232607464577,12421.993881635386,-266436.76381131547,102.29721178648654,0.06783173075933076
2590,84750.0,299.2891228764965,1.0724283791328928,12425.638683098541,-266436.7638849155,102.32461706959995,0.0678477182554998
2591,84775.0,299.28681433333423,1.0724342406121368,12429.283528101976,-266436.7638344128,102.35176938413072,0.06786350411522633
2592,84800.0,299.28629674264135,1.0724405005784774,12432.92837622496,-266436.76378708845,102.37872490474359,0.06787832703432317
2593,84825.0,299.28622378874417,1.0724465530711869,12436.573230114362,-266436.76364801376,102.40562196504762,0.06789091852994088
2594,84850.0,299.2886630932572,1.0724517098265864,12440.218119587405,-266436.76349898265,102.43264969531157,0.067900090687219
2595,84875.0,299.2896952485885,1.0724557412686153,12443.863007666532,-266436.7631941872,102.45980133564467,0.06790593567026194
2596,84900.0,299.29155875844015,1.0724585632139618,12447.507836920415,-266436.76286428625,102.48734304184325,0.06790904915928635
2597,84925.0,299.29396745907195,1.072460235309209,12451.152653865533,-266436.76254254865,102.51496887990771,0.06791009763920963
2598,84950.0,299.29652586687274,1.0724613206361389,12454.79744219443,-266436.7622472544,102.54259323393622,0.06791039040656661
2599,84975.0,299.29774646307783,1.072462565128202,12458.442222067046,-266436.76197680697,102.57016894846163,0.06791130499999999
2600,85000.0,299.2996156351412,1.0724642502883475,12462.086971688448,-266436.76190508954,102.59770550339621,0.06791312725874663
2601,85025.0,299.2959749335136,1.0724663794517006,12465.731672981421,-266436.761769147,102.62520350871132,0.0679155877530105
2602,85050.0,299.2926106472029,1.0724687865283615,12469.376442579713,-266436.7617888459,102.65268104776548,0.06791820130618516
2603,85075.0,299.2893573093967,1.0724711338965662,12473.021196456473,-266436.761893724,102.68018280069133,0.06792036738351252
2604,85100.0,299.2835706168915,1.0724731222008925,12476.665915075875,-266436.7618923773,102.70765905143962,0.06792173781190018
2605,85125.0,299.2792255278852,1.0724748690202066,12480.310621984901,-266436.76191920886,102.73505453261711,0.06792279828600664
2606,85150.0,299.2772144654145,1.0724766091292641,12483.955299869576,-266436.761956946,102.76251662562339,0.0679242607083493
2607,85175.0,299.2802469033751,1.0724783907208557,12487.599916544601,-266436.76209204824,102.78989504000519,0.06792643328220857
2608,85200.0,299.2810329197658,1.0724800811294206,12491.244562672027,-266436.76194407034,102.81724978024795,0.0679292170691197
2609,85225.0,299.2793844707544,1.0724813535121296,12494.889174454145,-266436.7615485673,102.84440330600263,0.06793204610472539
2610,85250.0,299.2839417196485,1.072482019022083,12498.533745901055,-266436.7614306223,102.8714739664242,0.06793460717477337
2611,85275.0,299.2846164735843,1.0724819346605379,12502.178250453288,-266436.761175289,102.89859905155701,0.06793669180704438
2612,85300.0,299.28424097742146,1.0724810912106104,12505.822690513964,-266436.7609888867,102.92580539864788,0.06793817897691029
2613,85325.0,299.28211468809064,1.0724796836266228,12509.467054896833,-266436.7608737625,102.95312862190777,0.06793907268553938
2614,85350.0,299.28139161185555,1.072477930146587,12513.111495211724,-266436.76096015435,102.98057306220532,0.06793933218610577
2615,85375.0,299.2767353936043,1.0724760918705372,12516.755976134426,-266436.7609457324,103.00801763137115,0.06793900700815492
2616,85400.0,299.2740652518159,1.0724743824990417,12520.400428809702,-266436.7610347738,103.03544097465301,0.06793815259202647
2617,85425.0,299.27755799770904,1.0724729591291031,12524.044819190727,-266436.76131717983,103.0628754525084,0.0679372150496562
2618,85450.0,299.2780941968953,1.07247197836324,12527.689208073816,-266436.76127319946,103.09043854562822,0.06793664388443424
2619,85475.0,299.281472030408,1.072471333460557,12531.3335998374,-266436.76123079954,103.11797330279909,0.06793639249363866
2620,85500.0,299.280831118022,1.0724708758743453,12534.977973189618,-266436.7608821006,103.14540102963257,0.06793622001780489
2621,85525.0,299.2854177861692,1.0724701976862416,12538.622363343246,-266436.76077331783,103.17272087058237,0.06793531299262648
2622,85550.0,299.2899338996069,1.0724689777608307,12542.266738744436,-266436.7607349855,103.20001353348593,0.0679330806964036
2623,85575.0,299.29089589748565,1.0724672839176799,12545.911094501267,-266436.76064286224,103.22723907444117,0.06792950673272356
2624,85600.0,299.28671676927075,1.0724654854603144,12549.555493791995,-266436.7604080609,103.25416270984137,0.06792512533333332
2625,85625.0,299.28985757768555,1.072463685326222,12553.199854985525,-266436.76058548683,103.28097401713643,0.06792021490225944
2626,85650.0,299.28679366425666,1.0724618906230143,12556.844204896835,-266436.7604975458,103.30792911952807,0.06791499619337647
2627,85675.0,299.28271958029006,1.0724601826483986,12560.488499111487,-266436.7603614876,103.33485638165915,0.0679098540081177
2628,85700.0,299.28137371307304,1.07245870470394,12564.132724724353,-266436.76031352195,103.36167562507934,0.06790527095219982
2629,85725.0,299.2828481986067,1.0724576309252187,12567.776924266029,-266436.7603039066,103.38840331812432,0.06790174169835235
2630,85750.0,299.28627174800545,1.0724572438869853,12571.421114371464,-266436.7602736726,103.41508298251625,0.06789981996705942
2631,85775.0,299.28987397403836,1.0724579302178288,12575.065312418563,-266436.7601747558,103.44180887867286,0.06790003039513678
2632,85800.0,299.29236503139725,1.0724601264717022,12578.709520128114,-266436.75999612024,103.4684825370301,0.06790300620331688
2633,85825.0,299.29883052999327,1.0724639300177141,12582.353709002147,-266436.7600254423,103.49513017666423,0.06790902227284233
2634,85850.0,299.30449815483956,1.0724691948134062,12585.997937538137,-266436.76007286133,103.52165135104373,0.0679180292220114
2635,85875.0,299.3099655972442,1.0724756216489602,12589.64219614719,-266436.76022860216,103.54801150088527,0.06792963897319172
2636,85900.0,299.31111023423165,1.072482835924659,12593.286460265956,-266436.7603478255,103.57431344090517,0.06794332423208192
2637,85925.0,299.30685052918966,1.072490517184733,12596.9307030422,-266436.76038592093,103.60055499317676,0.06795858554460452
2638,85950.0,299.3032496392581,1.0724983232284926,12600.574975134012,-266436.7605924344,103.62665753088301,0.06797475887331061
2639,85975.0,299.298740256314,1.072505908459593,12604.219236661866,-266436.7608003918,103.65256760568192,0.0679908224747475
2640,86000.0,299.29603010791453,1.072512856619964,12607.863469660731,-266436.76108127064,103.67840924940057,0.06800553489839709
2641,86025.0,299.294759608126,1.0725187914458711,12611.507739077968,-266436.7613720384,103.7043349023468,0.06801771889982339
2642,86050.0,299.29088121881784,1.0725234776138195,12615.151979015634,-266436.7614193741,103.73028827657976,0.06802653171900619
2643,86075.0,299.289756604136,1.072526524457889,12618.796183211796,-266436.7614528472,103.75645788930923,0.06803115153807364
2644,86100.0,299.2875064197866,1.072527326906109,12622.440397418648,-266436.76124230464,103.78300238664157,0.06803074265910525
2645,86125.0,299.2955563544982,1.0725256419753055,12626.084628183544,-266436.7614104358,103.80993336822887,0.06802556941295038
2646,86150.0,299.3008200926844,1.0725217954917485,12629.72886311522,-266436.7613385365,103.83723520261942,0.06801691247953659
2647,86175.0,299.3027390377652,1.0725165227844882,12633.373073513843,-266436.7610553782,103.8647659305137,0.06800641515609265
2648,86200.0,299.304048586134,1.0725106501824555,12637.017272596322,-266436.7607733078,103.89242676922119,0.0679953817792878
2649,86225.0,299.30371764377446,1.0725048489308144,12640.66145208226,-266436.7605393461,103.92003106213846,0.06798467874213839
2650,86250.0,299.30656920608664,1.0724996715704733,12644.305662083612,-266436.76063302706,103.94764339607705,0.06797494505218159
2651,86275.0,299.30273052149414,1.0724953705379556,12647.949854836597,-266436.7605847312,103.97515481724497,0.06796638436400203
2652,86300.0,299.3018706748344,1.0724917841437334,12651.593989454828,-266436.7608491782,104.0024248898104,0.06795872320643298
2653,86325.0,299.30133871313825,1.0724886758352141,12655.238040277061,-266436.7612440025,104.02960473700087,0.06795172908816882
2654,86350.0,299.2956634833656,1.0724860089139954,12658.882074336469,-266436.7614261259,104.05690622749542,0.0679454774639046
2655,86375.0,299.29388171774684,1.0724834433985913,12662.526092643948,-266436.76172305085,104.08424311972902,0.06793940286144581
2656,86400.0,299.2937044881454,1.0724808671433916,12666.170069769914,-266436.76198425936,104.11164433546617,0.06793317224940412
2657,86425.0,299.2899903765998,1.072478139704035,12669.814015310756,-266436.76187029167,104.13919323714582,0.0679264611236519
2658,86450.0,299.28853924019137,1.0724751934311114,12673.45792954619,-266436.7616471947,104.16667174614527,0.06791926225398022
2659,86475.0,299.2898190548881,1.0724720124060119,12677.101828085963,-266436.76133904135,104.19408941353394,0.06791171842105266
2660,86500.0,299.2968972869857,1.0724683526243235,12680.74565130452,-266436.7611793814,104.22150810284366,0.06790358649630468
2661,86525.0,299.3023805375666,1.0724640130227867,12684.389418621087,-266436.7609286777,104.24889909992498,0.06789478024042077
2662,86550.0,299.30692371786296,1.0724591329327795,12688.033122688445,-266436.76074579556,104.2762972190513,0.06788571948929782
2663,86575.0,299.30770609034124,1.0724541226226194,12691.67679262625,-266436.76061485795,104.30373088000509,0.06787692830330334
2664,86600.0,299.306302916949,1.0724490680425234,12695.320441200372,-266436.7606285286,104.33114958386501,0.06786840087554726
2665,86625.0,299.3022346499134,1.0724439609902443,12698.964019246185,-266436.7607607044,104.3585256312829,0.06786002363090776
2666,86650.0,299.2984884815657,1.072438966254215,12702.607518559053,-266436.7611043133,104.38597592100997,0.06785187964004503
2667,86675.0,299.29470572988595,1.0724343904297817,12706.250932682906,-266436.7615549694,104.4134657629936,0.0678441594202899
2668,86700.0,299.2899792898723,1.0724305227925532,12709.894279045708,-266436.7619476769,104.44093750930446,0.0678371693518172
2669,86725.0,299.28711943133675,1.0724276890137296,12713.537651704244,-266436.76231469837,104.46833667877662,0.06783146292134835
2670,86750.0,299.2833112634478,1.0724261718457473,12717.180950393735,-266436.76243745565,104.49564435404977,0.0678276470735056
2671,86775.0,299.28173942352885,1.0724260849550864,12720.824205651195,-266436.7624811246,104.52274135391727,0.06782615369261481
2672,86800.0,299.2796423600209,1.0724271765806177,12724.467421462648,-266436.76228918426,104.54977799152024,0.06782667489711938
2673,86825.0,299.2832847954385,1.0724289012714998,12728.110609153451,-266436.7622035447,104.57666424657204,0.06782846247818504
2674,86850.0,299.2876827248607,1.07243073757009,12731.753851691836,-266436.7620822424,104.6034915880375,0.06783085894081002
2675,86875.0,299.28667826469945,1.0724323112854974,12735.397101167784,-266436.7617069939,104.63035974427017,0.06783342015445944
2676,86900.0,299.28732001668624,1.0724332769269047,12739.040342948445,-266436.7614813275,104.65745929062393,0.0678356319262857
2677,86925.0,299.287269937392,1.0724334536967852,12742.683677913614,-266436.7613690848,104.68466271782435,0.06783704978839934
2678,86950.0,299.28611912952687,1.072432658703493,12746.326994464847,-266436.76136963547,104.71191936269761,0.06783691800423047
2679,86975.0,299.28493711480195,1.072431092412932,12749.970256787683,-266436.7615239667,104.7390980254976,0.06783500671641796
2680,87000.0,299.2789485715538,1.0724287979609566,12753.613473017776,-266436.7615607705,104.76619498769124,0.06783091334079328
2681,87025.0,299.27750784451996,1.0724257642306703,12757.256638948294,-266436.76190770126,104.79312942294317,0.06782449602286855
2682,87050.0,299.2743885841729,1.0724222720834853,12760.899864459556,-266436.7622004909,104.81996094670154,0.06781661374083742
2683,87075.0,299.27289963785495,1.0724186666666633,12764.543072779677,-266436.7625156687,104.84674550782424,0.0678083671137606
2684,87100.0,299.267361484793,1.0724152183736777,12768.186261979265,-266436.76251512865,104.87349675133466,0.0678005258845438
2685,87125.0,299.2672220006215,1.072412112434844,12771.829482955693,-266436.76263263135,104.9002390557211,0.06779341710101766
2686,87150.0,299.270380458753,1.0724093405284671,12775.47267751879,-266436.7627769761,104.926995846173,0.067786964520531
2687,87175.0,299.2714329198919,1.0724066894841238,12779.115834264256,-266436.76273039833,104.95371089186516,0.06778074888392861
2688,87200.0,299.2720061964805,1.0724040722697377,12782.75891948853,-266436.7626110686,104.98036008491393,0.06777457357134006
2689,87225.0,299.2732875168535,1.0724016058240364,12786.402020265796,-266436.76252388296,105.00702859789352,0.06776861672862457
2690,87250.0,299.2757166347092,1.072399466740985,12790.045090392417,-266436.7625518577,105.03374196828945,0.06776311903877125
2691,87275.0,299.2777159457662,1.0723978018821165,12793.688173270677,-266436.76264487137,105.06062936540376,0.06775831463595844
2692,87300.0,299.2803601175898,1.0723967898254703,12797.331190436686,-266436.7629085735,105.08734532095565,0.06775454053719523
2693,87325.0,299.27960242873144,1.072396537490717,12800.974160146992,-266436.76311311894,105.11410194345468,0.06775201633259098
2694,87350.0,299.2827483842928,1.0723970664192917,12804.617100769323,-266436.763601635,105.14072827705637,0.06775082164502169
2695,87375.0,299.28373165281994,1.0723984196340224,12808.260049445718,-266436.76404716895,105.16727866926318,0.06775109557368947
2696,87400.0,299.2829457034987,1.0724004849833113,12811.902947492888,-266436.7644455419,105.1936511426277,0.06775270325052532
2697,87425.0,299.27952637138713,1.0724033078823787,12815.545822713488,-266436.76473437756,105.21987523239446,0.067755803434643
2698,87450.0,299.2785852573802,1.0724069018154838,12819.1887036059,-266436.76512499066,105.24620496233182,0.06776049944423866
2699,87475.0,299.2755444409886,1.0724111971604904,12822.831636520243,-266436.7653250399,105.27259593419762,0.0677667519753087
2700,87500.0,299.2787408536354,1.0724158709120044,12826.474634118224,-266436.76570377185,105.2988890513391,0.06777403369122553
2701,87525.0,299.28125411510086,1.0724205751295304,12830.117626999749,-266436.7659195984,105.32525700049355,0.06778169059955594
2702,87550.0,299.2870580372435,1.0724250133185316,12833.760634815017,-266436.7662705772,105.35180134763851,0.06778903280305838
2703,87575.0,299.2899505553511,1.0724291221646909,12837.403667018487,-266436.76647738507,105.37845572041428,0.06779571203155824
2704,87600.0,299.2887903514489,1.0724330202094852,12841.046693260996,-266436.76649078756,105.4054552073938,0.06780175391250776
2705,87625.0,299.2889692638591,1.072436764227639,12844.689668827787,-266436.76662046614,105.43264308364137,0.06780716469573791
2706,87650.0,299.2875782135215,1.0724403105528841,12848.332645518281,-266436.7667379936,105.45984220551665,0.06781195333087063
2707,87675.0,299.28905518796256,1.0724437086410603,12851.975598817819,-266436.76705758023,105.48701352178738,0.06781633444116204
2708,87700.0,299.286026026333,1.0724471778023839,12855.618559952129,-266436.767160924,105.51404874787752,0.06782080115663842
2709,87725.0,299.28402901402313,1.0724507271832684,12859.261517477731,-266436.76729084185,105.5411322119312,0.0678254083640837
2710,87750.0,299.28539238706605,1.0724545150620894,12862.904519163281,-266436.7675473533,105.56805274511258,0.06783051026681428
2711,87775.0,299.2856771778525,1.0724585443706949,12866.547522600169,-266436.7677248926,105.59500305813675,0.06783614306784667
2712,87800.0,299.2866467148308,1.072462601916694,12870.1905159667,-266436.7679273529,105.62184549281245,0.06784184199533118
2713,87825.0,299.2889676170484,1.0724664380987439,12873.833549274254,-266436.7681697958,105.64866090432334,0.06784706914762964
2714,87850.0,299.29055887342025,1.0724697155309972,12877.476604432164,-266436.76838602225,105.67565671025176,0.06785114106814003
2715,87875.0,299.29165262911243,1.0724722131811455,12881.119670964405,-266436.76862885273,105.70264387272958,0.0678536574619539
2716,87900.0,299.29054512857414,1.0724737710710308,12884.762724236898,-266436.7688378349,105.72967084664467,0.06785436191878304
2717,87925.0,299.2907275614432,1.0724743091734084,12888.405717752756,-266436.76916194166,105.7569288329655,0.06785316409124362
2718,87950.0,299.2892247940429,1.072473999264432,12892.048739034446,-266436.76942980126,105.7842983234033,0.06785046708348663
2719,87975.0,299.2888024318637,1.0724729924019574,12895.691726235902,-266436.7697281577,105.81170068137264,0.06784662487745104
2720,88000.0,299.2849707148117,1.0724712174445636,12899.33469531483,-266436.7698194664,105.83912377826789,0.06784160492466011
2721,88025.0,299.28468914401276,1.0724684959588504,12902.977636056572,-266436.77002018027,105.86659398065157,0.06783526157237332
2722,88050.0,299.28532132501016,1.0724647873668716,12906.620585905983,-266436.7701830195,105.89424043101981,0.06782771648916643
2723,88075.0,299.28572484202255,1.0724600145619154,12910.263492054082,-266436.7702847689,105.92200438521792,0.06781911111111118
2724,88100.0,299.2851640628756,1.072454498593269,12913.90631275804,-266436.77030997904,105.95000457223253,0.06781023339449548
2725,88125.0,299.282681063953,1.072448627170454,12917.54910220188,-266436.77018757246,105.97814285742245,0.06780176779163617
2726,88150.0,299.28478687825543,1.072442726928245,12921.191881049013,-266436.770245191,106.00629550201697,0.06779393497127498
2727,88175.0,299.2857529786178,1.0724370419110427,12924.83457902578,-266436.77019828634,106.03434776710665,0.06778680706256117
2728,88200.0,299.2814288492742,1.072431809698299,12928.477172232684,-266436.76981944905,106.06226847893011,0.06778045547819722
2729,88225.0,299.2790364124552,1.0724270909645877,12932.119692153232,-266436.7694759583,106.09009859914539,0.0677745653235654
2730,88250.0,299.28404161784545,1.0724227699255429,12935.76213735945,-266436.76949369273,106.11781173294284,0.0677684963993654
2731,88275.0,299.2868427459746,1.0724188005124418,12939.404514941674,-266436.7694340343,106.1455058501709,0.06776206100536855
2732,88300.0,299.2872311673384,1.0724152083180845,12943.046877020364,-266436.7693744765,106.17314960909876,0.06775539163312606
2733,88325.0,299.2875373596693,1.072411931602045,12946.689209487558,-266436.7694898047,106.20072179834196,0.06774859863447948
2734,88350.0,299.28503632650916,1.0724089573430804,12950.331505796217,-266436.7696023108,106.22818787141996,0.067741873979281
2735,88375.0,299.28198690643364,1.0724066404727064,12953.973758761327,-266436.7697892625,106.25562342288022,0.06773593835282658
2736,88400.0,299.2833067824878,1.0724051074168766,12957.615967360733,-266436.77021622076,106.28292377396187,0.06773123675557187
2737,88425.0,299.2810435553941,1.0724043444119764,12961.258149315798,-266436.77044794254,106.31002954358422,0.06772798879961049
2738,88450.0,299.2804304596577,1.072404041986123,12964.90029352683,-266436.7706990953,106.33695996227344,0.06772585761226732
2739,88475.0,299.282619385159,1.0724040250608238,12968.542427901091,-266436.77100094705,106.36389161678844,0.06772451922141126
2740,88500.0,299.28291251684385,1.0724041310957038,12972.184526008632,-266436.77110505436,106.39083892083191,0.06772352450443885
2741,88525.0,299.2846819956245,1.0724038798930189,12975.826644295405,-266436.7712174761,106.41775668964269,0.06772185679552645
2742,88550.0,299.29019262535024,1.0724026460080172,12979.468713902781,-266436.7714986913,106.44479371004991,0.06771831474055179
2743,88575.0,299.29079330369376,1.0724001449222513,12983.110720032433,-266436.7715720404,106.4718846435861,0.06771247461127315
2744,88600.0,299.2881931755928,1.0723963553126865,12986.752711521794,-266436.77151825884,106.49917326448094,0.06770439951426845
2745,88625.0,299.2843006768642,1.0723915728332087,12990.394680320465,-266436.77140219224,106.52657058096634,0.06769466448167039
2746,88650.0,299.2837941480411,1.0723862624681437,12994.036590458438,-266436.77149310417,106.5539527990536,0.06768402511831097
2747,88675.0,299.28386274345064,1.0723806141436163,12997.678491414968,-266436.7716265497,106.58131191885016,0.0676728434012616
2748,88700.0,299.28210313665664,1.0723748741360462,13001.320310135201,-266436.77166559245,106.60862747738581,0.06766153522493036
2749,88725.0,299.28116815478876,1.0723692519999966,13004.962065840848,-266436.7717188089,106.63591529696978,0.0676504681212122
2750,88750.0,299.28203561880616,1.0723638290318638,13008.603789046529,-266436.7718282598,106.66315362231924,0.06763978783472685
2751,88775.0,299.2811855425154,1.0723584915213145,13012.24550350969,-266436.7717918687,106.6902984007995,0.06762925581395357
2752,88800.0,299.2815907481544,1.072353101586145,13015.887168955805,-266436.77176151884,106.71746301719345,0.06761858953868516
2753,88825.0,299.2813572165344,1.0723477149600547,13019.528795750786,-266436.7716558919,106.74455664524335,0.06760784277414678
2754,88850.0,299.28026471881515,1.0723424739261915,13023.170392097398,-266436.77145167574,106.77159665638241,0.06759726146400492
2755,88875.0,299.28299306785283,1.0723375775278148,13026.811948509192,-266436.7713938621,106.79844883272868,0.06758723911465901
2756,88900.0,299.2830211450861,1.0723330791923555,13030.453452217507,-266436.77119551465,106.82520806504664,0.06757792649014638
2757,88925.0,299.2813353437282,1.0723287751994166,13034.094929899202,-266436.77096692333,106.85191546918065,0.06756903891708976
2758,88950.0,299.28484534553667,1.0723243223390084,13037.736483788209,-266436.771061726,106.87850806898643,0.06756004627280424
2759,88975.0,299.2851550783825,1.0723193329710112,13041.377990082972,-266436.7710929415,106.90514033913053,0.06755037500000008
2760,89000.0,299.2859320278893,1.0723136823614599,13045.019474375107,-266436.7712371247,106.93171464638425,0.06753989701798874
2761,89025.0,299.2817760929287,1.0723076498913797,13048.660914415523,-266436.77113609615,106.95831127745605,0.06752900470673433
2762,89050.0,299.28046611195646,1.072301635782359,13052.302316802028,-266436.7711247647,106.98478528978174,0.06751821196766808
2763,89075.0,299.28051440026616,1.072296069705737,13055.943712049206,-266436.7710484001,107.01132754281244,0.06750813410516168
2764,89100.0,299.2835706698019,1.0722912383363439,13059.585045972515,-266436.77095790085,107.03802111790245,0.06749932790837862
2765,89125.0,299.288582204508,1.0722872918775574,13063.226327860088,-266436.7708641548,107.06479060701383,0.06749215015666434
2766,89150.0,299.29091242621456,1.0722841267317158,13066.867633421278,-266436.7706096348,107.09165059029041,0.06748658378508621
2767,89175.0,299.2914645674382,1.0722813752408444,13070.508939847787,-266436.77036569687,107.11850593774093,0.06748227360308293
2768,89200.0,299.29027242133225,1.0722788394125404,13074.150246708923,-266436.77022923226,107.14545824136279,0.06747900938967144
2769,89225.0,299.28806740565665,1.0722763499398282,13077.791514482915,-266436.77023558214,107.17236652755726,0.06747654332129971
2770,89250.0,299.2871654909187,1.0722738619030403,13081.432783872011,-266436.77045804623,107.19927608035616,0.06747449284253586
2771,89275.0,299.2810081574082,1.0722713867243836,13085.074062318303,-266436.77051475475,107.22622027008187,0.06747248941798949
2772,89300.0,299.2765353048452,1.0722690435148423,13088.715328453542,-266436.7706584649,107.25313392979936,0.06747049873782913
2773,89325.0,299.27236863890977,1.0722672135303983,13092.35656957258,-266436.770740222,107.27991049819765,0.06746895866378282
2774,89350.0,299.2725631757366,1.0722661698498468,13095.997789976218,-266436.77089762845,107.30648530402412,0.06746804300300308
2775,89375.0,299.271597715899,1.0722660386647425,13099.63904660471,-266436.7708153154,107.33292429983197,0.06746778338136414
2776,89400.0,299.275012418318,1.0722664060736977,13103.280338069862,-266436.77075315826,107.35932560797032,0.06746748901692481
2777,89425.0,299.2805907056644,1.0722668316534647,13106.921621452728,-266436.77064728615,107.38579779553646,0.06746664266858658
2778,89450.0,299.28421261820887,1.0722667073287722,13110.562865541686,-266436.7703616855,107.41234712546489,0.06746447786973739
2779,89475.0,299.2868668826148,1.0722654950839299,13114.204102408758,-266436.77007082815,107.43886169664279,0.06746035875299768
2780,89500.0,299.2887497070607,1.0722631692436742,13117.845333438456,-266436.769902294,107.46547701642105,0.06745453709696758
2781,89525.0,299.29008579750865,1.0722600147375958,13121.486533844482,-266436.7698948788,107.49227973029005,0.06744765360651815
2782,89550.0,299.2893305703686,1.0722565364714305,13125.127705009347,-266436.76993958943,107.51925725308428,0.0674405401844533
2783,89575.0,299.286302570044,1.0722531958812227,13128.768855742223,-266436.7699702252,107.54648392959777,0.0674337880747127
2784,89600.0,299.2836455208866,1.0722503928186682,13132.409935163141,-266436.7700698029,107.57375521711556,0.06742780418910839
2785,89625.0,299.2782400887781,1.0722481531466825,13136.050947285717,-266436.7700221563,107.60098266726496,0.06742244005743007
2786,89650.0,299.2686639925855,1.0722464749431853,13139.691918073559,-266436.76967713336,107.62809805992111,0.06741772909939009
2787,89675.0,299.2712527142524,1.0722454994021966,13143.332883055,-266436.76980618486,107.65522622704454,0.06741406241033006
2788,89700.0,299.2717420770894,1.0722453091908657,13146.97384791359,-266436.76962575765,107.68234430393217,0.06741176263893876
2789,89725.0,299.2767724146962,1.0722457207885272,13150.614817388772,-266436.76953143964,107.7094139174433,0.0674106268817205
2790,89750.0,299.2812890401299,1.0722465549982052,13154.255818640393,-266436.76930758654,107.73643076400342,0.067410345276484
2791,89775.0,299.2857395407124,1.0722472594317065,13157.896827361152,-266436.7690725885,107.7634401690545,0.06740984658548241
2792,89800.0,299.28874280427345,1.0722474655686804,13161.537787886144,-266436.76884613786,107.79023902016954,0.06740843740303147
2793,89825.0,299.2909032493447,1.0722470168217577,13165.178701221786,-266436.76872448926,107.81697719231694,0.06740588153185405
2794,89850.0,299.2914602133581,1.0722458944543796,13168.81958733238,-266436.7687021301,107.84374027751946,0.0674021891472869
2795,89875.0,299.2912616642832,1.0722443037672833,13172.460493247378,-266436.76881993323,107.87059807021944,0.06739783178350031
2796,89900.0,299.28916244750417,1.0722426636872808,13176.101388454295,-266436.76897187263,107.89733285305694,0.06739364438088437
2797,89925.0,299.28457484941714,1.0722416449845096,13179.742253239338,-266436.76906774566,107.92399676316424,0.06739089575887547
2798,89950.0,299.2834514040738,1.0722418836489191,13183.38309987698,-266436.76935935323,107.95045706645237,0.06739086685721099
2799,89975.0,299.2805878170247,1.0722437994047587,13187.023905450238,-266436.76954429847,107.97663355214293,0.06739441809523818
2800,90000.0,299.27902603891556,1.0722473529691745,13190.664685783651,-266436.7697154533,108.00266664310372,0.06740159609663224
2801,90025.0,299.27748228063376,1.0722519947656404,13194.305411340354,-266436.76971844106,108.02883267309072,0.06741120128479666
2802,90050.0,299.2828206199319,1.0722570195029104,13197.94615317874,-266436.7698790156,108.0549868081818,0.06742135188488534
2803,90075.0,299.2819020379229,1.0722617523775526,13201.586866252735,-266436.7695835509,108.08123293687598,0.06743032406086552
2804,90100.0,299.2873537447424,1.072265610695184,13205.22754682567,-266436.7695516115,108.10750676755801,0.06743688045157466
2805,90125.0,299.2934800977676,1.0722685314801583,13208.868160470067,-266436.7695822422,108.13377713589935,0.06744098158707541
2806,90150.0,299.3002499769633,1.0722706648854023,13212.508758839333,-266436.76975973154,108.16026582947401,0.067443183826149
2807,90175.0,299.3015497013305,1.072272346153843,13216.149358263892,-266436.7698573404,108.18683492236475,0.06744441999050341
2808,90200.0,299.2983668031337,1.0722740789130147,13219.789942269852,-266436.76991301693,108.21344370392794,0.0674458440726238
2809,90225.0,299.29403713570673,1.072276328113876,13223.430548564655,-266436.77003222995,108.24014581209974,0.06744840877817329
2810,90250.0,299.2906292632524,1.072279531957782,13227.071197422036,-266436.7702333717,108.26687730712686,0.06745303533736521
2811,90275.0,299.2887792350649,1.0722837010431456,13230.71187784922,-266436.77046807454,108.29373136913237,0.06745984495021347
2812,90300.0,299.28917977035286,1.0722882265671259,13234.352553908047,-266436.7707633085,108.3204931102027,0.06746745467472459
2813,90325.0,299.29119046150294,1.0722925869462183,13237.993242170935,-266436.77109755954,108.34714635785366,0.06747456858564331
2814,90350.0,299.29037063966933,1.072296407696859,13241.633924355836,-266436.7712838445,108.37388342084081,0.0674803899348728
2815,90375.0,299.29122023011456,1.0722994054213986,13245.274630791553,-266436.7715376362,108.40088672916676,0.06748448532196981
2816,90400.0,299.2900367931615,1.0723014567506775,13248.915301550118,-266436.7716778537,108.42814431298079,0.06748684084723712
2817,90425.0,299.2905783998117,1.0723027169387245,13252.55597636906,-266436.77187376836,108.4554758704756,0.06748801230186904
2818,90450.0,299.288956178906,1.0723033287217663,13256.196655933314,-266436.77192175825,108.48305774494509,0.06748832446494038
2819,90475.0,299.289957609339,1.072303346808508,13259.837300916672,-266436.7720656272,108.5107650475178,0.06748786607565022
2820,90500.0,299.2898904190013,1.072303097955805,13263.47789242326,-266436.77211431897,108.53849583150189,0.06748728996809651
2821,90525.0,299.2891377270267,1.0723031002834842,13267.118462152142,-266436.77210780175,108.5661922837232,0.06748759142452172
2822,90550.0,299.28818525374993,1.0723038002125371,13270.75905314949,-266436.77207055996,108.59375860396749,0.06748959428503966
2823,90575.0,299.28981664046364,1.0723055101510832,13274.39962984113,-266436.77218391915,108.62127764471207,0.06749383722851757
2824,90600.0,299.28883523174136,1.0723084978171065,13278.040199961184,-266436.7722320367,108.64867951126851,0.06750089073746324
2825,90625.0,299.2886870402227,1.0723126619485701,13281.68077961678,-266436.77238048374,108.67588569992931,0.06751067291814118
2826,90650.0,299.29181272974984,1.0723178730102556,13285.321406553243,-266436.77276976727,108.70301136104241,0.06752296250442175
2827,90675.0,299.2899297647346,1.072323847831209,13288.96202785043,-266436.773028472,108.73015529219717,0.067537097477605
2828,90700.0,299.28695973076566,1.0723300360551404,13292.602696238606,-266436.7733249219,108.75716862849072,0.06755174455048908
2829,90725.0,299.2799219457018,1.07233619022379,13296.243428497295,-266436.7734827417,108.78417925029454,0.06756599411071859
2830,90750.0,299.278874220771,1.072342162133519,13299.884190820563,-266436.77392362873,108.8113239789239,0.06757937371953383
2831,90775.0,299.27692903766575,1.0723477771892629,13303.524941858057,-266436.7742900329,108.83849793126184,0.067591660428437
2832,90800.0,299.27728852429794,1.0723525397105516,13307.1657072125,-266436.7747473801,108.86571276526658,0.06760227815037073
2833,90825.0,299.2749432497069,1.0723560061162054,13310.806443432492,-266436.775034328,108.8928930819808,0.06761060221124451
2834,90850.0,299.27330000176465,1.072357881246323,13314.44718390218,-266436.77530838386,108.92024096660796,0.06761623668430344
2835,90875.0,299.2694463724739,1.0723580986130674,13318.087893332517,-266436.7753795515,108.94782496685482,0.06761909967089808
2836,90900.0,299.2679729337338,1.072356846551519,13321.728585503706,-266436.7754282544,108.97559838632367,0.06761955492891561
2837,90925.0,299.2693635607245,1.0723544335212565,13325.369284650817,-266436.7754569795,109.00345681242668,0.06761798567066019
2838,90950.0,299.27430185887147,1.0723511797581282,13329.009928215693,-266436.7755618075,109.03146576118361,0.06761459621932615
2839,90975.0,299.27597401549394,1.0723474069248802,13332.650528933105,-266436.7754594923,109.05954938239447,0.0676097159624414
2840,91000.0,299.2795901930081,1.0723433755719791,13336.291118111116,-266436.7755229857,109.08773501102908,0.06760374832805359
2841,91025.0,299.2792494222388,1.0723391537649516,13339.931704457313,-266436.77550048794,109.1158299600048,0.06759680717804373
2842,91050.0,299.27510137014986,1.072335108922497,13343.572249789197,-266436.77540506545,109.14375690643696,0.06758952397701967
2843,91075.0,299.2756645791149,1.0723317566807287,13347.212771502232,-266436.7756339331,109.17145911837797,0.06758284517112058
2844,91100.0,299.27550298348075,1.072329618746336,13350.853355093504,-266436.7759025974,109.19889117867613,0.06757777398945528
2845,91125.0,299.27621165917174,1.0723290556336351,13354.494038886867,-266436.7762521809,109.22620885090194,0.06757508022956205
2846,91150.0,299.2743437191205,1.0723302270225943,13358.134790697935,-266436.7765124067,109.25323627069439,0.06757528205128215
2847,91175.0,299.2730683623605,1.072332997425091,13361.775572782897,-266436.7768476458,109.28005411891395,0.06757841760299635
2848,91200.0,299.27267957458855,1.0723371758511733,13365.416381514928,-266436.77722656226,109.30666498092907,0.06758437276237285
2849,91225.0,299.27275483450387,1.0723424019883014,13369.057314275798,-266436.7775625807,109.33310083684219,0.06759258385964921
2850,91250.0,299.27179004676816,1.0723482214427662,13372.698304195379,-266436.777781244,109.35939539261086,0.06760221501227648
2851,91275.0,299.2730077279112,1.072354094086019,13376.339452505035,-266436.77804591664,109.38556348071536,0.06761211255259476
2852,91300.0,299.2716919432186,1.0723595559060615,13379.980761836558,-266436.778143429,109.41180801869386,0.06762115106905021
2853,91325.0,299.27211845853867,1.072364309390327,13383.622163045326,-266436.7783038254,109.43820371922457,0.0676286224013082
2854,91350.0,299.27125702113347,1.072368490601282,13387.263671298317,-266436.77839203866,109.4646739892587,0.06763486456509057
2855,91375.0,299.27031904960415,1.0723722118347316,13390.905248485069,-266436.7784485006,109.49132864017282,0.06764017110177413
2856,91400.0,299.2719677503218,1.0723753598179886,13394.546837823718,-266436.7785910401,109.51811760658042,0.06764437101855102
2857,91425.0,299.2746354126438,1.072377975740609,13398.188484516571,-266436.7787722419,109.5448716476558,0.06764757184511323
2858,91450.0,299.28014672169854,1.072380228284946,13401.830256589143,-266436.7791164867,109.57171687268284,0.06765005351521522
2859,91475.0,299.28065869347415,1.0723822635198113,13405.472077894998,-266436.77928502223,109.59864259184158,0.06765217738927749
2860,91500.0,299.27996242572624,1.0723843087498521,13409.113981146345,-266436.77947817184,109.62566997052323,0.06765453978795304
2861,91525.0,299.2775155809467,1.0723866589797322,13412.755976958431,-266436.77967967885,109.65269064232483,0.06765785930584683
2862,91550.0,299.2764699374792,1.072389440330653,13416.397989929805,-266436.779996405,109.67954714204225,0.06766244312492734
2863,91575.0,299.2739556323334,1.0723928717411524,13420.040094546683,-266436.7802570662,109.7063544642692,0.06766867155493493
2864,91600.0,299.26879494368916,1.0723973185572986,13423.682266367668,-266436.780320931,109.73301782908679,0.06767713868528225
2865,91625.0,299.26386877762366,1.0724030836240963,13427.324520859282,-266436.7802724018,109.75964121016526,0.06768840823447324
2866,91650.0,299.26310714137986,1.0724101382397373,13430.966860277307,-266436.7802341608,109.78600965352877,0.06770237925822589
2867,91675.0,299.26767369630505,1.0724178959786124,13434.609288552665,-266436.78028712096,109.81230033426324,0.0677175660158067
2868,91700.0,299.2720959802496,1.0724258496572536,13438.251795824808,-266436.7802486794,109.83861643813187,0.06773268037643788
2869,91725.0,299.27393971207994,1.072433694773517,13441.894377627192,-266436.78009257175,109.86505595795597,0.06774706167247396
2870,91750.0,299.2746520335549,1.0724412538023895,13445.537049085699,-266436.7799616787,109.89153102577511,0.06776054649947763
2871,91775.0,299.2735596368394,1.0724484441736284,13449.179777745603,-266436.77987246786,109.91798643686177,0.06777331104921087
2872,91800.0,299.270365418147,1.072455024480796,13452.822577645335,-266436.77983860165,109.94455824446004,0.0677851465367213
2873,91825.0,299.2662719795881,1.0724606609835283,13456.465440459422,-266436.77989672223,109.9710896725819,0.06779562178148932
2874,91850.0,299.26346164394306,1.0724650615652151,13460.108354305406,-266436.7800972254,109.99765403315955,0.06780411605797111
2875,91875.0,299.25730928419205,1.0724681030366228,13463.751287524006,-266436.7801123404,110.02423991597139,0.06781013954566538
2876,91900.0,299.2540179949031,1.0724699470513244,13467.394282617324,-266436.7801491462,110.05091341211924,0.06781383327540272
2877,91925.0,299.2536447639575,1.0724710267546886,13471.037327221002,-266436.7801598382,110.07763277183244,0.06781584491545065
2878,91950.0,299.2552616863504,1.07247142410559,13474.68041974958,-266436.7800986435,110.10456252900326,0.06781630485122159
2879,91975.0,299.2627086627325,1.0724713322916646,13478.323587181034,-266436.7802243587,110.13151052800939,0.06781562199074084
2880,92000.0,299.26856604766965,1.0724709848432237,13481.966855310788,-266436.7802534257,110.15855891345612,0.06781421358324667
2881,92025.0,299.271562962527,1.072470277238027,13485.61016835255,-266436.7801925435,110.18561787254235,0.0678119168401574
2882,92050.0,299.2725021362017,1.0724689831194336,13489.253495222585,-266436.7801471725,110.2126820373455,0.06780847878367452
2883,92075.0,299.2727901576524,1.0724667757743853,13492.896940313005,-266436.7802257668,110.23964282836353,0.06780354218677773
2884,92100.0,299.27066512328236,1.0724634042749834,13496.540441748599,-266436.78031303745,110.26674524344324,0.06779686239168121
2885,92125.0,299.2668289613085,1.072459009355507,13500.18394640415,-266436.78039500647,110.29401830699943,0.0677887638022639
2886,92150.0,299.26480535827375,1.0724539394989008,13503.827476348011,-266436.78054262983,110.32135011880858,0.06777968721856609
2887,92175.0,299.26614887569355,1.072448381348105,13507.471072405948,-266436.7807353817,110.34873719690685,0.06776972183748856
2888,92200.0,299.26809401915415,1.072442715126339,13511.114690560993,-266436.7807839906,110.3761015786317,0.0677593536402447
2889,92225.0,299.2684882850068,1.0724374722029966,13514.758316729656,-266436.7805799339,110.40329102791246,0.06774933967704738
2890,92250.0,299.26983673434904,1.072433023636571,13518.402020993673,-266436.7802443896,110.43042233287225,0.06774031050386264
2891,92275.0,299.2743880946299,1.0724294928538474,13522.045728946649,-266436.77994669386,110.45745055832194,0.06773252789303835
2892,92300.0,299.2790519682001,1.0724268532088927,13525.689493243935,-266436.7795981425,110.48443716246125,0.06772604942965788
2893,92325.0,299.27752584243365,1.0724249813407025,13529.333341123256,-266436.7790527756,110.51143952637653,0.0677207805805115
2894,92350.0,299.2793349979285,1.0724235868739183,13532.977256922524,-266436.77887564304,110.53828747910202,0.06771629717904441
2895,92375.0,299.2795605346465,1.0724226389272538,13536.621222683141,-266436.778852626,110.56491717173125,0.06771261072744024
2896,92400.0,299.27610077712677,1.072422171441719,13540.265302657248,-266436.77887092327,110.5915490489013,0.06770986215625369
2897,92425.0,299.27516870117427,1.0724219354727376,13543.909639504156,-266436.7791296261,110.6182016525191,0.06770765516448135
2898,92450.0,299.2718895929641,1.0724217138093572,13547.554248008295,-266436.7793292707,110.64487285282294,0.06770560273657593
2899,92475.0,299.2690723685068,1.0724210681609174,13551.19915623105,-266436.7795749698,110.67161467873575,0.06770292011494262
2900,92500.0,299.2662261900504,1.0724197336550592,13554.844333364028,-266436.7797624849,110.69841442249812,0.06769911007698504
2901,92525.0,299.2644574794405,1.072417603032389,13558.489772813593,-266436.7798770577,110.72517811589721,0.06769400045945334
2902,92550.0,299.2660120475381,1.0724145191181513,13562.135437237012,-266436.7799589717,110.75210560535092,0.06768733585945583
2903,92575.0,299.2698116108826,1.0724102855831017,13565.781320954331,-266436.7799861338,110.77906564967874,0.06767882816804417
2904,92600.0,299.2748130134262,1.0724046020654023,13569.42745910822,-266436.7799619173,110.80605263614471,0.06766815134825024
2905,92625.0,299.27522067894114,1.0723973787565935,13573.073824193636,-266436.7797058593,110.83321303578815,0.06765537944482689
2906,92650.0,299.2740651458559,1.0723886808852174,13576.72041158068,-266436.7794264542,110.86051338585038,0.06764081538814365
2907,92675.0,299.2731531940634,1.0723787762494248,13580.36723462163,-266436.7791702749,110.88792664832658,0.067624988078863
2908,92700.0,299.2765903615228,1.0723682579351417,13584.0143499575,-266436.7792056869,110.9153720465224,0.0676086953133953
2909,92725.0,299.2748984436437,1.0723579256586462,13587.661709851902,-266436.7790631423,110.94276455257744,0.06759293367697604
2910,92750.0,299.27171022661275,1.072348570479787,13591.309305008028,-266436.77886940975,110.96999114657059,0.0675787396083821
2911,92775.0,299.26958841975835,1.0723408754578734,13594.957172600747,-266436.7787182964,110.99718736309536,0.06756706627747262
2912,92800.0,299.27009994621915,1.0723353837967708,13598.605264410016,-266436.7786470132,111.024100953084,0.06755880581302218
2913,92825.0,299.2696606580884,1.072332388583846,13602.25360830086,-266436.77849805437,111.05072410821334,0.06755477911233138
2914,92850.0,299.26773331652475,1.0723318048027424,13605.902198630662,-266436.77823725046,111.07710462561475,0.0675552511149229
2915,92875.0,299.26974151200375,1.0723331738683106,13609.551024399307,-266436.7781619393,111.10334057304539,0.06755983310470974
2916,92900.0,299.27152975374344,1.0723360036567229,13613.200085437453,-266436.77811569883,111.12959616523838,0.06756771706090742
2917,92925.0,299.27338519728227,1.0723398405300415,13616.849455633099,-266436.77816418407,111.15579778512692,0.06757772606808325
2918,92950.0,299.27154277092717,1.0723441092839994,13620.49916480326,-266436.7781699835,111.18203990270653,0.06758809580906712
2919,92975.0,299.2731476232887,1.072347974086756,13624.149166190997,-266436.77849262155,111.20841575273985,0.06759666187214622
2920,93000.0,299.2717093561576,1.0723510157480296,13627.799463179404,-266436.7787998496,111.23491785324673,0.06760244802008454
2921,93025.0,299.2674594915593,1.0723530200775704,13631.450031925864,-266436.77905891003,111.26139156741971,0.0676052320328543
2922,93050.0,299.2637071846287,1.0723538476451115,13635.100861302442,-266436.7793293464,111.28805284650485,0.06760513365264008
2923,93075.0,299.2603419533754,1.0723536249429986,13638.751933570578,-266436.7795087577,111.31494892293674,0.06760280278157785
2924,93100.0,299.26045039965913,1.0723527396011376,13642.403265577906,-266436.7796747669,111.34193440387477,0.06759922005698014
2925,93125.0,299.26191607701173,1.0723515575301872,13646.054915199034,-266436.7796977256,111.36901930325827,0.06759516256550475
2926,93150.0,299.26267056292096,1.0723500253957388,13649.706819638095,-266436.779434038,111.3961342932469,0.06759058911285738
2927,93175.0,299.2690156304655,1.0723479305555534,13653.359009068094,-266436.77928420773,111.42328763376605,0.06758511031420773
2928,93200.0,299.27042904916453,1.0723453484693277,13657.01149770435,-266436.7787661882,111.45041759030397,0.06757884670536027
2929,93225.0,299.2746754211614,1.072342547098974,13660.664186874075,-266436.7783700839,111.47760273697395,0.06757225893060305
2930,93250.0,299.2772031022414,1.072339962242691,13664.317161502231,-266436.7779816724,111.50484998305483,0.06756603730239973
2931,93275.0,299.27821254297504,1.0723377678490202,13667.970375823457,-266436.77766372025,111.5319999268987,0.06756041120964083
2932,93300.0,299.2785478264585,1.0723360908057713,13671.623846928644,-266436.7774895376,111.55895968303227,0.06755561427434945
2933,93325.0,299.28244239002595,1.0723350549875008,13675.27761420474,-266436.7776752483,111.58582837071131,0.0675518960463532
2934,93350.0,299.28314625814977,1.0723349147075505,13678.9317203999,-266436.77786059654,111.61255935752423,0.06754971993185699
2935,93375.0,299.27863818869304,1.0723358223206156,13682.586115887503,-266436.7779367173,111.6391620849229,0.06754940701634886
2936,93400.0,299.2784854954044,1.0723377859493795,13686.240617092852,-266436.7782886281,111.66563916626953,0.06755108126205887
2937,93425.0,299.2767035652381,1.0723406478329909,13689.89512952713,-266436.77855321515,111.69221448786033,0.06755457953256193
2938,93450.0,299.2747460099817,1.0723441524327981,13693.54986257164,-266436.7787670599,111.71864962198038,0.06755950413973016
2939,93475.0,299.2776357365089,1.0723478876417212,13697.20491329775,-266436.7791563819,111.74498482006814,0.06756503299319737
2940,93500.0,299.2816308077761,1.0723514124447444,13700.86025530479,-266436.7795767746,111.77134913430817,0.0675702553553214
2941,93525.0,299.28183695694634,1.072354570926805,13704.51588141878,-266436.7797962918,111.79777972161806,0.0675748127124406
2942,93550.0,299.2815388922877,1.072357422471399,13708.171792396439,-266436.7799545329,111.82417553788662,0.06757878717861601
2943,93575.0,299.2789720670299,1.0723601711956499,13711.827975471258,-266436.7799048047,111.85056285099648,0.06758261005434792
2944,93600.0,299.2836309749868,1.0723627645727198,13715.484457826842,-266436.7801214,111.87687146960961,0.06758623757781558
2945,93625.0,299.28141809595024,1.0723651618013104,13719.141219670984,-266436.77989828086,111.90314534340361,0.06758958327675953
2946,93650.0,299.2819652472581,1.072367370206988,13722.7982574261,-266436.7797664573,111.92939263341263,0.06759262153602541
2947,93675.0,299.2855788263239,1.07236964823609,13726.455519199813,-266436.77978705673,111.95554313240628,0.06759593227046592
2948,93700.0,299.2868048129319,1.072372366225837,13730.113073762197,-266436.7797317106,111.98155820730203,0.06760038962360128
2949,93725.0,299.2904993108484,1.072375629378529,13733.770923355158,-266436.77983833686,112.00751294338995,0.0676063771751413
2950,93750.0,299.2898763256533,1.072379504009938,13737.428987363059,-266436.7798187589,112.03324198813974,0.06761410279001474
2951,93775.0,299.2878314091022,1.072383871612464,13741.087276049475,-266436.7797897844,112.05893217152226,0.06762323633694677
2952,93800.0,299.2827413585065,1.072388660684048,13744.745805427041,-266436.7796642486,112.08453050445885,0.06763329450276562
2953,93825.0,299.2821705748148,1.072393458812907,13748.404605968422,-266436.7798096045,112.11008124870244,0.06764300801173556
2954,93850.0,299.2806657000574,1.0723979036661007,13752.063675292404,-266436.7799188027,112.13571773660473,0.06765149701071636
2955,93875.0,299.27826131213453,1.072401587843931,13755.722988331547,-266436.77997028624,112.16143401330638,0.06765795252593601
2956,93900.0,299.2761413579088,1.0724042812535206,13759.38249674379,-266436.77999143704,112.18717265313954,0.06766201217450125
2957,93925.0,299.275144321502,1.0724058797610978,13763.042288515231,-266436.7800155799,112.21299594128925,0.06766371546089707
2958,93950.0,299.27346138650546,1.0724062522248488,13766.702318532742,-266436.77992568427,112.23896461856492,0.06766300180241079
2959,93975.0,299.273072472974,1.0724054472972953,13770.362650129297,-266436.77985126805,112.26508304583342,0.06766012376126133
2960,94000.0,299.2750554068455,1.0724036318811192,13774.023216815622,-266436.77984861546,112.29118363537103,0.06765543104806941
2961,94025.0,299.2758867590602,1.0724009392302478,13777.68405172318,-266436.7797572259,112.31736606909756,0.0676491681296422
2962,94050.0,299.2773565374068,1.0723975011812332,13781.345162213316,-266436.77969789505,112.34345264180457,0.06764158330520875
2963,94075.0,299.2777457560739,1.0723936205578029,13785.006537357758,-266436.7796217753,112.36952027609098,0.06763321997300951
2964,94100.0,299.2789874076458,1.0723896896008975,13788.668163643528,-266436.7795993406,112.39558838763361,0.06762487566048349
2965,94125.0,299.2783089925836,1.0723861658799712,13792.330110137693,-266436.77953774354,112.42162581332896,0.06761747965835026
2966,94150.0,299.27913132513305,1.0723835325244335,13795.992273370879,-266436.7796228367,112.4475764411865,0.06761194304010792
2967,94175.0,299.2771517183299,1.072381956311768,13799.654711252157,-266436.77960657765,112.473523097709,0.06760866138814023
2968,94200.0,299.27957863287406,1.0723815057819672,13803.317444328977,-266436.7798189319,112.49957742517134,0.06760787942068043
2969,94225.0,299.276839607184,1.0723824707070688,13806.980458690146,-266436.77975377376,112.52567409169485,0.06761017250280592
2970,94250.0,299.28293005677205,1.0723850880735983,13810.643769853157,-266436.78009835957,112.55163530057233,0.0676159010434198
2971,94275.0,299.28463852209615,1.0723890751458034,13814.307284267183,-266436.7802074216,112.57747791307774,0.06762427299237334
2972,94300.0,299.28773187622033,1.0723937689202807,13817.971079073015,-266436.78044766444,112.60332117008646,0.06763364648503203
2973,94325.0,299.2878574726529,1.0723986754090993,13821.635225984894,-266436.7806571328,112.62918201860582,0.06764287188971091
2974,94350.0,299.28377741635956,1.0724038332773091,13825.29963945011,-266436.7807572655,112.65512336224103,0.0676520551260505
2975,94375.0,299.28033021225457,1.0724090719086004,13828.964412270747,-266436.78093046317,112.68107588216859,0.0676609779345879
2976,94400.0,299.2761332000906,1.0724142058000206,13832.629496408714,-266436.78105865454,112.70696452513728,0.06766937767327295
2977,94425.0,299.2714398872855,1.0724190370494722,13836.294772981557,-266436.7810808022,112.73276882090902,0.06767696720394009
2978,94450.0,299.2704541170425,1.0724232211032767,13839.960036250444,-266436.7811484906,112.75857694237452,0.06768311894371722
2979,94475.0,299.27366581745065,1.0724264180089467,13843.625390045103,-266436.7812865312,112.78419520268469,0.06768726868008958
2980,94500.0,299.2747667832952,1.0724279921726472,13847.291066488227,-266436.78123121586,112.80989291557655,0.06768834921167402
2981,94525.0,299.27944069628984,1.0724274833445098,13850.956995757904,-266436.7813625741,112.83578771014992,0.0676857738654148
2982,94550.0,299.2790504095439,1.072425141580063,13854.62321660836,-266436.7812579573,112.86190188099242,0.06768022460610133
2983,94575.0,299.27794061316,1.0724215365281484,13858.28967638977,-266436.78118079685,112.88808470431202,0.06767286874441475
2984,94600.0,299.27825774360787,1.0724173735343367,13861.956435120628,-266436.7812025017,112.91430081306547,0.06766495086543839
2985,94625.0,299.2793076290476,1.0724134139316794,13865.623403271402,-266436.78127190116,112.94042756519326,0.06765769602589872
2986,94650.0,299.2780818843889,1.0724100405088701,13869.290630588352,-266436.78124011186,112.96661063028695,0.0676518245731504
2987,94675.0,299.27993349743514,1.0724073132530103,13872.958157734629,-266436.7813559439,112.99269135040174,0.06764751773761721
2988,94700.0,299.2805884632551,1.072405297981486,13876.625975315626,-266436.78139242984,113.01871303512895,0.06764467837626861
2989,94725.0,299.280557077147,1.0724040333333316,13880.293990014961,-266436.7813729463,113.04475972173927,0.06764317090301011
2990,94750.0,299.2784547009928,1.0724033979716912,13883.962259158276,-266436.7812110388,113.07065658676042,0.06764258832051719
2991,94775.0,299.2777281026079,1.0724031999777166,13887.63079333837,-266436.7810573956,113.09646630614988,0.06764241655525854
2992,94800.0,299.2794213139557,1.0724029175854757,13891.299646292928,-266436.7809224865,113.12255256988541,0.06764156520770695
2993,94825.0,299.2834877944788,1.0724021035404125,13894.968694641417,-266436.78088562004,113.14875997929205,0.0676391809173904
2994,94850.0,299.28494148558804,1.072400501391206,13898.637927475036,-266436.780780846,113.17516199143031,0.06763500767946586
2995,94875.0,299.2827221601033,1.0723981823542486,13902.307325659902,-266436.78054592386,113.2016822800402,0.06762944737427688
2996,94900.0,299.28092475620156,1.0723954666889095,13905.976933072983,-266436.7803866389,113.22836747870107,0.06762321332443562
2997,94925.0,299.28152313742584,1.0723926090727134,13909.646727633,-266436.7803683634,113.25513986279758,0.06761672515010013
2998,94950.0,299.28050792230835,1.0723899545404008,13913.316744040258,-266436.78025613807,113.28189019284221,0.06761048760698017
2999,94975.0,299.2789183833342,1.072387971666665,13916.986949871132,-266436.7800658507,113.30850759433349,0.06760527011111118
3000,95000.0,299.2796653141184,1.072387198600465,13920.657470247272,-266436.77995641425,113.33508817494184,0.06760205664778415
3001,95025.0,299.28134300399824,1.0723875359760144,13924.328298231645,-266436.7798641603,113.36156011980917,0.06760080413057969
3002,95050.0,299.2811548127437,1.072388554445553,13927.999379358775,-266436.7796821225,113.38791102342118,0.06760082872682881
3003,95075.0,299.2814528780524,1.0723900442742993,13931.670734341677,-266436.77953580854,113.41399933688432,0.06760182068353314
3004,95100.0,299.2843906160852,1.0723918871880185,13935.342348035629,-266436.7795568318,113.43987823771508,0.0676035834719912
3005,95125.0,299.28483391927347,1.0723941732091358,13939.014264901885,-266436.77948214486,113.46567587979612,0.06760621213129304
3006,95150.0,299.28518767941557,1.072397012748031,13942.686417215076,-266436.7794247277,113.49139995754368,0.06760984646934937
3007,95175.0,299.2835861617917,1.0724003229166652,13946.358795079366,-266436.7793537196,113.51704735449928,0.06761430862145397
3008,95200.0,299.2814209591235,1.0724037802149093,13950.031427345873,-266436.7793699666,113.54268025778238,0.06761900276946944
3009,95225.0,299.2792027877085,1.0724072874861557,13953.70428574753,-266436.77945776796,113.56847902048743,0.06762381583610196
3010,95250.0,299.276128170819,1.0724107188088106,13957.3773812387,-266436.77947777446,113.59443322284972,0.0676285526403189
3011,95275.0,299.27624694212125,1.0724140225763596,13961.050738097187,-266436.7796098446,113.62044126859247,0.06763312771137679
3012,95300.0,299.2775503157437,1.0724170053103204,13964.724347529835,-266436.77970319084,113.64648093738262,0.0676371149463437
3013,95325.0,299.27766116445565,1.0724196202167646,13968.398245915525,-266436.77968152455,113.67243607133395,0.06764036695421374
3014,95350.0,299.2783166595918,1.0724217890547247,13972.072427237941,-266436.7796372716,113.69827127374258,0.0676426953012715
3015,95375.0,299.2773376679938,1.0724233465959312,13975.746900042128,-266436.77948769537,113.72397626160495,0.0676437903404068
3016,95400.0,299.2782521742358,1.0724242954369665,13979.421648924117,-266436.77944299864,113.74974968456542,0.06764369318307377
3017,95425.0,299.2767086422584,1.072424646454604,13983.09664398301,-266436.77929993713,113.77564000033152,0.06764249116412643
3018,95450.0,299.27769524610886,1.0724242877332433,13986.771884056549,-266436.7793728346,113.80140449696385,0.0676400596223916
3019,95475.0,299.2757376577271,1.0724231534216317,13990.447409940636,-266436.77937501995,113.82741030695382,0.06763636456953649
3020,95500.0,299.27513417930135,1.072421406598255,13994.123197718545,-266436.7794903364,113.8536499169151,0.06763171609842224
3021,95525.0,299.2728273810951,1.0724193457974833,13997.799000078885,-266436.77952910983,113.87997240558146,0.06762664228987433
3022,95550.0,299.2733633485509,1.0724174883669626,14001.474778371723,-266436.7797099038,113.90626394067719,0.06762199867681119
3023,95575.0,299.2730157078933,1.072416318011462,14005.150800510048,-266436.77980217297,113.93243855985466,0.06761860548941806
3024,95600.0,299.27096143669513,1.0724160539944887,14008.827065969825,-266436.779696,113.95852494865028,0.06761691966942156
3025,95625.0,299.26831196662346,1.0724166287728556,14012.503604215482,-266436.779475194,113.98436432176706,0.06761693621943167
3026,95650.0,299.2696385126096,1.0724174665785688,14016.180374679238,-266436.7793913039,114.0101417276733,0.06761765642550387
3027,95675.0,299.2734902526429,1.0724178347644193,14019.857384506182,-266436.7793923896,114.03593284125951,0.0676177323866139
3028,95700.0,299.2763453292625,1.0724170605260246,14023.534669706522,-266436.7793338827,114.06176148706959,0.06761592384725439
3029,95725.0,299.27705915478634,1.0724146374037387,14027.21219461938,-266436.77921750286,114.0878205694171,0.06761139141914199
3030,95750.0,299.2776430011006,1.0724106209171873,14030.88989507062,-266436.7791862926,114.11400501275722,0.06760426217969875
3031,95775.0,299.2776754874679,1.0724055832233932,14034.567813104459,-266436.77920114755,114.14037435048387,0.0675953221196131
3032,95800.0,299.27600761995916,1.0724002001318809,14038.245882658111,-266436.779198276,114.16681495450064,0.06758548082206844
3033,95825.0,299.27695253702575,1.0723950951439227,14041.924161510784,-266436.7793758495,114.1932456838059,0.06757570841573289
3034,95850.0,299.27748199989105,1.0723907190554622,14045.6027151462,-266436.7795384058,114.2196705998903,0.06756686128500833
3035,95875.0,299.2777626708397,1.0723872161835732,14049.28148299332,-266436.77967482567,114.24607563647358,0.0675593730786123
3036,95900.0,299.27875848337266,1.072384536823618,14052.960468788624,-266436.7798407611,114.27234512512362,0.06755332224783238
3037,95925.0,299.27828134704936,1.07238266458196,14056.639669540613,-266436.7799242459,114.29861409688405,0.06754875652841791
3038,95950.0,299.27606802994495,1.0723816858615756,14060.319126206552,-266436.7798829473,114.32481800329069,0.06754592629154337
3039,95975.0,299.27775324364126,1.0723815027412262,14063.99887671975,-266436.7799597168,114.35078208903523,0.06754479791666676
3040,96000.0,299.2792719946298,1.0723819100076712,14067.678847344856,-266436.77996049373,114.37657067466856,0.06754506642551802
3041,96025.0,299.281090074842,1.072382615932499,14071.35906978601,-266436.77993425785,114.4023279242824,0.06754611198772748
3042,96050.0,299.28289192463666,1.072383429838973,14075.039583053142,-266436.7799274856,114.42786104743139,0.0675473412202871
3043,96075.0,299.2822475280342,1.072384546539639,14078.720302120691,-266436.77988451,114.45318057490158,0.06754880639509428
3044,96100.0,299.2806988250693,1.0723861800766266,14082.401293214356,-266436.77990900824,114.47849768856062,0.067550810071155
3045,96125.0,299.2793602688781,1.0723884673889237,14086.082543042694,-266436.7799836249,114.50361502527919,0.06755368822499462
3046,96150.0,299.2774939923431,1.0723917374466672,14089.764004991262,-266436.7800533363,114.52862864183363,0.0675582957006893
3047,96175.0,299.27542188987405,1.072396150699911,14093.445712709112,-266436.78009068617,114.55366772025384,0.06756525885826782
3048,96200.0,299.2740408094466,1.0724016362741866,14097.127682783657,-266436.7801086245,114.57882664021004,0.06757480857111631
3049,96225.0,299.2743053420774,1.0724079613114739,14100.809882536625,-266436.7801357177,114.6041634528963,0.06758673049180337
3050,96250.0,299.2769269829573,1.072414699989073,14104.492333262004,-266436.7802238147,114.62958948803684,0.0676001495684476
3051,96275.0,299.274549631827,1.0724213448012216,14108.175047303423,-266436.78004112694,114.65494872029284,0.06761378975535177
3052,96300.0,299.27684584124995,1.0724271725079142,14111.858057838861,-266436.7800923341,114.68038412512297,0.06762580347199486
3053,96325.0,299.27720876315306,1.072431651713598,14115.54132493278,-266436.78006328084,114.70602941781284,0.06763476020519546
3054,96350.0,299.27696733017007,1.0724346361156558,14119.224806038857,-266436.7800745274,114.73194009776337,0.06764020545553746
3055,96375.0,299.2737349140498,1.072436096422337,14122.908531777282,-266436.7799807128,114.75808377879595,0.0676421410340315
3056,96400.0,299.2738482418502,1.0724364563297335,14126.592485584684,-266436.78007365577,114.78435050463432,0.06764156962163351
3057,96425.0,299.2741996321134,1.0724362900588604,14130.276662587217,-266436.7801670855,114.81056593546995,0.06763986396337485
3058,96450.0,299.27472689964134,1.0724360446769081,14133.961023163904,-266436.78025467123,114.8367202390761,0.06763811670480559
3059,96475.0,299.275102561112,1.0724360305010876,14137.64559521788,-266436.7802760749,114.86277945664503,0.06763707461873647
3060,96500.0,299.2786093786354,1.0724365912011307,14141.330403545046,-266436.7804278805,114.88867646030724,0.06763744146792997
3061,96525.0,299.2789208211418,1.0724377685608517,14145.01546805804,-266436.7803616745,114.91441548345323,0.06763928358371443
3062,96550.0,299.27950407258777,1.0724395595821072,14148.700781656562,-266436.7803178988,114.94011523321377,0.06764257296767884
3063,96575.0,299.2789917554405,1.0724417441253247,14152.386372169622,-266436.78024650144,114.96576827687133,0.06764688011314195
3064,96600.0,299.28245623338864,1.0724439849918417,14156.072104846999,-266436.78041631344,114.99126659826005,0.0676513017944536
3065,96625.0,299.28121874625015,1.0724460133724705,14159.75788552611,-266436.7804231651,115.01672057632106,0.06765514003044149
3066,96650.0,299.27841996728716,1.0724478367568726,14163.443877662445,-266436.78044868854,115.0422763492013,0.06765839300076087
3067,96675.0,299.27738647142644,1.0724494044980428,14167.13005857455,-266436.7806370109,115.06774097425046,0.06766090080399835
3068,96700.0,299.27486278994337,1.0724504356467888,14170.816436183899,-266436.7807856054,115.09332788400144,0.06766211176278927
3069,96725.0,299.2749796329,1.0724505153094446,14174.503003133676,-266436.78103565745,115.11905595124877,0.06766137003257339
3070,96750.0,299.2739729264093,1.0724495847172457,14178.189745935542,-266436.7811752253,115.14485135840673,0.06765871594486061
3071,96775.0,299.27399558148966,1.0724478975694427,14181.876702112104,-266436.78128717106,115.17082381358519,0.06765468261718759
3072,96800.0,299.27239143421286,1.0724456237118976,14185.563928116082,-266436.7812330406,115.19693944820492,0.06764963477600616
3073,96825.0,299.2745073017793,1.0724429567338953,14189.251375724481,-266436.78128946474,115.22313337443083,0.06764406690522673
3074,96850.0,299.27712279078685,1.072440041084009,14192.939075132701,-266436.7812990548,115.24944889907871,0.0676383782113822
3075,96875.0,299.2801709240365,1.0724369665149527,14196.62699540563,-266436.78129654686,115.2758400374947,0.06763277026441275
3076,96900.0,299.27931747145584,1.0724339119272,14200.315143645452,-266436.7810846594,115.30225579915515,0.06762753471996542
3077,96925.0,299.27725634156474,1.0724313038769746,14204.003536659646,-266436.78082218603,115.32851618659315,0.06762324777994377
3078,96950.0,299.27843624304523,1.0724294728808037,14207.692195633015,-266436.78074097657,115.3545716952475,0.0676202065605717
3079,96975.0,299.28133857326935,1.0724287437229418,14211.381142094066,-266436.78077080275,115.38038142012999,0.06761874372294381
3080,97000.0,299.28184224515945,1.0724293811533034,14215.070344103447,-266436.7807227188,115.40601064957278,0.06761931721302616
3081,97025.0,299.2818926732651,1.072431531148603,14218.759824777975,-266436.78069704294,115.4314922301537,0.06762244851827827
3082,97050.0,299.28164224564915,1.0724351807762984,14222.449557807997,-266436.7807201843,115.45679274991903,0.06762843464158295
3083,97075.0,299.28316048422056,1.0724402276264575,14226.139568493963,-266436.780883424,115.48205463629499,0.06763726124081289
3084,97100.0,299.2845553901684,1.0724463309562382,14229.829856900285,-266436.7811264714,115.50721431853066,0.06764829821717999
3085,97125.0,299.28244534057126,1.072452776733634,14233.520369698548,-266436.7812907523,115.53218084262272,0.06766006308057905
3086,97150.0,299.28103495421755,1.0724589809955711,14237.211139686118,-266436.7815677469,115.55713906899915,0.06767128560630611
3087,97175.0,299.2809491837229,1.0724644227115698,14240.902154537906,-266436.7819333726,115.58207129641636,0.06768084272452514
3088,97200.0,299.2798504544091,1.0724688577748984,14244.593457269359,-266436.782211291,115.60710092780847,0.06768828585302697
3089,97225.0,299.279063053399,1.072472273786406,14248.285002625582,-266436.78244659456,115.63238603236259,0.06769373700107885
3090,97250.0,299.27673348398673,1.0724747819475882,14251.976800487884,-266436.7824984842,115.65781335188193,0.06769756357165975
3091,97275.0,299.2754732609971,1.0724764927770574,14255.66877803764,-266436.7824875963,115.68318521054347,0.06770002705907728
3092,97300.0,299.27896337428695,1.0724775148184056,14259.36096375581,-266436.78258762334,115.70843417480344,0.06770131124043549
3093,97325.0,299.2806988007982,1.072478055375995,14263.05335132484,-266436.78253364307,115.7337424877183,0.06770170674423626
3094,97350.0,299.28063715002787,1.0724783346257387,14266.745926733565,-266436.7823786196,115.75903126354349,0.06770150500807764
3095,97375.0,299.2794530133515,1.0724785279931077,14270.438734840242,-266436.7821781278,115.78440247491402,0.06770092872523698
3096,97400.0,299.28199600064676,1.072479083629317,14274.131737813923,-266436.7822064116,115.80970079690037,0.06770074082445388
3097,97425.0,299.2821724460952,1.0724802519905299,14277.825014580501,-266436.7821576387,115.8349336178181,0.06770142812567258
3098,97450.0,299.28427412563286,1.0724821974830574,14281.518533212131,-266436.7822638033,115.86009782488989,0.06770341357427137
3099,97475.0,299.2837313527967,1.0724850676344069,14285.212296189158,-266436.7822886085,115.88521328688186,0.06770725075268828
3100,97500.0,299.28470924798546,1.0724889810813698,14288.906254832438,-266436.7824370489,115.91029415618631,0.06771341363001193
3101,97525.0,299.2863705279399,1.0724940101010083,14292.600432051813,-266436.7826592304,115.935131669998,0.0677222004083388
3102,97550.0,299.2898685055332,1.0725000009668044,14296.29485325375,-266436.7830097573,115.95980703738331,0.0677332961650017
3103,97575.0,299.28850286834285,1.0725065078393454,14299.989523382428,-266436.7831641604,115.98442090904223,0.06774554789518909
3104,97600.0,299.28562735362414,1.0725132241545876,14303.684432072698,-266436.7832839423,116.00902093097169,0.06775811851851861
3105,97625.0,299.28785384159784,1.072519647456534,14307.379589402037,-266436.78368210257,116.0338659308866,0.06776990534449462
3106,97650.0,299.28768345821356,1.072525549511853,14311.075013029202,-266436.7839715147,116.0588030317564,0.06778050820727399
3107,97675.0,299.2883476552991,1.072530879987128,14314.770689283803,-266436.7843124729,116.0838488977908,0.067789940905191
3108,97700.0,299.2823422950583,1.0725357159858457,14318.466485661645,-266436.7843081287,116.10903152782261,0.06779835874343314
3109,97725.0,299.2801492568069,1.0725399350482296,14322.162261156716,-266436.7844659248,116.13424268906769,0.06780544737406226
3110,97750.0,299.27971969741867,1.0725434820529287,14325.858128510787,-266436.78463895846,116.15949232379745,0.06781099817850647
3111,97775.0,299.2787591062563,1.0725464356255339,14329.554233247127,-266436.7847120899,116.18476194226668,0.06781514781491012
3112,97800.0,299.2800906669888,1.0725487142092283,14333.250569184727,-266436.78482033464,116.20996097644306,0.06781780190598574
3113,97825.0,299.28294281973973,1.0725504323485318,14336.947129741402,-266436.7849099599,116.23521902793853,0.06781927660029981
3114,97850.0,299.28423374018286,1.0725517991439253,14340.643912086482,-266436.7848580076,116.26033301466043,0.06782004579989308
3115,97875.0,299.2880725870784,1.0725531179931518,14344.3409332022,-266436.78495324275,116.28544386275158,0.06782072710740274
3116,97900.0,299.28799690332676,1.0725547112608258,14348.03824721069,-266436.7849302999,116.31057127366076,0.06782194203828476
3117,97925.0,299.28839445959045,1.0725565184947599,14351.735757865958,-266436.7850393477,116.33561282969872,0.06782362892880059
3118,97950.0,299.286839897404,1.0725583660361209,14355.433476769816,-266436.78514134214,116.36058736977684,0.06782550967190347
3119,97975.0,299.2860694360052,1.072560107158118,14359.131416279508,-266436.78534346214,116.38556934177369,0.06782738653846161
3120,98000.0,299.28673983306726,1.0725619072946688,14362.829558102872,-266436.7856078439,116.41058900726283,0.06782970052333662
3121,98025.0,299.28379618940943,1.0725641463805236,14366.527891239291,-266436.7856496746,116.43565598302389,0.06783323862908401
3122,98050.0,299.2836731712039,1.0725669899669104,14370.226453619725,-266436.78577069886,116.4605791181558,0.06783825178781096
3123,98075.0,299.281918894794,1.0725705687153204,14373.925246757597,-266436.78570385964,116.48546466976117,0.06784490877080675
3124,98100.0,299.2855554167476,1.0725748249599982,14377.624283712448,-266436.78577886237,116.51025437237352,0.06785296053333342
3125,98125.0,299.2874271178299,1.072579535828533,14381.323589085541,-266436.78569612384,116.53485088366408,0.06786177713798261
3126,98150.0,299.28983573009367,1.0725841993390879,14385.023193642597,-266436.78562948795,116.55949416128364,0.06787020839995746
3127,98175.0,299.29306046590034,1.0725883744671763,14388.723025653899,-266436.7856850457,116.58419448273676,0.06787731841432235
3128,98200.0,299.29010150644604,1.0725917903483522,14392.423072665515,-266436.785521501,116.6088135068714,0.06788258517098124
3129,98225.0,299.2880141876474,1.0725943610223623,14396.123359089372,-266436.7854295158,116.63338997348264,0.0678859315228968
3130,98250.0,299.2845948408398,1.0725961919514513,14399.823856031,-266436.78523976647,116.6581101944003,0.06788767763227946
3131,98275.0,299.2831024038962,1.0725974017667075,14403.52456477152,-266436.78507014725,116.68291525180949,0.067888181885909
3132,98300.0,299.2840443798286,1.0725983007766766,14407.225493822873,-266436.7849242089,116.70780869528694,0.06788811565060122
3133,98325.0,299.282991546374,1.0725989321420955,14410.926661979067,-266436.7845975688,116.73274642884515,0.06788762507977036
3134,98350.0,299.28491772216995,1.0725990484848464,14414.628113401828,-266436.78433350904,116.75770946443401,0.06788636044657106
3135,98375.0,299.2869422711531,1.0725985273171748,14418.32981590457,-266436.78402950015,116.78280943261076,0.06788416241496609
3136,98400.0,299.28775188120375,1.0725971601317588,14422.031728171947,-266436.7836722415,116.80793116459483,0.06788065933482104
3137,98425.0,299.28915567314726,1.0725945881665584,14425.733873584257,-266436.78344434634,116.83323734310623,0.06787521446781399
3138,98450.0,299.2862316572166,1.0725906113411894,14429.436254801763,-266436.78311133,116.85877865987065,0.06786750929170658
3139,98475.0,299.2842896941622,1.072585443524414,14433.138836136646,-266436.7828800108,116.88455697717643,0.06785790615711261
3140,98500.0,299.2831047359661,1.0725795205348594,14436.84164164196,-266436.78274466726,116.91039823877767,0.06784711917648316
3141,98525.0,299.2833588487172,1.0725732185444494,14440.544648561236,-266436.7827193796,116.93624855951644,0.06783575981328249
3142,98550.0,299.28332854777904,1.0725669826068491,14444.247920109683,-266436.7827106911,116.96231079393382,0.06782447735708991
3143,98575.0,299.2827289010823,1.072561284457165,14447.951396956234,-266436.78270761843,116.98835377809606,0.06781400116624266
3144,98600.0,299.279274580711,1.0725563657657635,14451.655049576491,-266436.7825819591,117.014295420138,0.06780485161632228
3145,98625.0,299.27792721477095,1.0725525243695677,14455.358892892795,-266436.7825306428,117.04017798357724,0.06779782294977758
3146,98650.0,299.2772272806915,1.0725501909755302,14459.062987817519,-266436.78241890337,117.0658897994918,0.06779408134731499
3147,98675.0,299.277042011119,1.0725494356204976,14462.767340433735,-266436.7822265628,117.09146877657794,0.06779410292249055
3148,98700.0,299.2781119969311,1.0725500476341674,14466.471899487902,-266436.7819869917,117.11688213729249,0.06779746469778775
3149,98725.0,299.27889389873104,1.0725517570370349,14470.176710543832,-266436.7816638132,117.1422109520637,0.06780329037037046
3150,98750.0,299.28167284026324,1.072554372368558,14473.881790898782,-266436.7814443059,117.16741987548949,0.0678107494975141
3151,98775.0,299.2831969476532,1.072557618866326,14477.587111415312,-266436.78121923626,117.1924951475256,0.06781894458544847
3152,98800.0,299.2825666794596,1.0725609805476244,14481.292729901912,-266436.78098898794,117.21757250787633,0.06782665038587597
3153,98825.0,299.28320999883834,1.0725640355104606,14484.998640060685,-266436.7809732604,117.24261714700931,0.06783308232931735
3154,98850.0,299.27995082556873,1.0725662798732147,14488.704756590723,-266436.78090835403,117.2676654402538,0.0678373353407291
3155,98875.0,299.2774108156959,1.0725674095901963,14492.411088694043,-266436.7809796069,117.29287186153383,0.06783900792141961
3156,98900.0,299.27533978671823,1.0725672427409965,14496.117383736479,-266436.7811301264,117.31813084901302,0.067837952275367
3157,98925.0,299.27372088442144,1.072566004010975,14499.823649848553,-266436.7813013903,117.34347821817629,0.067834758285835
3158,98950.0,299.27107855038605,1.0725638478421418,14503.52997122161,-266436.7813978701,117.36890776469369,0.0678298073229926
3159,98975.0,299.268631574368,1.0725609390295336,14507.236288326074,-266436.78140622017,117.39450151529559,0.06782344736286929
3160,99000.0,299.2680147090592,1.0725577207634691,14510.94260866521,-266436.7813287402,117.42021984772775,0.06781646788990835
3161,99025.0,299.2707109709053,1.0725547316044675,14514.648958945621,-266436.7812275291,117.44601552203271,0.06780975342610171
3162,99050.0,299.27908172325937,1.0725520792496552,14518.355378894315,-266436.78128826764,117.47171664464139,0.06780350384655927
3163,99075.0,299.2822420789094,1.072549662663293,14522.061858478315,-266436.78106317273,117.49723645101162,0.0677976038769491
3164,99100.0,299.281033024856,1.0725475002632943,14525.768312234244,-266436.7806458697,117.52263270300182,0.06779214555028971
3165,99125.0,299.2825384622034,1.072545691619286,14529.474754448216,-266436.78044852574,117.54802705001076,0.06778737997473161
3166,99150.0,299.28090269424354,1.072544768866433,14533.181179020014,-266436.78016669094,117.57352801294624,0.0677843324913168
3167,99175.0,299.2819150740749,1.0725450540824895,14536.88764043499,-266436.78012029524,117.59898055986976,0.06778375273569032
3168,99200.0,299.28106566477413,1.0725466568843989,14540.594123859697,-266436.78011182114,117.62440759987402,0.06778590806773964
3169,99225.0,299.279100904943,1.072549608096738,14544.300626426515,-266436.78015483456,117.64965684763432,0.06779082187171406
3170,99250.0,299.2792332857151,1.072553910963942,14548.007140225287,-266436.78037552367,117.67484252538657,0.06779844623147281
3171,99275.0,299.27744434867674,1.0725593558217716,14551.713675109831,-266436.78052012826,117.69972780622135,0.06780835403530903
3172,99300.0,299.2765483446799,1.072565485134991,14555.42019063023,-266436.7807053521,117.72456838218324,0.06781962968799252
3173,99325.0,299.27725461793824,1.0725717414408715,14559.126687442256,-266436.7809530927,117.74951163453079,0.0678311858853183
3174,99350.0,299.27542303580134,1.0725776052493416,14562.83318962931,-266436.78104860807,117.7746160267719,0.06784202582677173
3175,99375.0,299.2763322894634,1.0725825321158668,14566.539733338494,-266436.781281832,117.79977589105818,0.06785115291771629
3176,99400.0,299.2758208482853,1.072585946700239,14570.246293963713,-266436.78142170643,117.82526759374697,0.06785766068618203
3177,99425.0,299.27452733731985,1.0725875242290726,14573.95288351774,-266436.7814831769,117.85101740885278,0.06786115145794008
3178,99450.0,299.27505566719174,1.072587136625771,14577.659504604502,-266436.781591315,117.87705904928201,0.06786142382300522
3179,99475.0,299.2753837649903,1.0725848644654066,14581.366117257248,-266436.78164028825,117.90327096907782,0.06785853920335438
3180,99500.0,299.27466777784844,1.0725807172796793,14585.072693433003,-266436.78160513105,117.9298249563033,0.06785241066750505
3181,99525.0,299.27578497852585,1.072574869369367,14588.779258001063,-266436.78162410675,117.95665009668997,0.06784325068091354
3182,99550.0,299.27264778448085,1.072567990784373,14592.485847808266,-266436.7814192485,117.98350296805974,0.06783205414179502
3183,99575.0,299.27352273900834,1.0725608691373512,14596.192406495828,-266436.781376703,118.01036489949776,0.06782003308207714
3184,99600.0,299.2708179734179,1.0725539840920961,14599.898928995828,-266436.7810899851,118.03726728822633,0.06780802993197288
3185,99625.0,299.2707997017166,1.072547370579617,14603.605428834813,-266436.78091490123,118.06417610786802,0.06779629828415995
3186,99650.0,299.2739375237954,1.0725409667398786,14607.311946618045,-266436.7808775319,118.09105552107548,0.06778491015584152
3187,99675.0,299.2757453893777,1.0725349091384337,14611.01848795338,-266436.78079725616,118.11793188854062,0.06777420033458811
3188,99700.0,299.27627810264534,1.072529375457299,14614.725004569264,-266436.7807064647,118.14478255419698,0.06776463426361459
3189,99725.0,299.27773352831844,1.0725243283176573,14618.431536773473,-266436.7807126738,118.17159284002116,0.06775642163009411
3190,99750.0,299.2776095993949,1.0725198855113318,14622.138091071467,-266436.78072299,118.19823300752142,0.06774993680142075
3191,99775.0,299.27513011226057,1.0725160234962385,14625.844672317058,-266436.78064191795,118.22474599018406,0.06774525229741027
3192,99800.0,299.2723851616043,1.0725126961060634,14629.551268412584,-266436.78055724845,118.25113050694253,0.06774224188328642
3193,99825.0,299.2719573006687,1.072509793780002,14633.257841583922,-266436.78057535435,118.27736540711777,0.06774050344395749
3194,99850.0,299.27357022149266,1.0725073539906083,14636.964412477324,-266436.780653356,118.30352979081924,0.06773983328116856
3195,99875.0,299.27097355872,1.0725057084897767,14640.670965995008,-266436.7804914013,118.32965538850671,0.06774037911973306
3196,99900.0,299.26664455322776,1.0725051924721072,14644.377499346381,-266436.7801879929,118.35566378500702,0.06774235241372126
3197,99925.0,299.2679128578286,1.0725058062330601,14648.084040582356,-266436.78009834,118.38160651271654,0.06774565968313535
3198,99950.0,299.2700937967081,1.0725073393768865,14651.790566170588,-266436.78002582025,118.40743461310853,0.0677498386995937
3199,99975.0,299.272358650105,1.0725093799999978,14655.497095265744,-266436.78003004333,118.43318666187525,0.06775396885416674
3200,100000.0,299.27289976361635,1.072511632094135,14659.203574452478,-266436.78006890987,118.45897918889956,0.06775746902009795
3201,100025.0,299.2686197039358,1.0725139892775326,14662.910036331372,-266436.779989602,118.48476548625885,0.06776045950447644
3202,100050.0,299.2682818609645,1.0725163058590883,14666.616533033215,-266436.7801953045,118.51050590446482,0.06776306941409102
3203,100075.0,299.26607012619723,1.0725184791926736,14670.323074629854,-266436.7803290196,118.53625537234733,0.06776537640449445
3204,100100.0,299.26557963910636,1.0725204105044182,14674.029712661588,-266436.78050480795,118.56220298710375,0.06776732542901723
3205,100125.0,299.2644337276989,1.0725221469120378,14677.736368137363,-266436.78059999517,118.58826389134981,0.06776904096485763
3206,100150.0,299.26680588317305,1.0725236114748964,14681.443052413175,-266436.7808057257,118.61421969078084,0.06777030163184707
3207,100175.0,299.26886956629346,1.0725248548420594,14685.149719476221,-266436.78097304876,118.64019940076918,0.0677710822942644
3208,100200.0,299.26773594868683,1.072525958034692,14688.856313795382,-266436.78097659326,118.66622009691518,0.06777151199750708
3209,100225.0,299.2684640318804,1.0725270100726874,14692.562894191085,-266436.7810700792,118.69226658245094,0.06777181484942894
3210,100250.0,299.26774682767655,1.0725278640091331,14696.269679996172,-266436.7810465736,118.71841691062001,0.06777178833177626
3211,100275.0,299.2691971809888,1.072528374117889,14699.976672706323,-266436.7810725039,118.74455739196789,0.06777117839352435
3212,100300.0,299.26985597520576,1.072528567589997,14703.68388619132,-266436.7810148863,118.77074399315308,0.06777000363108214
3213,100325.0,299.27315934609084,1.0725283037751483,14707.391295710137,-266436.7810941515,118.7969520509233,0.067767981331674
3214,100350.0,299.27293822986087,1.0725275276308948,14711.09890592474,-266436.7810572269,118.82327116039426,0.06776502954898919
3215,100375.0,299.2714634808259,1.0725263004767807,14714.806715403827,-266436.7810570292,118.84978362479298,0.06776129011194038
3216,100400.0,299.27021261558474,1.0725248204331135,14718.514711164038,-266436.7811685293,118.87626369661201,0.06775711636099893
3217,100425.0,299.2670968745606,1.0725234292521213,14722.22290663633,-266436.7811967357,118.90267362399032,0.06775311249223127
3218,100450.0,299.2658830936117,1.072522536502017,14725.93127229027,-266436.7813274312,118.92909808553408,0.06775001294397853
3219,100475.0,299.2661724435826,1.0725225745341593,14729.639834226205,-266436.7815104107,118.95539399503133,0.06774861790890276
3220,100500.0,299.26466989340867,1.0725238546000184,14733.348594866724,-266436.7815929576,118.98144672689668,0.0677495298561524
3221,100525.0,299.26374219253137,1.0725263155390006,14737.05752997436,-266436.7817013304,119.00736415290737,0.06775266480446934
3222,100550.0,299.26477165560124,1.072529820146859,14740.766688900007,-266436.7818983033,119.03314331688931,0.06775777391664087
3223,100575.0,299.2643100561423,1.0725342526881698,14744.476092483888,-266436.7819954874,119.05876062882575,0.0677647427626138
3224,100600.0,299.2672555228949,1.0725393472868197,14748.185730260067,-266436.78225545574,119.08438729012948,0.06777316878552979
3225,100625.0,299.2684868162852,1.0725448275470117,14751.8955745213,-266436.78241766937,119.11007755135388,0.06778259692085148
3226,100650.0,299.2678033564723,1.07255062638157,14755.60565592089,-266436.7824843733,119.13574147040624,0.067792967358744
3227,100675.0,299.2665901596456,1.072556872779841,14759.315937585723,-266436.78252168413,119.16151698636955,0.06780457135481213
3228,100700.0,299.266877800868,1.0725636100960028,14763.026433840007,-266436.78264627967,119.18727494291346,0.06781744275833598
3229,100725.0,299.26608735221964,1.0725706420020618,14766.737256140366,-266436.7827348993,119.21299577709006,0.06783099638802896
3230,100750.0,299.26726896347964,1.0725777276384998,14770.448299957201,-266436.78290834517,119.23870708923994,0.06784449726606837
3231,100775.0,299.26631016429536,1.07258475082508,14774.159535985267,-266436.78296298964,119.26434566986414,0.0678576161303631
3232,100800.0,299.2669131838342,1.0725915976904812,14777.871029516873,-266436.78309892624,119.29007055634631,0.06787020785648011
3233,100825.0,299.2681107311903,1.0725982099567075,14781.582779029804,-266436.78327601345,119.315852212843,0.06788239064110499
3234,100850.0,299.26641780618326,1.0726045325090137,14785.294769885642,-266436.7833398396,119.34176582215382,0.06789440154559512
3235,100875.0,299.2646965299761,1.0726103649567345,14789.007053489098,-266436.7834384187,119.36767393613543,0.06790609250103015
3236,100900.0,299.266508376996,1.0726155659561298,14792.719531333863,-266436.7837233379,119.3936665750183,0.06791732488930086
3237,100925.0,299.26640094049907,1.0726202032118568,14796.432235810289,-266436.783930012,119.41968989499719,0.06792820177064038
3238,100950.0,299.26222297736007,1.0726245348358523,14800.14514627078,-266436.7839600645,119.44561866481452,0.0679390168776372
3239,100975.0,299.2601161747951,1.0726285836419729,14803.858293559892,-266436.78407962347,119.47148563035007,0.06794931337448566
3240,101000.0,299.2606940765204,1.0726323553429986,14807.571655935839,-266436.7842869319,119.49733161668237,0.06795855466419837
3241,101025.0,299.25897520666337,1.0726359589759384,14811.285251077232,-266436.78431450576,119.52322962554007,0.06796657443964639
3242,101050.0,299.2613640886019,1.0726395901942622,14814.999043577876,-266436.7844682937,119.54903576071565,0.06797367766471382
3243,101075.0,299.26227881781836,1.0726433242909965,14818.713020615716,-266436.7844653861,119.57489534227318,0.06798017858610776
3244,101100.0,299.2636590531082,1.0726471959938344,14822.42717064963,-266436.7844411612,119.60075421931204,0.06798630806368781
3245,101125.0,299.2657478716377,1.0726513340521644,14826.14154490441,-266436.7844577529,119.62658361439749,0.0679926347299241
3246,101150.0,299.26743660856255,1.0726559042192771,14829.85612501254,-266436.78451186075,119.65240457468461,0.06799989970228938
3247,101175.0,299.2647194219015,1.0726611244868614,14833.570978011408,-266436.78441392054,119.67823417970061,0.06800891348522176
3248,101200.0,299.2652854032018,1.0726669632707477,14837.286011843149,-266436.784535862,119.70397572022189,0.06801985287780864
3249,101225.0,299.26159030051366,1.072673527487177,14841.000997413248,-266436.78451996605,119.72959086748746,0.06803292256410265
3250,101250.0,299.258877909362,1.0726810057418206,14844.716111060101,-266436.7846245764,119.75496069916977,0.06804836860453202
3251,101275.0,299.2577519813456,1.0726893904264019,14848.431482802804,-266436.78487912985,119.78040084419872,0.06806601568265691
3252,101300.0,299.2558262542277,1.0726986414591635,14852.147094990794,-266436.785099579,119.80578799385212,0.06808551613894874
3253,101325.0,299.2528638924409,1.0727087579389445,14855.862924584324,-266436.78520143137,119.83096331151431,0.06810677760704782
3254,101350.0,299.25408459221796,1.0727196718893985,14859.57899337462,-266436.78540141793,119.85610158382005,0.06812970087045579
3255,101375.0,299.25447604873136,1.0727311696355422,14863.295351249199,-266436.78546084824,119.88119501095441,0.06815389823914832
3256,101400.0,299.25638197073056,1.072742689386959,14867.011944523198,-266436.78552890115,119.9063652358001,0.06817803213591248
3257,101425.0,299.2556333143041,1.0727537377736829,14870.728817652054,-266436.7854194295,119.93158145293664,0.06820091784325771
3258,101450.0,299.25659464119957,1.0727639182775879,14874.445953979459,-266436.78540067957,119.95677492840368,0.06822160969622593
3259,101475.0,299.25480040398855,1.072772979345601,14878.163348288157,-266436.78529229795,119.98219378272012,0.06823956288343566
3260,101500.0,299.25409919298863,1.0727808859245607,14881.88093954893,-266436.7853432661,120.00775584953519,0.06825482602473687
3261,101525.0,299.2535461070926,1.072787522992027,14885.598736981217,-266436.7855155519,120.03329071541005,0.06826723840179857
3262,101550.0,299.251452512617,1.0727931685565406,14889.316736871098,-266436.78573452076,120.05896548053965,0.06827746736132402
3263,101575.0,299.24667184814217,1.0727983577410107,14893.034960749917,-266436.78592542536,120.08467262448966,0.06828663674428112
3264,101600.0,299.2431832774893,1.0728033861153625,14896.753396164493,-266436.7862261614,120.11038513302734,0.0682953306789179
3265,101625.0,299.2394112791394,1.0728086363543554,14900.47203369455,-266436.7864872385,120.13610001479923,0.06830430046948364
3266,101650.0,299.2377023916955,1.0728144757677764,14904.190907535274,-266436.78677582805,120.16186701061143,0.06831439995918792
3267,101675.0,299.23857661689186,1.0728210248877983,14907.910045022973,-266436.7870524897,120.18763797878445,0.06832602203182382
3268,101700.0,299.2392526348534,1.072828423473027,14911.629380466426,-266436.7871599725,120.21325089232208,0.06833963770775985
3269,101725.0,299.2438812227327,1.0728367302752269,14915.348977361797,-266436.78730633436,120.23874579643248,0.06835555677879722
3270,101750.0,299.2491354544999,1.0728455902374374,14919.068809369737,-266436.7873884555,120.2641293623767,0.06837305411189247
3271,101775.0,299.2514487107791,1.0728544643439255,14922.788876254097,-266436.7873466982,120.2895493528935,0.06839085890383056
3272,101800.0,299.25231736612767,1.072863007434563,14926.509160684715,-266436.78733454633,120.31506124961837,0.06840810948161735
3273,101825.0,299.2481711191211,1.0728712469965358,14930.229636777256,-266436.7871985906,120.34076104276143,0.06842493972714322
3274,101850.0,299.24632167572594,1.07287933587786,14933.950298957274,-266436.7872898787,120.36633040285015,0.06844171603053444
3275,101875.0,299.24412301974024,1.0728874508546982,14937.671213244426,-266436.7874155311,120.39193491015494,0.06845882264957273
3276,101900.0,299.2399480803588,1.0728957378700004,14941.392403795262,-266436.78743460245,120.41748922551142,0.06847652954938468
3277,101925.0,299.23932613280533,1.0729043324181384,14945.113801189162,-266436.7875785364,120.44298874578023,0.06849510484034989
3278,101950.0,299.2399057892658,1.0729133316051616,14948.835445767534,-266436.78768185235,120.468379883603,0.06851455138761826
3279,101975.0,299.2444502944113,1.0729228511178834,14952.557314847178,-266436.78788659326,120.49353762286614,0.06853490650406513
3280,102000.0,299.24680414568803,1.0729328850960047,14956.279367131387,-266436.78795285115,120.51856271837883,0.0685560178807275
3281,102025.0,299.25037920952747,1.0729431201503121,14960.001602222144,-266436.7880783788,120.54357259740026,0.06857707993093651
3282,102050.0,299.2503011930153,1.0729534357802795,14963.72401848241,-266436.7880957435,120.56856429576636,0.06859795349781712
3283,102075.0,299.24946483120254,1.0729637895858681,14967.446697409487,-266436.7881883511,120.59348453024796,0.06861887251319537
3284,102100.0,299.24944977869177,1.0729740385591042,14971.1696592121,-266436.788417203,120.61837262029456,0.068639825469305
3285,102125.0,299.2495031202077,1.0729839041387677,14974.892862175719,-266436.78872434376,120.64338721079358,0.06866031172651661
3286,102150.0,299.2485392178286,1.0729932315180988,14978.616282923258,-266436.7890107868,120.66835134154782,0.06867997170672353
3287,102175.0,299.24770835959123,1.0730019386658527,14982.339913002965,-266436.7893143893,120.69331833982187,0.06869840855636666
3288,102200.0,299.2459734698498,1.0730100258437185,14986.063747451226,-266436.78955550684,120.7184057284892,0.06871533860342564
3289,102225.0,299.2450185316117,1.0730175780141815,14989.787726379052,-266436.78975437564,120.74352378723434,0.0687307341438704
3290,102250.0,299.2467627289585,1.0730248465511973,14993.511673188721,-266436.79000011535,120.76874399797455,0.06874505246632237
3291,102275.0,299.2484446232288,1.0730318280680406,14997.235761228761,-266436.79014797445,120.79387518448793,0.06875827865532613
3292,102300.0,299.2508740691373,1.0730384888146545,15000.960061836648,-266436.7902665969,120.8189522929449,0.06877059661909109
3293,102325.0,299.252165824429,1.073045090568708,15004.684589283266,-266436.79027936683,120.84402449241072,0.06878295213519538
3294,102350.0,299.25373491219096,1.073051957814868,15008.409316580803,-266436.7903001316,120.86900791482071,0.06879623490136579
3295,102375.0,299.255208644216,1.0730591499797706,15012.134288988393,-266436.7903307497,120.89393536033603,0.06881047613268616
3296,102400.0,299.2554202774247,1.0730669081993702,15015.859589889618,-266436.790364788,120.91885942270778,0.06882606147002333
3297,102425.0,299.254876085305,1.0730753999393543,15019.5851234036,-266436.7904289528,120.94383098817491,0.06884326177481309
3298,102450.0,299.251996102254,1.0730847047590149,15023.310877302538,-266436.7904420986,120.96888114297288,0.0688622666464586
3299,102475.0,299.2505613591927,1.0730949263636334,15027.036857514566,-266436.7905652751,120.99378955777804,0.06888342050505057
3300,102500.0,299.2504467103916,1.073106035039884,15030.763021653158,-266436.7907686657,121.01856839341642,0.06890672987983447
3301,102525.0,299.24962634433757,1.0731181470825732,15034.489382178599,-266436.7909464119,121.04322159670934,0.06893265051483956
3302,102550.0,299.2481784549408,1.073131415178118,15038.215907355758,-266436.79108610406,121.06783070612602,0.0689616977495207
3303,102575.0,299.24680377512186,1.0731455896892625,15041.94266498842,-266436.7911792097,121.09241253672344,0.06899324011299442
3304,102600.0,299.2459650686846,1.0731603530005014,15045.669644495432,-266436.79119664413,121.1169382389312,0.06902647453353511
3305,102625.0,299.2484508597508,1.0731754208509752,15049.396921658825,-266436.79130973894,121.14139661958086,0.0690606728171003
3306,102650.0,299.2509991146062,1.0731904283842326,15053.124537648344,-266436.79139521025,121.16604943161002,0.06909481292208454
3307,102675.0,299.250802835551,1.0732047895001986,15056.852396737626,-266436.7913489395,121.19066054756176,0.0691271505441355
3308,102700.0,299.2517736588101,1.0732179415734835,15060.580452810336,-266436.79139650415,121.21539607444372,0.0691560755515262
3309,102725.0,299.2518088402828,1.0732296883182246,15064.308726654705,-266436.7914609082,121.24030508227621,0.06918117180261839
3310,102750.0,299.25042679351736,1.0732399360716773,15068.037238777732,-266436.79151124187,121.26530607349268,0.0692023882009464
3311,102775.0,299.2468689600451,1.0732486703904962,15071.766012624921,-266436.79147403955,121.29039356944473,0.06921989623590988
3312,102800.0,299.2453151902614,1.0732560550357149,15075.495028898202,-266436.7914908232,121.31566601961998,0.06923432518362013
3313,102825.0,299.24315000633754,1.0732623151277378,15079.224273556147,-266436.7914076532,121.34115904244648,0.0692463676322672
3314,102850.0,299.2451950056318,1.0732675020613343,15082.95372850158,-266436.7914882006,121.36677539386656,0.06925625761689297
3315,102875.0,299.2465770068364,1.073271644752711,15086.683453321895,-266436.79150009627,121.39244658393676,0.06926413952553283
3316,102900.0,299.24587268294727,1.073274797206308,15090.413342003638,-266436.7913925196,121.41814040890392,0.0692701797809266
3317,102925.0,299.24581534890575,1.0732771056861534,15094.143479418246,-266436.7912762747,121.44394825838889,0.06927467510548528
3318,102950.0,299.2448554702228,1.073278730440893,15097.873837586343,-266436.7910959106,121.46984087044319,0.06927776820327414
3319,102975.0,299.2426516447799,1.073279813855419,15101.604445964378,-266436.79083727236,121.49582268714887,0.06927964638554222
3320,103000.0,299.2419261491526,1.073280625414029,15105.335208255166,-266436.7906485803,121.52185170009062,0.06928072156980834
3321,103025.0,299.242823763898,1.0732814715031078,15109.066148233716,-266436.790551033,121.54792503522003,0.06928152327914916
3322,103050.0,299.2429102089485,1.073282616009627,15112.797240608706,-266436.7904672307,121.57398820644025,0.06928265192095502
3323,103075.0,299.24367672974404,1.073284226634574,15116.528543003933,-266436.7905289412,121.60006251032921,0.06928462996389897
3324,103100.0,299.2405475002514,1.0732865173934807,15120.260026084434,-266436.7904983825,121.62613558526344,0.06928804310776948
3325,103125.0,299.2364095028069,1.0732895861896143,15123.991728561457,-266436.7905221093,121.65224175596339,0.06929309781519348
3326,103150.0,299.2364789819665,1.0732935257990153,15127.723612282258,-266436.7908042255,121.67837082927589,0.06930004508566281
3327,103175.0,299.23557232992863,1.073298339743587,15131.45570024301,-266436.7910151808,121.70451989162687,0.06930894971955134
3328,103200.0,299.23700613397494,1.073304011815357,15135.18797236069,-266436.7913096538,121.73065351917519,0.06931975388004412
3329,103225.0,299.2345046347355,1.0733105016015987,15138.920425011833,-266436.79137716553,121.75675910480507,0.06933229809809817
3330,103250.0,299.23630949724884,1.0733175028519935,15142.653050799181,-266436.7916261968,121.7826560803565,0.06934593085159618
3331,103275.0,299.2338102999207,1.07332451770708,15146.385665973112,-266436.7916062325,121.8083703101243,0.06935958033213292
3332,103300.0,299.233546102511,1.073331089808978,15150.118277083231,-266436.79166507674,121.83410958175844,0.06937225692569264
3333,103325.0,299.2350679796048,1.0733368542291515,15153.851166178187,-266436.79176988074,121.85996224335159,0.06938319876024802
3334,103350.0,299.23745541959096,1.0733414796601672,15157.584296746949,-266436.7918792859,121.88598430554748,0.06939177631184415
3335,103375.0,299.2374025818352,1.0733446202038344,15161.317607959156,-266436.7918685087,121.91220463429283,0.06939733423261397
3336,103400.0,299.2374400998908,1.0733460452502221,15165.051089753593,-266436.791880095,121.93867353401285,0.06939948596543809
3337,103425.0,299.2370001517882,1.0733460922708182,15168.78477443731,-266436.7918427064,121.96533983153613,0.06939888915518282
3338,103450.0,299.23592734421555,1.073345255865027,15172.518680655008,-266436.79173210746,121.99209346361212,0.06939647289607674
3339,103475.0,299.2342978963081,1.0733440425149674,15176.252778612996,-266436.7915668123,122.01876984271485,0.06939318612774459
3340,103500.0,299.23486539678805,1.0733427545644991,15179.987017454778,-266436.7914701942,122.04540891050611,0.06938957088696006
3341,103525.0,299.2329714161188,1.0733415835826825,15183.72145365073,-266436.7912404425,122.0719606761423,0.06938601206862165
3342,103550.0,299.2340923274511,1.073340589590186,15187.456038656219,-266436.7911635654,122.0984884015358,0.06938269109582218
3343,103575.0,299.2333214203556,1.0733397452153084,15191.19077806362,-266436.79100662854,122.12508878369245,0.06937963845693786
3344,103600.0,299.23314703418106,1.0733390312904807,15194.925732081438,-266436.7908911621,122.15159528928774,0.06937681405082219
3345,103625.0,299.2337587587176,1.0733383998804518,15198.660899789722,-266436.79086766153,122.17802872863146,0.06937409822673846
3346,103650.0,299.22939953958837,1.0733376635793224,15202.39624766679,-266436.79066005134,122.2044834289416,0.06937116611891253
3347,103675.0,299.2279679653532,1.0733369546993206,15206.131790613525,-266436.79065545805,122.230931296197,0.06936826244524101
3348,103700.0,299.2253758126811,1.0733365756942346,15209.867517436074,-266436.7905953972,122.2572755332938,0.06936597929730275
3349,103725.0,299.22264102358275,1.0733367928358184,15213.60342438639,-266436.7904889564,122.28358425592067,0.06936487512437818
3350,103750.0,299.2232623878451,1.073337716502534,15217.339513988185,-266436.790490635,122.30970131503061,0.06936522600218847
3351,103775.0,299.2251464361582,1.073339187350833,15221.075833701496,-266436.79051797726,122.33558407875921,0.06936672195704063
3352,103800.0,299.2258012076754,1.0733409033701138,15224.812352696614,-266436.7904825749,122.36146276747219,0.06936876876429075
3353,103825.0,299.229525647685,1.0733426785927225,15228.549043806224,-266436.79063075554,122.3872722836417,0.06937098181276095
3354,103850.0,299.2300853713867,1.0733444381520092,15232.28594133157,-266436.7906701923,122.4131556231498,0.06937319135618487
3355,103875.0,299.2294306523646,1.0733461406436207,15236.023022588919,-266436.7906827214,122.43893097189141,0.06937535617798975
3356,103900.0,299.2280820264132,1.0733478136232721,15239.7603151862,-266436.7907044944,122.46459614199213,0.06937764273657042
3357,103925.0,299.2274523018669,1.0733494796505831,15243.497782944138,-266436.79077740264,122.49030075104255,0.06938023357157046
3358,103950.0,299.2262085119586,1.0733513985313063,15247.235448277388,-266436.79080999165,122.51606666041508,0.0693836900863353
3359,103975.0,299.2265425985126,1.0733536603174578,15250.973281847446,-266436.7909035649,122.5418160411709,0.069388034920635
3360,104000.0,299.2241673948236,1.0733560513735965,15254.71126965261,-266436.79080593376,122.56759643627916,0.06939261737578109
3361,104025.0,299.2289101465404,1.07335833967876,15258.449458098976,-266436.7910195492,122.59330017083113,0.06939685365853666
3362,104050.0,299.22950686054185,1.0733605137278197,15262.18787214335,-266436.7909780561,122.61897259837475,0.06940073535533757
3363,104075.0,299.23248357253334,1.0733626284185467,15265.926514611401,-266436.79107048607,122.64464182431657,0.06940442796274283
3364,104100.0,299.23385045022354,1.0733647232293189,15269.665396295222,-266436.791132611,122.67033334769715,0.06940792184249635
3365,104125.0,299.23477700069384,1.0733667988710611,15273.40443738842,-266436.7912698146,122.69599496345839,0.06941107021192322
3366,104150.0,299.23202930303995,1.0733689381249356,15277.143629966267,-266436.79129953403,122.72163776091503,0.06941397495297502
3367,104175.0,299.22991080403864,1.0733715300870919,15280.88302164492,-266436.79138172435,122.74729314766456,0.0694174941607285
3368,104200.0,299.2279484569117,1.0733750070248318,15284.62259897183,-266436.7914175711,122.77276765439822,0.06942265954289113
3369,104225.0,299.2291042285862,1.0733795681503437,15288.36235709528,-266436.7915429619,122.79818685539098,0.06943007576656782
3370,104250.0,299.2290561838234,1.0733852033026772,15292.102295827674,-266436.7915658904,122.82365070068256,0.06943986215761898
3371,104275.0,299.22918564432644,1.0733916174377198,15295.842435140892,-266436.7915448177,122.84895390262977,0.06945143960063273
3372,104300.0,299.22803464838483,1.073398471390451,15299.582750140751,-266436.7913945749,122.87401428421809,0.06946409981223448
3373,104325.0,299.23090926486924,1.0734052232760296,15303.323124712138,-266436.7913893125,122.89914049525814,0.06947663436079832
3374,104350.0,299.23159240503765,1.0734113998024664,15307.063447224617,-266436.79127801594,122.92434419061756,0.06948798972839512
3375,104375.0,299.2328141915488,1.073416483017375,15310.803866128383,-266436.7912772557,122.94966423341259,0.06949713655213276
3376,104400.0,299.23193869292334,1.0734201226927227,15314.544462036645,-266436.7913088891,122.97523245247288,0.06950357022998722
3377,104425.0,299.2308930740089,1.0734221520623617,15318.285251489267,-266436.7914360391,123.00113084063577,0.06950725360173679
3378,104450.0,299.2269686876794,1.0734226683436887,15322.026208155987,-266436.7914791716,123.02730147627531,0.06950844806155673
3379,104475.0,299.2235893837284,1.073421842702167,15325.767303273988,-266436.7915203168,123.05354904181488,0.06950741548323477
3380,104500.0,299.22552306871796,1.073420045844422,15329.50857782128,-266436.79174725566,123.07997482510133,0.06950468569456775
3381,104525.0,299.22429598669487,1.0734175756948525,15333.250013054134,-266436.7916950006,123.10657195505645,0.06950064360339056
3382,104550.0,299.22268131786444,1.0734144495024114,15336.99161276936,-266436.7914788001,123.13315725559195,0.06949531165632089
3383,104575.0,299.2237199730109,1.0734107184791148,15340.73340001342,-266436.79125836043,123.15982847350303,0.06948889785263994
3384,104600.0,299.22715614721875,1.0734066378138822,15344.47537623242,-266436.79107253003,123.18651230251135,0.0694819867060562
3385,104625.0,299.2314744125818,1.0734024138609937,15348.217514875392,-266436.7909124857,123.21315059755884,0.06947504892695419
3386,104650.0,299.2336951571702,1.073398340714494,15351.959830385418,-266436.79070958786,123.23979686103756,0.06946853547879152
3387,104675.0,299.23522501761175,1.0733949327036574,15355.70231671785,-266436.79061006376,123.26648844224741,0.06946307831562384
3388,104700.0,299.233291841055,1.073392578341691,15359.445029127002,-266436.79047172423,123.29306808153856,0.06945923684469368
3389,104725.0,299.23085238190816,1.073391368534904,15363.187926105924,-266436.7904062523,123.31964154198647,0.06945707364798434
3390,104750.0,299.2298290272295,1.073391035486088,15366.930987371006,-266436.79046255274,123.34626053602697,0.0694561601297553
3391,104775.0,299.23061471236304,1.0733914638364754,15370.674209605173,-266436.7906117247,123.37291816853404,0.06945639956761014
3392,104800.0,299.2279439966604,1.0733928471362584,15374.417624479345,-266436.7905714251,123.39947326652937,0.06945817938893808
3393,104825.0,299.22792933431606,1.0733954239834977,15378.161160708629,-266436.7905928857,123.42605489265395,0.06946208387350232
3394,104850.0,299.22925981816456,1.0733993826214996,15381.904867158984,-266436.79058166296,123.45245454560653,0.06946866067746693
3395,104875.0,299.231154100511,1.0734046626423217,15385.64875640982,-266436.79053505696,123.47862300471166,0.06947789134275625
3396,104900.0,299.232728604063,1.0734109165930696,15389.392887183814,-266436.7904209549,123.50459553625772,0.06948918683151807
3397,104925.0,299.2340454428101,1.073417601922697,15393.137194368184,-266436.79031220457,123.53039666539165,0.06950143525603303
3398,104950.0,299.23841755447745,1.073424276061584,15396.881689679834,-266436.790431981,123.55620956938338,0.06951366882416404
3399,104975.0,299.23672924333397,1.0734306033333305,15400.626372828163,-266436.7903512658,123.58193880323553,0.06952510245098045
3400,105000.0,299.23617483632324,1.0734363097128268,15404.37126737119,-266436.7904539376,123.60780869214962,0.069535094187984
3401,105025.0,299.23276468979094,1.0734412465216512,15408.116373094284,-266436.7905053312,123.63367810493851,0.06954332706251232
3402,105050.0,299.22950689656244,1.0734452590851182,15411.86172076582,-266436.7905853427,123.65960164776203,0.06954951768047808
3403,105075.0,299.2293349090292,1.0734480844104948,15415.607262272744,-266436.7908001813,123.68564024422272,0.06955321357226799
3404,105100.0,299.2277308944696,1.0734497041605455,15419.352993685781,-266436.7909095589,123.71180973470412,0.06955455056289776
3405,105125.0,299.22821974163304,1.0734502738304925,15423.09890109711,-266436.7910710954,123.73807888285404,0.06955398394989241
3406,105150.0,299.2284774357701,1.0734500817923855,15426.844983118606,-266436.7911642803,123.76440347421999,0.06955211006750814
3407,105175.0,299.2287524060061,1.0734494949139253,15430.591219235941,-266436.79117081204,123.79084093427254,0.06954956103286392
3408,105200.0,299.22900325325185,1.0734490013689226,15434.3376388778,-266436.79108163016,123.81726815908893,0.0695471469639191
3409,105225.0,299.2291705044972,1.073448941642226,15438.084247911267,-266436.79093965737,123.84356394535703,0.0695454837732161
3410,105250.0,299.23208917981106,1.073449589270006,15441.831042031396,-266436.790934775,123.86983631623204,0.06954515205707032
3411,105275.0,299.2333192223531,1.0734511127393487,15445.578009573785,-266436.79091236857,123.89603737876148,0.0695466096131302
3412,105300.0,299.2289037610124,1.073453655142101,15449.325228167814,-266436.79068628576,123.92220143021804,0.0695503054985839
3413,105325.0,299.2281042933027,1.0734574161296595,15453.07266016093,-266436.7906677341,123.94818751308362,0.06955677133372394
3414,105350.0,299.2267994191319,1.0734625546120031,15456.820245925452,-266436.7906390666,123.97401492776989,0.06956643670082972
3415,105375.0,299.22546973848614,1.0734686697892246,15460.567977740462,-266436.79059468344,123.9997513239659,0.06957856206088998
3416,105400.0,299.22415212769545,1.0734750035118499,15464.315875377548,-266436.79057382175,124.02548872266145,0.06959163681592045
3417,105425.0,299.2230560618301,1.0734807846693946,15468.063992000512,-266436.7906051048,124.0512223082702,0.06960398663936031
3418,105450.0,299.22319033791615,1.073485686458026,15471.812060567443,-266436.7907006812,124.07704293029175,0.06961499132299898
3419,105475.0,299.22347942465944,1.0734898421052605,15475.560159699637,-266436.79079458176,124.10296692105287,0.06962508635477588
3420,105500.0,299.2226253811757,1.0734935429211705,15479.308452134685,-266436.7908041346,124.12891302835452,0.06963492243983245
3421,105525.0,299.2224356124105,1.0734969778881718,15483.056957400377,-266436.79080141924,124.15494864416543,0.06964464971751418
3422,105550.0,299.223823927939,1.0735001384750191,15486.805692015705,-266436.79084576294,124.18103367484686,0.06965410108092322
3423,105575.0,299.225367458918,1.073503084988315,15490.554605882618,-266436.7908834672,124.2072015585088,0.06966327200155768
3424,105600.0,299.2242329246721,1.0735059662287076,15494.303744139588,-266436.7907992013,124.23341199951362,0.06967209615571782
3425,105625.0,299.223064033762,1.0735089375364828,15498.053027830538,-266436.7907430631,124.25956023097902,0.06968051469157428
3426,105650.0,299.2217627169542,1.0735120573874108,15501.802460583043,-266436.79069282435,124.28556959118785,0.06968851405505307
3427,105675.0,299.2193847962861,1.0735153122325916,15505.55208221599,-266436.7905531809,124.31165684548837,0.06969598628938162
3428,105700.0,299.2182957726262,1.073518815981333,15509.301892669218,-266436.7904393583,124.3377348066494,0.0697032348595315
3429,105725.0,299.21725408328535,1.0735224203109788,15513.051908719266,-266436.7902573508,124.36364058241034,0.06971013265306128
3430,105750.0,299.22003030205053,1.0735257337996669,15516.802084352497,-266436.7902049598,124.38957365588287,0.06971607393374143
3431,105775.0,299.22167815316686,1.0735284299728023,15520.552451769741,-266436.79005511425,124.41553485732346,0.06972046260683766
3432,105800.0,299.2242057058944,1.0735303248859085,15524.303007239852,-266436.7899778412,124.44164113962543,0.06972304883969323
3433,105825.0,299.22771313609064,1.0735314676761765,15528.053735064963,-266436.7900144563,124.46796641574474,0.06972405426130854
3434,105850.0,299.22674208762794,1.0735321941775808,15531.804646360528,-266436.78993645054,124.49426081591483,0.06972419437166429
3435,105875.0,299.2256487306952,1.0735328179084178,15535.555787471889,-266436.7899298475,124.52054979714808,0.0697240709157936
3436,105900.0,299.22601323809585,1.0735334340025189,15539.307108919915,-266436.7900621306,124.54695324129594,0.0697238469595578
3437,105925.0,299.227012337503,1.0735340067868888,15543.05859321992,-266436.7903017315,124.5732597081639,0.06972344551095602
3438,105950.0,299.2228724888055,1.0735344546864372,15546.810281730663,-266436.79033544706,124.59955808432707,0.06972273209266264
3439,105975.0,299.2207041749037,1.0735346665697647,15550.562142737619,-266436.7904970511,124.62586054089171,0.06972154011627911
3440,106000.0,299.2177418427788,1.073534575123508,15554.314208404363,-266436.79061803006,124.65219829584447,0.06971983299428465
3441,106025.0,299.2177628068958,1.073534123571564,15558.066424737772,-266436.79082413873,124.67857832926617,0.06971763035057142
3442,106050.0,299.2175242069906,1.0735333741891733,15561.81880343869,-266436.79090453376,124.70502130825855,0.0697151337012296
3443,106075.0,299.21832397212603,1.0735322985869116,15565.571359170946,-266436.7908869812,124.73150144705794,0.06971228010065819
3444,106100.0,299.2192483483315,1.07353085253991,15569.324115102394,-266436.79075392196,124.75802178297074,0.06970894213836483
3445,106125.0,299.2215466626046,1.0735290706132685,15573.077042692708,-266436.79057707597,124.78446252930961,0.06970511162700721
3446,106150.0,299.2262254008323,1.0735269635431748,15576.830122252513,-266436.79050868435,124.81084710144113,0.0697007206266319
3447,106175.0,299.2285290069612,1.0735246413379709,15580.583374656442,-266436.79037399765,124.8372413664929,0.06969590738592425
3448,106200.0,299.2247689663677,1.0735223796269422,15584.336782371049,-266436.790045705,124.86367810205883,0.06969109983570121
3449,106225.0,299.22525032908277,1.0735205232850213,15588.09038767442,-266436.79003664793,124.89020516173939,0.06968690251207733
3450,106250.0,299.221896555202,1.0735195744228698,15591.844132922362,-266436.78994848224,124.91664208905658,0.06968424736791272
3451,106275.0,299.2178941432026,1.0735197943221293,15595.598082622559,-266436.78989814443,124.94291675946337,0.06968380127462344
3452,106300.0,299.21694443372974,1.0735211542619916,15599.352189720554,-266436.7900156399,124.96916332609351,0.06968575016893526
3453,106325.0,299.21664392491857,1.0735235561667604,15603.106489698728,-266436.79017946846,124.99529236093444,0.06969016570160204
3454,106350.0,299.2146891010136,1.0735266613603445,15606.860964532294,-266436.79026833054,125.02125851616042,0.0696965357452967
3455,106375.0,299.2127991406256,1.073530108892744,15610.615644090782,-266436.7903307669,125.04719593065226,0.06970401331018522
3456,106400.0,299.2119745351467,1.0735335751615052,15614.370426097985,-266436.79041735263,125.07315959859248,0.06971185256966544
3457,106425.0,299.21322455668076,1.0735366141314797,15618.125366987008,-266436.790575392,125.09916937198793,0.06971907113938697
3458,106450.0,299.2134240501114,1.0735387561915748,15621.880485947886,-266436.79063826025,125.12534454476273,0.06972457704538887
3459,106475.0,299.2166297037578,1.073539634585739,15625.635822155318,-266436.79083336104,125.15156449788081,0.06972748198458578
3460,106500.0,299.2149276987389,1.0735391518828827,15629.391292151613,-266436.79079926736,125.17798748540912,0.06972751083501882
3461,106525.0,299.2168565003857,1.073537655112649,15633.146916244099,-266436.79097697424,125.20445691902587,0.06972535143462356
3462,106550.0,299.2143671825013,1.0735358608143202,15636.902725434038,-266436.7909489877,125.23106513957097,0.06972229049956688
3463,106575.0,299.2184463091807,1.0735341681100818,15640.658706791879,-266436.7912417031,125.25771094909572,0.06971899153194769
3464,106600.0,299.2166416590674,1.0735327840307813,15644.41481789853,-266436.7912432712,125.28437816286703,0.06971584781144785
3465,106625.0,299.2200512738032,1.0735317729371006,15648.171014272573,-266436.79152334866,125.31089737757289,0.06971298711290635
3466,106650.0,299.2184410594179,1.0735312030573956,15651.927146375465,-266436.7915791308,125.33721982982433,0.06971059580809541
3467,106675.0,299.2175337601889,1.0735310000961142,15655.683327479066,-266436.79165916354,125.3635076875243,0.06970866714725109
3468,106700.0,299.22022954011777,1.073531258672045,15659.439491964373,-266436.7918801727,125.3896346687809,0.06970750590948403
3469,106725.0,299.22095104668637,1.0735320390970193,15663.195635309532,-266436.79197126505,125.41574999759874,0.06970729433237274
3470,106750.0,299.2220660076832,1.073533367041196,15666.951814134853,-266436.7920576167,125.44189822529557,0.06970813118217616
3471,106775.0,299.222618648042,1.0735350861175088,15670.70799543925,-266436.79209234874,125.46796463642501,0.06970980001920125
3472,106800.0,299.2221653426438,1.0735368088108237,15674.464164784358,-266436.79210344807,125.49414929791755,0.06971164104040697
3473,106825.0,299.22347587228995,1.0735381102475507,15678.220339050204,-266436.7922277549,125.52047629610468,0.06971293465745541
3474,106850.0,299.2226469130941,1.0735386768345299,15681.976490000117,-266436.7922988797,125.54698608441275,0.06971320709832136
3475,106875.0,299.222462531742,1.0735383603759083,15685.732615584793,-266436.7924356649,125.57375976179544,0.0697124411200614
3476,106900.0,299.2224654783823,1.0735371483079257,15689.488708893703,-266436.79262008524,125.60076310075763,0.06971099530246383
3477,106925.0,299.2197697752545,1.0735351721295738,15693.244768409355,-266436.7926658165,125.62784559124046,0.06970959842821547
3478,106950.0,299.21531646957993,1.0735328045415324,15697.000804345043,-266436.79259306076,125.65499080799108,0.0697090480981125
3479,106975.0,299.2139743691576,1.0735303476053615,15700.7567877846,-266436.79258653143,125.68220642825698,0.06970949750957857
3480,107000.0,299.2152899164996,1.0735278888250477,15704.512703628192,-266436.79259946186,125.70933766331542,0.06971056238628749
3481,107025.0,299.21656650574437,1.0735254299253276,15708.268552364656,-266436.79250696657,125.73655772228632,0.06971170084242775
3482,107050.0,299.21825233476943,1.0735228842951452,15712.024372562944,-266436.79238547507,125.76377612977348,0.06971204737295437
3483,107075.0,299.21838956008474,1.0735201687715243,15715.78018915023,-266436.792146798,125.79101548143925,0.06971084385763493
3484,107100.0,299.2228145148738,1.073517198087037,15719.535958846982,-266436.7921259445,125.81821125805864,0.06970778660927789
3485,107125.0,299.2255553470076,1.073513919009368,15723.291683382502,-266436.7920658293,125.84542646624622,0.0697029344999044
3486,107150.0,299.22766656371334,1.0735104740464556,15727.047394396062,-266436.79207099223,125.8726461756049,0.0696969087085365
3487,107175.0,299.2303285290525,1.0735069453363888,15730.80309960132,-266436.79223767255,125.89992686840624,0.06969023566513764
3488,107200.0,299.2277508111212,1.0735033045762847,15734.558755704902,-266436.79226919526,125.92724290388868,0.06968314034584888
3489,107225.0,299.2249202199623,1.0734995632282684,15738.314356631063,-266436.79239197605,125.95458509780353,0.069675847182426
3490,107250.0,299.2236401447537,1.073495921512458,15742.069937018352,-266436.79263621155,125.98187381084722,0.06966885171393108
3491,107275.0,299.22070947308185,1.0734927070446707,15745.825470786102,-266436.7928190534,126.00915820255851,0.06966285032455138
3492,107300.0,299.21584363345795,1.0734901962973538,15749.58094443632,-266436.79284710216,126.03629656942485,0.06965840385532973
3493,107325.0,299.21544895411233,1.073488541213506,15753.336397201889,-266436.79298346513,126.06342965254751,0.0696556970043885
3494,107350.0,299.2173173399147,1.0734878216499733,15757.091852893773,-266436.793101968,126.0903936519793,0.06965467515498333
3495,107375.0,299.2191541821134,1.0734877864225754,15760.847267679274,-266436.7931266781,126.11721851153727,0.06965485831426395
3496,107400.0,299.22358729444335,1.0734877370126747,15764.60264932268,-266436.7932801664,126.14413130826452,0.06965493136974552
3497,107425.0,299.2244224211936,1.0734871858204662,15768.35795821605,-266436.79334701994,126.17109366047293,0.06965401153039835
3498,107450.0,299.2252916477094,1.0734858783461914,15772.113211484064,-266436.7935076534,126.19828643793493,0.06965171649042586
3499,107475.0,299.22249979133386,1.0734839544761876,15775.868378400306,-266436.7935717063,126.22569935819075,0.06964842104761908
3500,107500.0,299.2221534681525,1.0734817439779083,15779.623511967173,-266436.79380341613,126.25321640683643,0.06964478091973725
3501,107525.0,299.2216295132311,1.0734795202741263,15783.37861230518,-266436.79402040964,126.28082005178022,0.06964130211307826
3502,107550.0,299.2214921293183,1.073477207631551,15787.133711541557,-266436.79420836293,126.30843239328223,0.06963784584641738
3503,107575.0,299.2180503674853,1.073474748953574,15790.888776971959,-266436.7941697064,126.3361988193496,0.0696340820015221
3504,107600.0,299.21662499391397,1.0734720795054655,15794.643874321277,-266436.79414432583,126.36399619724233,0.06962967446504996
3505,107625.0,299.2184656557335,1.0734690324206095,15798.398971784962,-266436.7942195134,126.39184540112218,0.06962420060848072
3506,107650.0,299.2217369932521,1.0734653942590981,15802.154033976734,-266436.7943603552,126.41989896606817,0.06961738675030893
3507,107675.0,299.2210699377618,1.0734609799505863,15805.90908451931,-266436.7943284847,126.4479920599585,0.06960919051691375
3508,107700.0,299.22222650280276,1.0734557638453472,15809.664130736794,-266436.79443104827,126.47617000702985,0.0695998701434407
3509,107725.0,299.22271114036135,1.0734499362773002,15813.41918987685,-266436.7945549021,126.50434488452072,0.06958982459639128
3510,107750.0,299.22060957286675,1.0734437644545687,15817.174195519341,-266436.7946001221,126.5324873848859,0.06957932830152855
3511,107775.0,299.2212143998676,1.0734374496962766,15820.929171825097,-266436.79478934186,126.56053684975353,0.06956852078587701
3512,107800.0,299.217956529842,1.0734311033304842,15824.68408866906,-266436.79477594787,126.5885421628241,0.0695574948287314
3513,107825.0,299.21791582223534,1.0734248258394965,15828.439006516623,-266436.79492183315,126.61651772680734,0.06954637877063177
3514,107850.0,299.2173224630635,1.073418736083449,15832.193907081104,-266436.795057564,126.64455643044126,0.06953547975343767
3515,107875.0,299.2161539950706,1.073413013746679,15835.948813393177,-266436.7951918646,126.6725147683924,0.069525236632537
3516,107900.0,299.2157481454843,1.0734078150886144,15839.703665849705,-266436.79533830367,126.70036468590683,0.06951613799639847
3517,107925.0,299.21447980898284,1.0734032945802512,15843.458417049293,-266436.7953924395,126.72814994513956,0.06950860583664963
3518,107950.0,299.2161391246571,1.0733995470304039,15847.213195602277,-266436.795557239,126.75583919948878,0.0695027782513972
3519,107975.0,299.21602265397775,1.073396504071967,15850.96814176309,-266436.79559889546,126.78344821553058,0.06949826619318183
3520,108000.0,299.2169822359183,1.0733940609675257,15854.723301306942,-266436.7956694737,126.81103141030037,0.0694945378206949
3521,108025.0,299.2153668605911,1.0733920297179607,15858.478590921848,-266436.79562197946,126.83851873102431,0.06949109265568806
3522,108050.0,299.21733622982356,1.0733899782382414,15862.234034080637,-266436.7957746203,126.86593568653636,0.06948706746144385
3523,108075.0,299.2192950215669,1.073387597900111,15865.989631537008,-266436.79594423,126.89338313261472,0.0694819402194476
3524,108100.0,299.2194635941376,1.0733848350827397,15869.74541128267,-266436.796074896,126.92073208813265,0.0694757831678487
3525,108125.0,299.2183458854231,1.0733817266969157,15873.5013694433,-266436.79620236886,126.9479953956327,0.06946887899413878
3526,108150.0,299.21845390577505,1.0733783740667209,15877.25745808905,-266436.7964164864,126.97528601975264,0.06946161922313582
3527,108175.0,299.21800094482296,1.0733750168178358,15881.013692572775,-266436.79658474965,127.00262219690124,0.0694544921579743
3528,108200.0,299.2172582481351,1.0733718569944246,15884.770068201968,-266436.7966965691,127.02989630688607,0.06944779956550487
3529,108225.0,299.2170062396607,1.0733690767705357,15888.52661756782,-266436.79677741096,127.05699169169054,0.06944177308781871
3530,108250.0,299.2163088717084,1.0733668371566103,15892.283323918458,-266436.79674638127,127.08395394685196,0.06943659983007647
3531,108275.0,299.21729298499497,1.0733650561532628,15896.040191847227,-266436.79673303856,127.1108612953004,0.06943207936957344
3532,108300.0,299.21852648495206,1.0733635684498513,15899.797239680369,-266436.79667546455,127.13770427606406,0.06942794527785641
3533,108325.0,299.2189644717984,1.07336252801358,15903.554439153295,-266436.7965754017,127.164493207131,0.0694244970760234
3534,108350.0,299.2198388500714,1.073362193210747,15907.311833315343,-266436.7965247105,127.19116379594558,0.06942223866100897
3535,108375.0,299.22037085576994,1.0733627905354424,15911.06943062851,-266436.7964748169,127.21779028261716,0.06942165337481147
3536,108400.0,299.2204867169925,1.0733645684666828,15914.827166420717,-266436.7964471332,127.2442184227691,0.06942332183583075
3537,108425.0,299.22341244601546,1.0733673903335192,15918.585012744508,-266436.79659598175,127.27040899255728,0.06942709525155456
3538,108450.0,299.22320079627093,1.0733709890741239,15922.343023523425,-266436.7966477589,127.29657384449494,0.0694324973156259
3539,108475.0,299.2236865369123,1.0733750223163816,15926.101180085328,-266436.79677784385,127.32267079096073,0.06943884152542373
3540,108500.0,299.22224879130266,1.0733792122752492,15929.859507125311,-266436.79690354876,127.3488329326935,0.06944557799115128
3541,108525.0,299.2204456538687,1.0733830929794819,15933.61803489198,-266436.7970805203,127.37497524223632,0.06945177216262
3542,108550.0,299.2217165522635,1.0733862629598243,15937.376738102661,-266436.7974481892,127.40113341527923,0.06945661689716813
3543,108575.0,299.2217456037443,1.073388387227236,15941.135587678065,-266436.7977420409,127.42743907204694,0.06945945212565839
3544,108600.0,299.22213740037694,1.0733894023507262,15944.894594932412,-266436.79798056436,127.4538679139636,0.0694601374706159
3545,108625.0,299.22294257031484,1.0733895638277846,15948.653766461759,-266436.7981355685,127.48051755705987,0.06945915425831925
3546,108650.0,299.2236748986006,1.073388964383044,15952.413052169175,-266436.79817893147,127.50742735165896,0.06945667878958746
3547,108675.0,299.22335035099667,1.073387590097705,15956.172483966666,-266436.79805767635,127.53444718573871,0.06945272970687712
3548,108700.0,299.2238709965257,1.0733852815816636,15959.932062051863,-266436.7978814471,127.56164896740891,0.06944713656429041
3549,108725.0,299.2259170630994,1.0733818680751148,15963.691763395229,-266436.7977386251,127.58899013699558,0.06943978769953052
3550,108750.0,299.2284167636355,1.0733773148408874,15967.451582962374,-266436.797614648,127.61648260161483,0.06943079273444101
3551,108775.0,299.2308771897531,1.073371900619367,15971.211530742321,-266436.7975211217,127.64415038551078,0.06942063466591591
3552,108800.0,299.23106260024474,1.0733658105826038,15974.971638073383,-266436.79735244846,127.6719779747634,0.06940957641429778
3553,108825.0,299.23224256030846,1.0733592690864728,15978.731917284485,-266436.79729948833,127.69988808375568,0.06939792102794973
3554,108850.0,299.233360448946,1.0733526406000913,15982.492340847368,-266436.7973234189,127.72778353492761,0.06938614655414908
3555,108875.0,299.23001646972335,1.07334629461942,15986.252948964771,-266436.797202848,127.7557187419388,0.06937473387701538
3556,108900.0,299.22964771483544,1.0733403040014968,15990.01369149772,-266436.79729021754,127.78355929987846,0.06936379477087434
3557,108925.0,299.22938551611475,1.073334758572229,15993.77456694268,-266436.7974159575,127.81130325847883,0.06935344641184187
3558,108950.0,299.2270413124482,1.073329766039147,15997.535408227703,-266436.7974651925,127.83898505254314,0.06934383206893323
3559,108975.0,299.2262222674166,1.0733253645131062,16001.296228564248,-266436.7975797324,127.86650336432614,0.06933502911985019
3560,109000.0,299.22729693063826,1.0733215258822404,16005.057171641034,-266436.79773231695,127.8939725000471,0.06932704511841244
3561,109025.0,299.2260536142624,1.0733182551937088,16008.818304622417,-266436.797698242,127.92133569212082,0.06931993552311436
3562,109050.0,299.2257309709055,1.073315668069976,16012.579542765474,-266436.7976399717,127.94865368631332,0.06931392291140426
3563,109075.0,299.22971972643177,1.0733137629068439,16016.340939896292,-266436.7977129433,127.97588160531268,0.0693090456416012
3564,109100.0,299.2323500696595,1.0733121998129942,16020.102539096133,-266436.7976812399,128.00305359934578,0.06930475025712951
3565,109125.0,299.23423238184785,1.0733105659936413,16023.864267586385,-266436.79763527605,128.03017578304386,0.06930033978313704
3566,109150.0,299.2334794631351,1.07330870385945,16027.626224566317,-266436.79749224137,128.05738645397656,0.06929555106999347
3567,109175.0,299.23380640779226,1.0733064534753338,16031.388339789066,-266436.797432157,128.0846083254861,0.06929012967115097
3568,109200.0,299.2377613747089,1.0733037999439594,16035.150593082393,-266436.7976117061,128.1118318939949,0.06928404903334268
3569,109225.0,299.2344656493005,1.0733006334267015,16038.912991527188,-266436.7974798529,128.13913297245594,0.0692771401493931
3570,109250.0,299.23285234248186,1.0732968650238004,16042.675490189788,-266436.79747893865,128.16651868440243,0.06926930402314944
3571,109275.0,299.23339289371114,1.0732923910041035,16046.438136166777,-266436.79758535547,128.1941689750843,0.06926046332586787
3572,109300.0,299.23277230711903,1.0732871305159037,16050.20093895561,-266436.79761192825,128.22199352243712,0.06925059026028547
3573,109325.0,299.2341180684582,1.0732810995150133,16053.963915757338,-266436.79766602104,128.24993752051887,0.0692397744823727
3574,109350.0,299.23532009743667,1.0732744434498809,16057.72704233363,-266436.7976540887,128.2778781890912,0.06922824083916085
3575,109375.0,299.23844423303586,1.0732672368568208,16061.490320345933,-266436.79770892806,128.3059030238631,0.06921610943325877
3576,109400.0,299.2404025177531,1.0732597500698884,16065.253750106902,-266436.7977277531,128.33392324042524,0.06920370999906814
3577,109425.0,299.23922279979587,1.073252420160236,16069.017330347042,-266436.7975790553,128.36190762809795,0.06919160191913547
3578,109450.0,299.2391868324494,1.0732455672906747,16072.781066106656,-266436.79747983493,128.3897094196706,0.06918025621682035
3579,109475.0,299.23871313677927,1.0732391487895692,16076.54495674508,-266436.79733428644,128.41742741834295,0.06916969031657356
3580,109500.0,299.2379528764786,1.0732329704924113,16080.30902675055,-266436.79713445756,128.44513025719104,0.069159705389556
3581,109525.0,299.23705756393167,1.073226994137351,16084.07325133642,-266436.79689054145,128.47272842797352,0.06915031667597246
3582,109550.0,299.23859497144014,1.0732212108103054,16087.837629885213,-266436.79675879196,128.50033347204422,0.06914165085124198
3583,109575.0,299.2409028725828,1.0732154618675571,16091.6021632542,-266436.79669277946,128.52794980403675,0.06913358696056549
3584,109600.0,299.24177369428264,1.073209736122731,16095.366829655151,-266436.7966146909,128.55553181385434,0.0691260039051604
3585,109625.0,299.24119817001394,1.0732040897006854,16099.131628779063,-266436.79656441987,128.58309706887928,0.06911873759063024
3586,109650.0,299.23992139503855,1.0731986524486548,16102.896591382043,-266436.7965763545,128.61072916308925,0.06911161899451725
3587,109675.0,299.2367021075818,1.0731937259383104,16106.661717200035,-266436.7965345162,128.63839930629908,0.06910475009290228
3588,109700.0,299.2359643511665,1.0731894778489806,16110.42696528329,-266436.7966241014,128.6659459379589,0.06909832478870624
3589,109725.0,299.2359652203351,1.073185854224696,16114.192307882096,-266436.796740095,128.6933738347264,0.06909233974001858
3590,109750.0,299.23426376023485,1.073182835050587,16117.957769823372,-266436.7967494124,128.7206141148244,0.06908695414462082
3591,109775.0,299.235227692744,1.0731803676688914,16121.723416510968,-266436.7968742208,128.74781116147022,0.06908226280623608
3592,109800.0,299.2348345458771,1.0731784608961845,16125.489235521309,-266436.79688417586,128.77504170628103,0.0690783485481028
3593,109825.0,299.23772141152006,1.0731771861435702,16129.255262042218,-266436.7970327673,128.80230657670222,0.06907535577814877
3594,109850.0,299.24031172044596,1.0731763462216015,16133.021484462975,-266436.797117404,128.82936737932346,0.06907296708391285
3595,109875.0,299.2415188715248,1.0731754932332196,16136.787860967574,-266436.79713226703,128.8565119037823,0.06907046477567669
3596,109900.0,299.2426342315828,1.0731742168473704,16140.55439865093,-266436.7971868954,128.88374331285362,0.06906723742007229
3597,109925.0,299.2423512813609,1.0731722313322192,16144.321057586638,-266436.7972267093,128.91112404548855,0.06906287520844914
3598,109950.0,299.24323189497176,1.0731693453737123,16148.08782972216,-266436.7973660669,128.9385208719092,0.06905705575622857
3599,109975.0,299.2431358999084,1.0731656141666641,16151.854559506128,-266436.7975026838,128.96606032351883,0.06904986916666667
3600,110000.0,299.24304319466916,1.0731611754142343,16155.6212167437,-266436.79768594005,128.99361661825452,0.06904155336480607
3601,110025.0,299.24226950398025,1.0731562890061053,16159.387985416824,-266436.79791491874,129.02132995641344,0.06903250555247084
3602,110050.0,299.2399373051171,1.0731511797576068,16163.154943061818,-266436.79809991556,129.04926531483056,0.06902311703210287
3603,110075.0,299.2377775947106,1.073146047539768,16166.92212032327,-266436.79831216676,129.07715552155045,0.06901370819459858
3604,110100.0,299.2334094798901,1.0731409271382313,16170.689423313102,-266436.7983781361,129.10511811243677,0.06900432436430882
3605,110125.0,299.2314092712157,1.0731356845073,16174.45690798948,-266436.79844437237,129.13314513154035,0.06899476539101497
3606,110150.0,299.2314711936985,1.073130379724607,16178.2245363145,-266436.7984551615,129.1611663802794,0.06898510950928749
3607,110175.0,299.2312388887667,1.073125161492976,16181.992296899223,-266436.79827188136,129.18914941472684,0.06897558564301552
3608,110200.0,299.2332512192677,1.0731201591391863,16185.760168183448,-266436.79810891347,129.21699488593364,0.06896638856562298
3609,110225.0,299.2366239283482,1.0731155561403483,16189.528181696416,-266436.7979910977,129.24497893896617,0.06895777617728532
3610,110250.0,299.2413470678493,1.0731116456198626,16193.29634566853,-266436.7979723043,129.27287240293577,0.06895020160620327
3611,110275.0,299.24284676107527,1.073108590346989,16197.064669864636,-266436.79787115025,129.30049380675555,0.0689438915651532
3612,110300.0,299.24238391087846,1.0731062935695148,16200.833135025574,-266436.7977977094,129.32795570698434,0.06893870209428915
3613,110325.0,299.23768198330674,1.073104605515585,16204.601787071777,-266436.7976400166,129.3553338783438,0.06893441698948534
3614,110350.0,299.2322382946069,1.073103368556936,16208.37063050532,-266436.79754178855,129.38262364389152,0.06893082378976487
3615,110375.0,299.2302530428661,1.0731027032632716,16212.1396165981,-266436.7976871082,129.40982732522156,0.06892822262168143
3616,110400.0,299.2269050575994,1.0731027846281422,16215.908759189955,-266436.79780057195,129.43695787650938,0.06892705372776703
3617,110425.0,299.2268240226655,1.073103738345308,16219.678063166779,-266436.79804749315,129.4638543103928,0.06892767468214483
3618,110450.0,299.2263202284251,1.0731056313898841,16223.447549281036,-266436.79818541475,129.49054800801358,0.06893038620245004
3619,110475.0,299.22462082550743,1.0731084738489847,16227.217151983721,-266436.79817017383,129.5171750854515,0.06893529631675875
3620,110500.0,299.221878647428,1.0731121238147816,16230.986880590832,-266436.7980115166,129.54374848752678,0.06894199512105312
3621,110525.0,299.22273120900155,1.073116136848884,16234.756811235156,-266436.7979408397,129.57017127572274,0.06894931106202834
3622,110550.0,299.22510793743777,1.0731200357898587,16238.526926044824,-266436.7978792239,129.59645300202442,0.06895606900358818
3623,110575.0,299.22693611718273,1.073123363502573,16242.297235952832,-266436.7977610863,129.62273881043077,0.06896135550036792
3624,110600.0,299.2284271234033,1.0731257548505722,16246.06767938549,-266436.7976220218,129.64910159944858,0.06896452937931034
3625,110625.0,299.2325258912494,1.0731269954035643,16249.83831776606,-266436.7976598112,129.67552505947816,0.0689653582460011
3626,110650.0,299.23279649462467,1.0731270215972772,16253.609098600698,-266436.79759236134,129.7020831241617,0.06896394246852311
3627,110675.0,299.2334421873402,1.0731261723630992,16257.380001133792,-266436.7976716641,129.72867430117634,0.06896102829841969
3628,110700.0,299.2294120167182,1.0731249673004475,16261.151029121631,-266436.7976498408,129.75535757068093,0.06895754725819785
3629,110725.0,299.22457756675954,1.0731237825527982,16264.922223239962,-266436.79765470704,129.78215949164402,0.06895412323232322
3630,110750.0,299.22222452042695,1.0731230404847125,16268.693560862315,-266436.7977563464,129.80901013825422,0.06895140888644083
3631,110775.0,299.22254420080867,1.0731231670337713,16272.4650636855,-266436.79787022684,129.8357038662815,0.06895016547356828
3632,110800.0,299.22477477365,1.0731243537939237,16276.236704768897,-266436.79794657533,129.86231877043795,0.06895081337737406
3633,110825.0,299.2263876542846,1.07312672757292,16280.008476896093,-266436.7978717825,129.88880594808325,0.06895374912860025
3634,110850.0,299.22724632453105,1.07313049151765,16283.780447237341,-266436.79766022915,129.9152380955528,0.06895962347546997
3635,110875.0,299.22916665896685,1.0731358006967338,16287.552653765053,-266436.7974327384,129.9414295114598,0.0689690209020902
3636,110900.0,299.2320586424718,1.073142652460817,16291.32501986346,-266436.7972700164,129.96732283411268,0.06898212748602328
3637,110925.0,299.23470427313634,1.0731504956019766,16295.097576800552,-266436.7971960586,129.99310146014324,0.06899778449697636
3638,110950.0,299.2314311368517,1.0731587227260213,16298.870284378605,-266436.7970089322,130.01904504305244,0.06901460529449482
3639,110975.0,299.22720334926834,1.0731671069597046,16302.643200655422,-266436.7968948935,130.04489066996368,0.0690320826007326
3640,111000.0,299.22352181973906,1.0731757143641834,16306.416122694793,-266436.79688388505,130.07062371775186,0.06905034267142726
3641,111025.0,299.2210543100869,1.0731841981511967,16310.189049069213,-266436.7969753959,130.0963994581735,0.0690683979498444
3642,111050.0,299.2190158067536,1.0731917208344748,16313.962175741168,-266436.79709258734,130.1222229423555,0.06908400100649648
3643,111075.0,299.2162139451162,1.0731976085803123,16317.735518241789,-266436.79714046925,130.1481006101357,0.06909548783388218
3644,111100.0,299.2163206406045,1.0732014661179674,16321.50900958292,-266436.7972538944,130.17424612812104,0.06910215025148606
3645,111125.0,299.21469609855643,1.0732030600658231,16325.282685979542,-266436.7971555797,130.2006701179378,0.06910389358200768
3646,111150.0,299.2126330661741,1.0732023905493075,16329.05650497964,-266436.7968967408,130.22727582049205,0.06910120784206196
3647,111175.0,299.2142159862035,1.0731997621527756,16332.83045963288,-266436.7967092483,130.25401524853834,0.06909514117324561
3648,111200.0,299.2153607499782,1.073195448159311,16336.604501256166,-266436.79641838674,130.28096753357116,0.06908670823056544
3649,111225.0,299.21683724803756,1.0731896720547922,16340.37868062742,-266436.79608080373,130.30821812109622,0.0690768309589041
3650,111250.0,299.2200128355712,1.0731827712955333,16344.152988144822,-266436.79583948344,130.33573242645883,0.06906630603487629
3651,111275.0,299.22123537550306,1.073175046823656,16347.927426788632,-266436.79559841665,130.36335633041287,0.06905541730558598
3652,111300.0,299.2195700961777,1.0731667681357766,16351.70203680411,-266436.79534251394,130.3910703159963,0.06904426836390182
3653,111325.0,299.21955038323404,1.0731582426564474,16355.476767655744,-266436.79533763934,130.4187432119142,0.06903294070425103
3654,111350.0,299.21527942462484,1.0731499075239377,16359.25163985228,-266436.7952493778,130.44630850907464,0.06902176397628818
3655,111375.0,299.211658787656,1.073142300237051,16363.026599214008,-266436.7952610664,130.47370686597404,0.06901149772064186
3656,111400.0,299.20629657023164,1.0731359166894516,16366.801679086979,-266436.7951905977,130.50080267605534,0.06900312560386472
3657,111425.0,299.20652021587495,1.0731311251139033,16370.576873827706,-266436.7953263675,130.52759703553883,0.06899745917623472
3658,111450.0,299.2081860125728,1.0731280644984946,16374.352228622414,-266436.7954436887,130.55420496410704,0.06899504882937049
3659,111475.0,299.2141853932615,1.0731266643897974,16378.127702951842,-266436.79573584796,130.58058347386185,0.06899599635701274
3660,111500.0,299.21553500965234,1.0731266732222502,16381.903382149616,-266436.7958449523,130.60686069498345,0.06899994263862332
3661,111525.0,299.21683759084397,1.0731277245585267,16385.679164576482,-266436.79599210643,130.63310904979093,0.06900616257054432
3662,111550.0,299.21349898962706,1.0731297517517495,16389.45508682348,-266436.7959509847,130.65926658613188,0.06901425316225315
3663,111575.0,299.2132347842987,1.073132672216155,16393.23118491123,-266436.7960620966,130.68531892849376,0.06902386444687045
3664,111600.0,299.2129981521611,1.0731364387448818,16397.007425434218,-266436.79617108597,130.711224180355,0.06903479490677579
3665,111625.0,299.2122637070387,1.0731409638115998,16400.78381634181,-266436.7962349575,130.73711452882372,0.06904673204218947
3666,111650.0,299.2118320289075,1.073146147713842,16404.560375976023,-266436.7962839379,130.7629840741754,0.06905943132442503
3667,111675.0,299.2132798637778,1.0731517340058139,16408.337083792005,-266436.79641657334,130.78888195846997,0.06907241548527807
3668,111700.0,299.21256506695846,1.0731575698192037,16412.114000006924,-266436.79644854215,130.81477046679416,0.06908543199781955
3669,111725.0,299.21210859373406,1.0731635663033583,16415.891109532447,-266436.7965295826,130.84069874114473,0.06909825222524976
3670,111750.0,299.2116155860358,1.0731695009534166,16419.668402092004,-266436.7966618461,130.8665671008811,0.06911038372832105
3671,111775.0,299.2110638045581,1.0731750720769768,16423.445919914873,-266436.7968156062,130.89247330074468,0.0691213590232389
3672,111800.0,299.2077402850542,1.0731801708866482,16427.223587585737,-266436.7968280531,130.91851528015277,0.06913123150921134
3673,111825.0,299.2049641154974,1.0731848197241858,16431.001417192365,-266436.7967846577,130.94458872110357,0.06914020640537105
3674,111850.0,299.20665386068134,1.0731890696598618,16434.77944490678,-266436.796854976,130.97072774231324,0.0691483882993197
3675,111875.0,299.2063824272771,1.0731927875408032,16438.557686511267,-266436.79669713276,130.99686094767895,0.06915540560391728
3676,111900.0,299.2103503007898,1.073195923216388,16442.336091674213,-266436.7966723493,131.02305467283142,0.06916104097543285
3677,111925.0,299.21307689043067,1.073198284665577,16446.11466503256,-266436.7965446348,131.0493496463661,0.06916488299800615
3678,111950.0,299.21476783845355,1.073199635317566,16449.893394971394,-266436.7964182691,131.0757694556495,0.06916650412249703
3679,111975.0,299.2160453358706,1.0731997670289832,16453.672277722217,-266436.79639126273,131.10227661512712,0.06916561666666665
3680,112000.0,299.2154960538814,1.0731988261342005,16457.45136792106,-266436.7964150732,131.12894521072204,0.06916270071538529
3681,112025.0,299.2108878740732,1.073197192920512,16461.230678385415,-266436.79634368455,131.15564837877994,0.0691586332609089
3682,112050.0,299.2074952631018,1.0731952345913636,16465.010175605512,-266436.79637408245,131.1823845865692,0.06915419775545295
3683,112075.0,299.203638998101,1.0731933345095888,16468.789769418774,-266436.7963313157,131.20906955546536,0.06915015363735068
3684,112100.0,299.20236188376407,1.0731916815920377,16472.569274746747,-266436.7963170201,131.23565948910027,0.06914692781546809
3685,112125.0,299.2011781253402,1.0731903405679124,16476.34882792958,-266436.7961780351,131.26222891806867,0.06914468990775907
3686,112150.0,299.20227564442746,1.073189269686283,16480.128500759543,-266436.7960342799,131.28871560934846,0.06914330178103244
3687,112175.0,299.20364494595185,1.0731882838937072,16483.908298919858,-266436.79580088175,131.31520657664527,0.06914229998192334
3688,112200.0,299.207854585887,1.0731870453600774,16487.68827871133,-266436.79563082947,131.3417286448905,0.0691410067769043
3689,112225.0,299.2115860122865,1.0731853322493203,16491.468429056396,-266436.795416386,131.36837303053326,0.06913904046973801
3690,112250.0,299.21304921927316,1.0731832566603428,16495.248705617658,-266436.795150053,131.39505615587495,0.06913659613474214
3691,112275.0,299.2154989701166,1.073180907547849,16499.029115607107,-266436.7950081471,131.4217999017699,0.0691337277898158
3692,112300.0,299.21580777994507,1.0731783847820178,16502.809641983604,-266436.7948781234,131.44858679673285,0.06913051340373678
3693,112325.0,299.21320383351485,1.0731759549720243,16506.59029089256,-266436.7947307489,131.47522412723364,0.06912735110990793
3694,112350.0,299.21124614055134,1.0731736971583197,16510.371071273283,-266436.7946913395,131.5017463362204,0.0691242193955796
3695,112375.0,299.21232882269226,1.0731716072330424,16514.151924771584,-266436.79484495526,131.52820465088413,0.0691210577200577
3696,112400.0,299.21130372897045,1.0731695831755454,16517.932871180175,-266436.7949152888,131.55473411982717,0.06911772653502837
3697,112425.0,299.20850196079067,1.073167669190551,16521.71394425954,-266436.7948968888,131.58117019722403,0.06911450820263203
3698,112450.0,299.20527063332537,1.0731660993962309,16525.49516947052,-266436.79484016914,131.60757979751313,0.06911197648012975
3699,112475.0,299.20242980513615,1.0731650145945921,16529.27650075733,-266436.7947619288,131.63396827423452,0.06911047549549548
3700,112500.0,299.2009401468983,1.073164397280012,16533.057919495663,-266436.7946873342,131.6602869402867,0.06911007385391334
3701,112525.0,299.2018663654792,1.0731640420493402,16536.83948549724,-266436.79465495993,131.68641180389008,0.0691104439041959
3702,112550.0,299.20223925186895,1.0731636469529187,16540.621213967715,-266436.79452926095,131.71260690125152,0.06911099936988026
3703,112575.0,299.20336373524225,1.0731629145068369,16544.403110939646,-266436.7944072275,131.73875229292685,0.0691110487760979
3704,112600.0,299.2038039079633,1.073161863607735,16548.185165759638,-266436.79419487674,131.7648858262711,0.06911034304993252
3705,112625.0,299.2037756861856,1.0731606548839696,16551.967343707714,-266436.7939433168,131.7911080527076,0.06910892669544881
3706,112650.0,299.20269706231556,1.0731595134430334,16555.749652109916,-266436.7936483163,131.81720962512395,0.06910703264094954
3707,112675.0,299.20387041181334,1.0731584532542227,16559.53215560638,-266436.7934572855,131.8432746616328,0.06910467215030563
3708,112700.0,299.20541277972603,1.0731574919565,16563.314813102934,-266436.7933160955,131.86936324849495,0.0691020210299272
3709,112725.0,299.20380082623643,1.0731566092542655,16567.09759103786,-266436.793045453,131.89549990655914,0.06909915426774484
3710,112750.0,299.2056893927074,1.0731558686787006,16570.880513261418,-266436.7929753526,131.92148523093536,0.06909630342225816
3711,112775.0,299.2070182490133,1.0731554374999979,16574.663535285054,-266436.79294631246,131.94741699191837,0.06909391900143678
3712,112800.0,299.20646241098945,1.0731553902504691,16578.446698515963,-266436.7928923159,131.97312680635633,0.06909226519436215
3713,112825.0,299.20802630730674,1.0731556403697697,16582.22999252489,-266436.7930204975,131.99866335263,0.06909124142882786
3714,112850.0,299.2052183579194,1.0731561891431112,16586.01345410564,-266436.7930115738,132.0241438763574,0.06909085607895918
3715,112875.0,299.20354382840077,1.073156939720127,16589.797044322688,-266436.7931079395,132.04965990536448,0.06909096851453175
3716,112900.0,299.20537112169416,1.0731580247511412,16593.580783492544,-266436.7933890106,132.07519234974473,0.06909192260783785
3717,112925.0,299.20494853783504,1.0731595511027412,16597.364698094705,-266436.7935363228,132.10081671373527,0.06909404294423524
3718,112950.0,299.20432572922937,1.0731614324639218,16601.148748339994,-266436.79364650324,132.12648460302978,0.06909725105315048
3719,112975.0,299.20451121218747,1.073163606093188,16604.932960821177,-266436.79373645486,132.1522356076168,0.0691013652329749
3720,113000.0,299.2034120572438,1.0731660014333044,16608.717317381557,-266436.79369428364,132.17799855253995,0.06910604792618472
3721,113025.0,299.2040712169096,1.0731684322049055,16612.50189417906,-266436.79365799844,132.20377040766644,0.0691107388500806
3722,113050.0,299.20563400206044,1.0731707408899611,16616.286653527473,-266436.79358230595,132.22948221004597,0.06911510573909929
3723,113075.0,299.2098143479245,1.073172566774076,16620.07157018442,-266436.7936192306,132.2553475397425,0.06911842329036878
3724,113100.0,299.21284520903913,1.0731736441163289,16623.856622634306,-266436.7936412672,132.28133485736046,0.06912016617449665
3725,113125.0,299.21273766684675,1.0731738457684716,16627.64181421993,-266436.79355730035,132.30748521372368,0.06912016917158706
3726,113150.0,299.21129390689674,1.0731730465074658,16631.42717393814,-266436.7934401285,132.33377185135527,0.06911827072712638
3727,113175.0,299.21093516639957,1.073171360067952,16635.212574408382,-266436.79340601293,132.36007923193878,0.06911472067238913
3728,113200.0,299.20830396996627,1.073169072673637,16638.99789473526,-266436.7932679282,132.38650096996543,0.06911006114239744
3729,113225.0,299.2067862897241,1.0731663699731882,16642.783218467146,-266436.79317596136,132.4128937308314,0.06910467176050046
3730,113250.0,299.20630998141814,1.073163380505671,16646.5686867497,-266436.7931186695,132.43943954721732,0.06909893156437061
3731,113275.0,299.20808358708587,1.073160276527329,16650.354276130973,-266436.79313811223,132.465989261165,0.06909328492318687
3732,113300.0,299.20794276614106,1.073157417180103,16654.14001911638,-266436.7930368164,132.49249536521148,0.06908826850611663
3733,113325.0,299.2069342238898,1.0731550551687177,16657.925849645366,-266436.7928853876,132.518935550527,0.06908415318693091
3734,113350.0,299.2082940982609,1.0731531308344466,16661.711859454743,-266436.7928347325,132.54535230772007,0.06908062382864794
3735,113375.0,299.21010236643593,1.0731514387937164,16665.4980265831,-266436.79281728494,132.57180048385112,0.06907722046752321
3736,113400.0,299.21151072063276,1.073149754794396,16669.28429735852,-266436.7927854058,132.59832539238278,0.06907357969851041
3737,113425.0,299.21143144498075,1.0731480360263932,16673.07069321432,-266436.7926704825,132.62478730114174,0.06906981906545392
3738,113450.0,299.2098474639399,1.0731460307568845,16676.857225351643,-266436.7924598594,132.6513548650266,0.06906569938486229
3739,113475.0,299.21447994661446,1.0731434551693382,16680.643920549144,-266436.79255566467,132.67802968431403,0.0690608639928699
3740,113500.0,299.21673703002887,1.0731404060411633,16684.43077675429,-266436.7925562326,132.70471805488756,0.06905559654281389
3741,113525.0,299.2166326586508,1.073137037413146,16688.217740405074,-266436.7924550193,132.73138450276173,0.06905024291822556
3742,113550.0,299.21462500953015,1.073133412948613,16692.004847258828,-266436.7922632712,132.75805446798498,0.06904482812360853
3743,113575.0,299.213497022081,1.0731297272970064,16695.792129944122,-266436.7920804837,132.7847874301107,0.06903955733618235
3744,113600.0,299.2144752254574,1.073126210413883,16699.579593654238,-266436.7919444864,132.8114119776594,0.06903471998219851
3745,113625.0,299.2130498784494,1.0731230637124023,16703.367154100673,-266436.7916536116,132.83799184071927,0.06903046832176546
3746,113650.0,299.21280990801654,1.0731202940129863,16707.15481622679,-266436.79140706913,132.86456431091568,0.06902654043234589
3747,113675.0,299.2156387138931,1.0731178319992865,16710.94262004788,-266436.79130296357,132.8911051527929,0.06902267102454644
3748,113700.0,299.2151185238743,1.0731157726504825,16714.730566011858,-266436.7910424517,132.91751210393912,0.06901892611363032
3749,113725.0,299.21277832160126,1.0731143025777758,16718.518627156478,-266436.7907286873,132.94385613982251,0.06901564613333334
3750,113750.0,299.2116733837212,1.0731134012263377,16722.30681070429,-266436.7905164353,132.97006674691224,0.06901293601706214
3751,113775.0,299.2116921945642,1.0731128876154918,16726.095145503143,-266436.79037413665,132.9962243002846,0.06901064667732766
3752,113800.0,299.2143843187685,1.073112632116527,16729.883656633923,-266436.79037827393,133.02232241362498,0.06900867013056224
3753,113825.0,299.2128036584989,1.0731125003551747,16733.672301559258,-266436.790173214,133.0483722076011,0.06900687764162673
3754,113850.0,299.21417632756453,1.0731122735907657,16737.461078817694,-266436.7901028287,133.0744659419444,0.06900506125166447
3755,113875.0,299.21284791986284,1.073111902112174,16741.2500362771,-266436.789902802,133.10059418929745,0.06900329295349665
3756,113900.0,299.2131622337871,1.0731115081181772,16745.039112527313,-266436.78983218933,133.1266385745722,0.06900189149143822
3757,113925.0,299.21395600691983,1.073111121784635,16748.828342400066,-266436.7898399861,133.1527077162501,0.0690009114777364
3758,113950.0,299.21271403981683,1.073110653897311,16752.617711894683,-266436.7897983335,133.17877277361032,0.06900020555112177
3759,113975.0,299.2127878058523,1.0731100492021255,16756.407200049587,-266436.78987920756,133.20489183040812,0.06899963554964542
3760,114000.0,299.2082785172396,1.073109175485241,16760.196824042396,-266436.78976396576,133.23107548418005,0.06899884658335552
3761,114025.0,299.2073586083656,1.073107792486264,16763.98659751323,-266436.78980876395,133.25734327352504,0.06899720060251642
3762,114050.0,299.20736231676983,1.0731056445212133,16767.77657375333,-266436.7898480837,133.28367116936872,0.068994032775268
3763,114075.0,299.2062471099021,1.0731026043216416,16771.566723032443,-266436.7897841296,133.3101443796496,0.06898904782146656
3764,114100.0,299.20692230712837,1.0730988231961025,16775.35699299171,-266436.78978632996,133.33684678610035,0.06898249012837543
3765,114125.0,299.20756169109706,1.0730946290493872,16779.14740572963,-266436.78975978633,133.36379918392666,0.06897493379359182
3766,114150.0,299.20818265728826,1.0730902292717437,16782.937922746514,-266436.7897194232,133.39076902353804,0.06896679461994518
3767,114175.0,299.2092347172695,1.0730857074486886,16786.728579861054,-266436.7896898821,133.41764343878302,0.0689583355449399
3768,114200.0,299.2092852099598,1.0730810599628529,16790.519343144984,-266436.7896359865,133.44458659671028,0.06894964261077215
3769,114225.0,299.20867713430727,1.073076254995577,16794.310240574832,-266436.78957220394,133.4715457629534,0.06894077886825822
3770,114250.0,299.20698294944003,1.0730713625033126,16798.101263371198,-266436.7894839853,133.49842514381714,0.06893187474586764
3771,114275.0,299.205904827679,1.0730666101095772,16801.8923956059,-266436.7894437419,133.52533728066484,0.0689232144750796
3772,114300.0,299.20464323650634,1.0730620975351157,16805.683707511296,-266436.7894007109,133.5522157351359,0.0689148795830021
3773,114325.0,299.2052210553802,1.073057749249247,16809.475191355712,-266436.78945330606,133.57905191724106,0.06890671338986051
3774,114350.0,299.2041641903766,1.0730536439735077,16813.266823768598,-266436.78940907,133.60589070825637,0.06889884529801331
3775,114375.0,299.2034589690162,1.073049822122173,16817.058593331247,-266436.7893681074,133.63271064141978,0.06889146089336165
3776,114400.0,299.2060388397331,1.0730461450004392,16820.850492738362,-266436.78946516925,133.65959331021122,0.06888448724737452
3777,114425.0,299.2065409063892,1.0730424526204319,16824.64234126181,-266436.7894521186,133.68658855258542,0.0688777860419976
3778,114450.0,299.2067416887197,1.0730385560553917,16828.43407426289,-266436.7894359081,133.7137061426306,0.0688710802681486
3779,114475.0,299.2101210757509,1.073034364462079,16832.22575222199,-266436.78957365314,133.74078258836008,0.06886410132275139
3780,114500.0,299.20985391342816,1.073029925063914,16836.01739086894,-266436.78957942605,133.76796689985042,0.06885678145111529
3781,114525.0,299.21079951806945,1.0730253315705955,16839.808977806573,-266436.7897118551,133.79524117142634,0.06884918764322234
3782,114550.0,299.2103627189194,1.0730208085293838,16843.600505305785,-266436.7898458778,133.8224747531063,0.06884156075425153
3783,114575.0,299.20705274912046,1.073016632751936,16847.39197032676,-266436.7898835373,133.8498630205253,0.06883426638477808
3784,114600.0,299.2037143101731,1.073013205988549,16851.183365214565,-266436.7899006073,133.8772387813301,0.06882788507265529
3785,114625.0,299.20309483025324,1.073011008804365,16854.97466212039,-266436.7900086793,133.90449001003728,0.06882329749955986
3786,114650.0,299.2024190103878,1.073010214241702,16858.765907391105,-266436.7900393851,133.9315560070419,0.06882095414136087
3787,114675.0,299.20241055244776,1.0730105958289313,16862.557090947586,-266436.79002158355,133.95852588507597,0.06882060462865196
3788,114700.0,299.20383749177586,1.0730118829066575,16866.3482247157,-266436.79002904415,133.9852607901824,0.06882192794932707
3789,114725.0,299.20539491794335,1.0730137083553188,16870.13929683891,-266436.79003250564,134.0118477324541,0.06882440835532108
3790,114750.0,299.20651119344205,1.0730157385913985,16873.930325898917,-266436.79006917065,134.03841442609718,0.0688274741932648
3791,114775.0,299.2069409042736,1.0730178071378318,16877.72128802517,-266436.79014763684,134.06493320464165,0.0688308350914206
3792,114800.0,299.2067354000366,1.0730196086650827,16881.512226842726,-266436.79029331444,134.09132752878136,0.06883386606907467
3793,114825.0,299.20551822931094,1.0730208922860636,16885.30310741894,-266436.790474272,134.1176856104378,0.06883609216306455
3794,114850.0,299.20503067527596,1.0730216637681138,16889.09394601751,-266436.79074128834,134.1440949292932,0.06883747949055781
3795,114875.0,299.20326921347186,1.0730222288373705,16892.884753728253,-266436.79095833504,134.17045365490017,0.06883850114155257
3796,114900.0,299.2013968645437,1.0730227935211987,16896.675550561526,-266436.7911590645,134.19676576060075,0.06883953270125544
3797,114925.0,299.19949575873414,1.0730234419870086,16900.466339704875,-266436.7913393018,134.22317693724796,0.06884069071441117
3798,114950.0,299.1965940306236,1.0730241808370602,16904.257174453043,-266436.7914043933,134.249584979995,0.06884190146529795
3799,114975.0,299.19689092236996,1.0730248931578925,16908.04802473775,-266436.7915329796,134.27600581438622,0.06884293491228077
3800,115000.0,299.1951101653089,1.0730253908620515,16911.838826188756,-266436.79146185634,134.30251791230407,0.06884345224940812
3801,115025.0,299.1942306761369,1.0730256529019793,16915.62961407289,-266436.791322386,134.32906003638465,0.06884334034718576
3802,115050.0,299.19472633053005,1.0730257194320252,16919.420406325124,-266436.7911502368,134.35558965474652,0.06884249732667198
3803,115075.0,299.1952406611477,1.07302560541535,16923.211145700345,-266436.7908954768,134.38199592157406,0.0688409502278304
3804,115100.0,299.19677070267346,1.0730253905387626,16927.001842434198,-266436.7906458168,134.408342289444,0.06883902093736319
3805,115125.0,299.20079487563646,1.0730249785426498,16930.79250755801,-266436.7905440256,134.4347655170786,0.06883675696269055
3806,115150.0,299.19982076263176,1.0730242199457118,16934.583134662495,-266436.7902817715,134.46126695797244,0.06883407022152183
3807,115175.0,299.1996891236885,1.0730229772408941,16938.37375924618,-266436.7901771558,134.48791340021037,0.06883088384103647
3808,115200.0,299.19850311726765,1.0730214211954123,16942.16434362303,-266436.790139741,134.5148090210907,0.06882755272599989
3809,115225.0,299.1969792773418,1.0730197566054223,16945.954889778684,-266436.790200892,134.54173272974657,0.06882432843394581
3810,115250.0,299.19544005842886,1.073018349427095,16949.74539680131,-266436.79034273303,134.56862485069567,0.06882161637365526
3811,115275.0,299.1926774310963,1.0730176114025862,16953.53583838356,-266436.7904700751,134.59548165328818,0.06881990888422532
3812,115300.0,299.1914368160693,1.0730178068012919,16957.326247527526,-266436.7906492033,134.62218555511876,0.06881969525308164
3813,115325.0,299.19024248199764,1.0730190435238576,16961.116657437455,-266436.79076718824,134.64871868659355,0.06882136986540821
3814,115350.0,299.18788550126845,1.0730213608562673,16964.907036778888,-266436.7907321825,134.67508215718684,0.06882519702927048
3815,115375.0,299.190819664397,1.0730246139937087,16968.69738838525,-266436.7908601214,134.70135717732384,0.06883100716282327
3816,115400.0,299.18996075862515,1.0730283862544738,16972.487716664604,-266436.79068508564,134.7276999490877,0.06883795607370541
3817,115425.0,299.19257267819245,1.073031949188055,16976.277965852223,-266436.7906400573,134.75407729910978,0.06884453020778773
3818,115450.0,299.19527211233446,1.07303473492188,16980.06817205319,-266436.7906098595,134.780619295191,0.06884945535480498
3819,115475.0,299.19216267076933,1.0730362410994747,16983.858337797767,-266436.79035143706,134.80738614738252,0.06885170008726009
3820,115500.0,299.191264411412,1.073036116636132,16987.648470838645,-266436.79023802787,134.83435844560793,0.06885074308645212
3821,115525.0,299.1915424938092,1.073034444270014,16991.43858658812,-266436.7901945597,134.8614978044657,0.0688469718297576
3822,115550.0,299.1920010694059,1.0730316608248303,16995.228675863495,-266436.7901576804,134.8887952282678,0.06884130081088156
3823,115575.0,299.19250648649023,1.0730282382322158,16999.018679672456,-266436.7901249342,134.91625779166696,0.06883457627266394
3824,115600.0,299.19285684035003,1.0730246243137236,17002.808610728836,-266436.7900891565,134.94389267843167,0.06882752496732032
3825,115625.0,299.1913943831692,1.0730212530928716,17006.598544949677,-266436.7899636147,134.9714220071444,0.06882080972294831
3826,115650.0,299.1918188295459,1.0730184347182286,17010.388431913547,-266436.78992811614,134.99890359707373,0.0688150073164359
3827,115675.0,299.1923076185142,1.073016322884011,17014.178255129955,-266436.78987358214,135.0261310882971,0.06881052403343788
3828,115700.0,299.1948428341618,1.0730150916688415,17017.96800148859,-266436.7899049889,135.0532724744497,0.06880774571254468
3829,115725.0,299.1964538115767,1.0730148719756294,17021.75766833189,-266436.7898932763,135.08027037841634,0.06880681932114889
3830,115750.0,299.1967842463253,1.0730156514400053,17025.547266430473,-266436.7898080744,135.1072098944578,0.06880758157139134
3831,115775.0,299.19741808159506,1.0730172931454403,17029.33683216601,-266436.7897489409,135.13409539109287,0.06880972520876834
3832,115800.0,299.194890630665,1.0730195263935978,17033.126352830805,-266436.78954933054,135.1609669785202,0.0688127953735108
3833,115825.0,299.19365474039444,1.0730219596591881,17036.915851778598,-266436.7894390386,135.1877681826642,0.06881609067988183
3834,115850.0,299.1923574621483,1.0730241320295506,17040.70533351364,-266436.7893450407,135.21453000877912,0.06881874028683188
3835,115875.0,299.1918785902865,1.0730257875391016,17044.494782034362,-266436.7892922109,135.2413359447344,0.06882034888773035
3836,115900.0,299.1912589346726,1.0730269452697405,17048.28418358218,-266436.78919431777,135.2682254228133,0.06882114959603865
3837,115925.0,299.1918267912121,1.073027457095708,17052.073543893297,-266436.78907826025,135.29535239638733,0.06882102657634193
3838,115950.0,299.1960545563095,1.0730271379699556,17055.862878143565,-266436.78908236895,135.32268965294813,0.06881968993661552
3839,115975.0,299.1998775919285,1.073025876215276,17059.652172277816,-266436.7890768198,135.350167701476,0.06881692760416676
3840,116000.0,299.1998300206558,1.0730236715265105,17063.441412585216,-266436.7889625863,135.37777009554836,0.06881272107958006
3841,116025.0,299.19910258528694,1.0730207519521064,17067.230597546022,-266436.7889234965,135.4055277450116,0.06880741540864142
3842,116050.0,299.19860638095383,1.0730174053256987,17071.019764343866,-266436.7889573356,135.43327938459566,0.06880140584612725
3843,116075.0,299.19682379153807,1.073013955948663,17074.80890386511,-266436.7889330328,135.46102455584492,0.06879515808185925
3844,116100.0,299.1953423215446,1.073010637364541,17078.59801471742,-266436.7888876312,135.4888633799743,0.0687890685739056
3845,116125.0,299.19507212575985,1.073007510920435,17082.387071848712,-266436.78885227506,135.51658791047007,0.06878331478592485
3846,116150.0,299.1951980726122,1.073004525691013,17086.176105992934,-266436.78878733976,135.5442493588947,0.06877785434537743
3847,116175.0,299.1969681935219,1.073001669785168,17089.96512376589,-266436.7887710906,135.57198254400586,0.06877263608801117
3848,116200.0,299.19891454836903,1.0729988784965776,17093.754113531344,-266436.7887551594,135.5996458118129,0.06876741673161868
3849,116225.0,299.2009794220794,1.0729960585281368,17097.543008782894,-266436.78875850805,135.62735264147219,0.06876194571428579
3850,116250.0,299.2014555977683,1.0729931921578795,17101.331812201282,-266436.78874630295,135.6551302182986,0.06875618497360002
3851,116275.0,299.199581159053,1.0729902213568694,17105.120591500297,-266436.788650281,135.6829702188477,0.0687500767566633
3852,116300.0,299.20002469443875,1.0729871835798928,17108.909346428965,-266436.7887307083,135.71076382386053,0.06874370888485172
3853,116325.0,299.1968231785173,1.0729840492129374,17112.698076241864,-266436.78867690696,135.73861390520705,0.06873706512714071
3854,116350.0,299.19401420622717,1.0729806015564187,17116.48679852913,-266436.7886708028,135.76647647946422,0.06872987920449641
3855,116375.0,299.19156200475595,1.0729767393672183,17120.27549305951,-266436.7886699143,135.79435804581635,0.06872206811894892
3856,116400.0,299.1899219928283,1.072972572984183,17124.0641398545,-266436.7886536368,135.82227981021552,0.06871384253737801
3857,116425.0,299.1889999765869,1.0729683506998429,17127.852750098533,-266436.788588131,135.8501482795925,0.06870557102125463
3858,116450.0,299.1875188412384,1.0729643257320534,17131.64129957022,-266436.7883919358,135.87805652440215,0.06869758322536074
3859,116475.0,299.1880875704678,1.0729608531088066,17135.4297818756,-266436.788198642,135.9060727177896,0.06869036088082911
3860,116500.0,299.1906708449466,1.0729583007856325,17139.218223819513,-266436.7880150041,135.93393710947112,0.06868452015885358
3861,116525.0,299.1915482092195,1.0729569592611756,17143.006641295135,-266436.78770965856,135.9616843065772,0.06868070015536001
3862,116550.0,299.1956642029525,1.0729569968936046,17146.795046473504,-266436.78760319465,135.98933412520526,0.0686794200534991
3863,116575.0,299.19331693685444,1.072958479296065,17150.583414981487,-266436.7872568076,136.01661946471737,0.06868099844720506
3864,116600.0,299.1950669052192,1.0729612468305292,17154.371761754497,-266436.78723450546,136.04364387787874,0.06868525088400182
3865,116625.0,299.1947232949661,1.0729651030350047,17158.160048308106,-266436.7872390521,136.0705329138648,0.06869184618037602
3866,116650.0,299.1940004545312,1.072970011895525,17161.948324039342,-266436.7873645915,136.0972000088789,0.06870072847168357
3867,116675.0,299.1916944999153,1.072975992502584,17165.736604715825,-266436.7875082236,136.12382341054845,0.06871192821440893
3868,116700.0,299.18841629534046,1.0729829469285763,17169.524913638703,-266436.7876527251,136.15034225872355,0.0687252879296977
3869,116725.0,299.1856194121462,1.0729907130921605,17173.313207016574,-266436.78779828345,136.17667637416056,0.06874054005167969
3870,116750.0,299.18374819349157,1.0729991286489264,17177.101470670492,-266436.7879209892,136.20284071936658,0.06875737423577037
3871,116775.0,299.1829608504664,1.0730078990185938,17180.889730937193,-266436.7880048373,136.2289709423213,0.06877510063705244
3872,116800.0,299.18091789336586,1.073016643600997,17184.678021964577,-266436.78793937166,136.25519553068284,0.0687927784663053
3873,116825.0,299.1841634524194,1.0730249854586118,17188.466276213254,-266436.7880496466,136.28137509886457,0.068809466184822
3874,116850.0,299.1852468193564,1.0730324665806439,17192.254512776122,-266436.7880063128,136.30766767268852,0.06882405608602161
3875,116875.0,299.1867869246662,1.073038767715857,17196.042709402944,-266436.78798786085,136.33409121052668,0.06883585474716213
3876,116900.0,299.18783417788825,1.0730439913163088,17199.830904140952,-266436.7879959979,136.360581636661,0.06884522104720155
3877,116925.0,299.1867143378905,1.0730484090596515,17203.61905913447,-266436.78792518575,136.38718682233144,0.0688529208354823
3878,116950.0,299.18749118939746,1.073052284695367,17207.407142234977,-266436.78798505093,136.41379870877407,0.06885965558133549
3879,116975.0,299.18664148196035,1.0730560030068717,17211.195169085517,-266436.7880215145,136.44038224295565,0.06886638487972517
3880,117000.0,299.1859779614377,1.0730599489822197,17214.983141655193,-266436.7881370175,136.46708924830403,0.06887395851584652
3881,117025.0,299.18862084647253,1.0730641398763512,17218.771223530777,-266436.7885059274,136.4936452568267,0.06888236201270831
3882,117050.0,299.18817715769757,1.0730685203880148,17222.55944815919,-266436.7887751964,136.52015623744558,0.06889138260794926
3883,117075.0,299.18575000721074,1.0730730974939913,17226.347794389498,-266436.7889649819,136.54680371309678,0.06890098043254385
3884,117100.0,299.18598438910504,1.0730778166452153,17230.136271625088,-266436.7892629834,136.57346138610072,0.06891080068640078
3885,117125.0,299.1855902374352,1.0730827913021088,17233.924911303344,-266436.7894951384,136.60019985246214,0.06892082758620698
3886,117150.0,299.18640734336844,1.0730878585884558,17237.713712188182,-266436.7897245466,136.62700309536095,0.0689305394906098
3887,117175.0,299.19009349005654,1.073092670438956,17241.50263608491,-266436.79003011517,136.65384798405384,0.0689392036179699
3888,117200.0,299.19274376266554,1.0730969126596368,17245.29167559573,-266436.7902747806,136.68077460469735,0.06894630341990236
3889,117225.0,299.1914890726666,1.0731004299057398,17249.08084944305,-266436.7903453338,136.70789450848363,0.06895170548414747
3890,117250.0,299.19108196427817,1.0731031510322953,17252.87018717128,-266436.790473117,136.73517163120053,0.06895550458322633
3891,117275.0,299.1915792723552,1.0731050875299746,17256.659688567517,-266436.79065127845,136.76258298749605,0.06895799160671472
3892,117300.0,299.18909049276647,1.0731064264063688,17260.44934164238,-266436.7906623527,136.7901158594061,0.06895969423752042
3893,117325.0,299.1873688011487,1.0731074926382453,17264.2391279051,-266436.79067787726,136.81761541302893,0.06896118250299614
3894,117350.0,299.18716649576544,1.0731084530594766,17268.02900635048,-266436.79074861045,136.84507562250784,0.06896260025673949
3895,117375.0,299.1894861645294,1.0731091976386022,17271.819041390092,-266436.79093249567,136.872338927704,0.06896352951745388
3896,117400.0,299.1893369223351,1.0731096795825836,17275.60921361452,-266436.7909933673,136.89952468993278,0.06896374382003258
3897,117425.0,299.1910346498221,1.0731098581323744,17279.399510251784,-266436.7911479324,136.92673823302582,0.06896321190354035
3898,117450.0,299.19148149115324,1.073109554330169,17283.189906234365,-266436.79124846106,136.9538876152863,0.06896182260408658
3899,117475.0,299.1878852234205,1.073108717179486,17286.980389858236,-266436.79114963853,136.981134563932,0.06895973350427356
3900,117500.0,299.1885701433837,1.073107667008458,17290.77102296867,-266436.79124510323,137.00842530522124,0.06895758813979327
3901,117525.0,299.18880548727316,1.0731067954894913,17294.561769354037,-266436.79128218023,137.03567269767674,0.06895609388347862
3902,117550.0,299.18879206866677,1.0731064627209825,17298.35261627392,-266436.79123126395,137.06286763626304,0.06895588162951583
3903,117575.0,299.18778652245726,1.0731069936816924,17302.143626177796,-266436.7910456681,137.08989139293067,0.06895736799863393
3904,117600.0,299.19063604123085,1.0731083669654276,17305.934833984666,-266436.7909928829,137.1168285276145,0.0689602950064021
3905,117625.0,299.193838307904,1.0731102751322736,17309.72618752222,-266436.79096289276,137.14373963645707,0.0689639564772146
3906,117650.0,299.1940398028342,1.0731123156727227,17313.51767424532,-266436.7908783644,137.1707535689791,0.06896747308250153
3907,117675.0,299.19429185457346,1.073114148242919,17317.309297838656,-266436.7909293779,137.19781762487239,0.06897015020470834
3908,117700.0,299.1924522547983,1.073115503112474,17321.101081421624,-266436.7909632392,137.2249197448626,0.06897150797305368
3909,117725.0,299.18898777110144,1.0731163601023002,17324.89297874539,-266436.7909762011,137.25208058721262,0.06897168797953969
3910,117750.0,299.1888257257325,1.0731168468422383,17328.685019954864,-266436.7911868922,137.2793451020203,0.06897108838319274
3911,117775.0,299.1875157138735,1.0731171165644156,17332.4772067531,-266436.7913508707,137.30669723466295,0.06897011324130883
3912,117800.0,299.18692320811135,1.0731173418519449,17336.269544083516,-266436.7915083012,137.3341873589747,0.0689691707981941
3913,117825.0,299.186559678932,1.073117784874807,17340.06201722666,-266436.79161903047,137.36169592445955,0.06896880327031174
3914,117850.0,299.1878609780349,1.0731184584078315,17343.854617697863,-266436.7917383974,137.38909390089432,0.06896905704555134
3915,117875.0,299.1903373337606,1.0731191207013944,17347.647394209263,-266436.7918621165,137.41653155149845,0.06896952570650328
3916,117900.0,299.1925427455552,1.0731195002978455,17351.4403070956,-266436.79195665376,137.44410090085984,0.06896979763424393
3917,117925.0,299.1932269749889,1.073119456780669,17355.233324125184,-266436.79199458694,137.4717556659013,0.06896961408882087
3918,117950.0,299.1925630808046,1.0731190848855987,17359.026444139698,-266436.7920181407,137.49954419656407,0.06896898630603049
3919,117975.0,299.18870652899824,1.0731185769557807,17362.819671087793,-266436.7919021999,137.52735812261935,0.06896806921768711
3920,118000.0,299.187623009523,1.0731182535917692,17366.612889177628,-266436.7919267536,137.55508520164955,0.0689673010286492
3921,118025.0,299.1862892735865,1.0731184323474403,17370.406061725433,-266436.7919182768,137.5826889629444,0.06896716267210612
3922,118050.0,299.188235976975,1.0731192340045868,17374.19936639769,-266436.7920292562,137.610132546096,0.06896790670405306
3923,118075.0,299.1892908341844,1.0731207608732571,17377.992770014986,-266436.7920632448,137.63734608112503,0.06896984259259265
3924,118100.0,299.1914705134623,1.073123046454351,17381.78631053549,-266436.79213947896,137.66434726641222,0.06897313188959665
3925,118125.0,299.19020177738315,1.0731260160468656,17385.579923532467,-266436.7920159553,137.6912486873836,0.06897768721344887
3926,118150.0,299.1939021249485,1.0731294499618014,17389.373673537848,-266436.79212212097,137.71824843926694,0.06898310966810973
3927,118175.0,299.19738780312446,1.0731332074847235,17393.167565337862,-266436.7922494046,137.74521692608656,0.06898914545145968
3928,118200.0,299.1989433017747,1.0731369882073456,17396.96158261834,-266436.792331831,137.7722414352256,0.06899517748366851
3929,118225.0,299.19766555029844,1.0731406094995743,17400.755772513177,-266436.7923315077,137.79929617039897,0.06900083994910948
3930,118250.0,299.1957281153242,1.0731439231747633,17404.55008892685,-266436.7923491661,137.82638082506605,0.06900583439328423
3931,118275.0,299.19511622363666,1.073146711936248,17408.344527009525,-266436.7924398217,137.8535380802818,0.06900973033231611
3932,118300.0,299.19347481634185,1.0731488579540622,17412.13908155076,-266436.7924616724,137.88074180600086,0.06901234248665147
3933,118325.0,299.19191498263154,1.073150125063547,17415.933787094167,-266436.792454723,137.90811186781937,0.06901326148110495
3934,118350.0,299.19027494697315,1.073150182210926,17419.728630349124,-266436.7924071247,137.93571291596817,0.06901193214739523
3935,118375.0,299.1896566408382,1.0731488315548765,17423.523576457097,-266436.79231096926,137.96350063448546,0.06900813473915995
3936,118400.0,299.19287635043753,1.0731460723901434,17427.3186403299,-266436.7923042647,137.9915222166628,0.0690020297180595
3937,118425.0,299.19470214559146,1.07314207838158,17431.113762478028,-266436.7921371736,138.01964612942305,0.06899407067885566
3938,118450.0,299.19549154201724,1.0731368543623578,17434.90897486269,-266436.791870422,138.0480015949906,0.06898444605229762
3939,118475.0,299.1949730567697,1.0731304226734335,17438.704275530577,-266436.7915049924,138.07660131446735,0.0689733697969544
3940,118500.0,299.19506620908544,1.0731230955764173,17442.49963666831,-266436.79117486544,138.10533849124621,0.06896140742620324
3941,118525.0,299.19596522509875,1.073115171740232,17446.295061064302,-266436.79091049376,138.13411996922068,0.06894909056316599
3942,118550.0,299.1959318496929,1.0731070129343125,17450.090590068427,-266436.7906112965,138.1628993109311,0.06893692036520424
3943,118575.0,299.1955986894031,1.0730991112237984,17453.88622139591,-266436.79031639226,138.1915772069814,0.06892546619337397
3944,118600.0,299.1992728011844,1.0730919332488367,17457.681949038397,-266436.7902717161,138.22007365196484,0.06891532201098444
3945,118625.0,299.1997378089219,1.0730858991383665,17461.47781595898,-266436.7901078897,138.24833974902887,0.06890703083291104
3946,118650.0,299.1966028747587,1.0730814641499857,17465.273810169532,-266436.7898301269,138.2764063697326,0.0689011087745968
3947,118675.0,299.19638759101804,1.0730788728470093,17469.06992790919,-266436.7897714166,138.30416633181392,0.06889789125295515
3948,118700.0,299.19649426133344,1.0730780433865097,17472.866161488855,-266436.78977920284,138.3316614804595,0.06889734413775646
3949,118725.0,299.1952462263306,1.0730785676793233,17476.662551480546,-266436.7897595886,138.35899519738427,0.06889898886075957
3950,118750.0,299.19525716147956,1.0730799693748403,17480.459115537375,-266436.78982259997,138.38620432590938,0.06890220475828912
3951,118775.0,299.1949267588578,1.073081883012819,17484.2558123715,-266436.78987987613,138.41338395799627,0.06890647781713907
3952,118800.0,299.19345150113986,1.0730839269752916,17488.052632916897,-266436.78986761946,138.44062776001383,0.06891117320178775
3953,118825.0,299.1955930080946,1.0730858990052252,17491.849579716276,-266436.7900103236,138.46795167939672,0.06891581326926327
3954,118850.0,299.197697627393,1.0730878792246088,17495.646637701007,-266436.79011228256,138.49524404947357,0.06892042014327862
3955,118875.0,299.19794048972176,1.0730900262049194,17499.44382668693,-266436.79010893474,138.52253572548062,0.06892516329625893
3956,118900.0,299.1942499339582,1.0730922685536166,17503.241161232792,-266436.78989352804,138.54995578847644,0.06892978670710143
3957,118925.0,299.1948398805809,1.0730944441637176,17507.038613124176,-266436.7898791415,138.57735879745695,0.06893391578238174
3958,118950.0,299.19314241273196,1.0730965428980368,17510.836245325623,-266436.7897466888,138.60477373789712,0.06893753616233063
3959,118975.0,299.19559249402505,1.0730985393939378,17514.634015852564,-266436.7898384084,138.63217715159968,0.06894064621212129
3960,119000.0,299.19720188025053,1.0731004413026999,17518.431922244927,-266436.7899576175,138.65960631052798,0.06894325986703702
3961,119025.0,299.19686879471794,1.0731021637220244,17522.22986653428,-266436.7900696858,138.68710547627495,0.06894530371866069
3962,119050.0,299.19485848221194,1.073103512658759,17526.027728257584,-266436.79015195905,138.71462900025267,0.0689466110690555
3963,119075.0,299.19330092541355,1.0731045573494773,17529.82565244824,-266436.7902690566,138.74223678002053,0.06894757854019516
3964,119100.0,299.1912376325362,1.073105645901638,17533.62372347931,-266436.790307368,138.76984364632236,0.0689489810004204
3965,119125.0,299.1904130802671,1.0731070914439387,17537.421946963055,-266436.79032496054,138.7973224673058,0.0689513384602455
3966,119150.0,299.1912944311417,1.0731090893202238,17541.220316645697,-266436.79031105625,138.82463367641412,0.06895493672800612
3967,119175.0,299.19094916398,1.0731115961861544,17545.01883320988,-266436.79016557854,138.85190910559513,0.06895963432459686
3968,119200.0,299.19393640178197,1.0731144656924485,17548.817502186983,-266436.79014156555,138.87903966507136,0.06896523633156974
3969,119225.0,299.1979833331669,1.0731174279596964,17552.61628886779,-266436.790181256,138.90602381360242,0.06897144735516379
3970,119250.0,299.1991732132979,1.0731201691429517,17556.41519738768,-266436.7901639991,138.93306968966712,0.06897780525476377
3971,119275.0,299.1998744108776,1.073122480866061,17560.214252674927,-266436.79022044083,138.96008054229645,0.06898384256461908
3972,119300.0,299.1980368812835,1.073124341891097,17564.0134689601,-266436.7902484637,138.98705682842558,0.06898928383253636
3973,119325.0,299.1950595594714,1.0731258928032195,17567.812827138183,-266436.7902711518,139.01409276254023,0.06899413319912773
3974,119350.0,299.1913683652007,1.0731271408805017,17571.612332138902,-266436.79027292324,139.04120663555594,0.06899827060796652
3975,119375.0,299.1892594248003,1.0731281540912125,17575.411951356673,-266436.79032693076,139.06823191255907,0.06900185588531195
3976,119400.0,299.18859789464574,1.073128963372725,17579.211662649268,-266436.7903692139,139.09534299145122,0.0690047963288912
3977,119425.0,299.18980132487167,1.0731295392156848,17583.01151395998,-266436.7903934295,139.1226102195412,0.0690069265962796
3978,119450.0,299.1929210980161,1.0731298251654506,17586.81153582629,-266436.79041473183,139.1501093942368,0.06900825106810762
3979,119475.0,299.1973096280585,1.0731296049413723,17590.611691118964,-266436.7904615845,139.17771528400377,0.06900862470686774
3980,119500.0,299.19795670794764,1.0731286579586357,17594.41197341827,-266436.7903388887,139.20538809821693,0.06900790638867962
3981,119525.0,299.1980179583977,1.0731268856521,17598.21238311723,-266436.7902582271,139.2332423357613,0.06900611309224852
3982,119550.0,299.19612996845086,1.073124375428905,17602.012921612135,-266436.7901448675,139.26134223114943,0.06900346899322125
3983,119575.0,299.19636816675194,1.0731214473728234,17605.813618956443,-266436.7901684364,139.28957081291873,0.0690002816265061
3984,119600.0,299.1968610784625,1.073118627519865,17609.61445496992,-266436.7902096173,139.31759271007988,0.06899714429109165
3985,119625.0,299.1976652655142,1.0731164551764498,17613.41542735536,-266436.7902739084,139.34553956029478,0.06899484044154547
3986,119650.0,299.195555970071,1.073115151910374,17617.216537472406,-266436.7901854059,139.37336631209806,0.0689936108184935
3987,119675.0,299.19551773771474,1.073114588097625,17621.01779275221,-266436.79017080244,139.40105031227057,0.06899328594115688
3988,119700.0,299.19303424342104,1.073114621375448,17624.8191829804,-266436.7900236239,139.4285762321388,0.0689936992562882
3989,119725.0,299.19224746457974,1.0731150496240591,17628.620685470796,-266436.7899701841,139.4559447124482,0.06899476190476198
3990,119750.0,299.1937238871644,1.0731157094295487,17632.422326895634,-266436.7900473075,139.48325094713147,0.06899637743255667
3991,119775.0,299.1922271229141,1.0731166155644611,17636.224114576355,-266436.7900142516,139.51065183917876,0.06899855736472954
3992,119800.0,299.19370041815006,1.0731176314383493,17640.026072292632,-266436.7901981603,139.53801543092118,0.06900086518073303
3993,119825.0,299.19196182649137,1.0731186835252868,17643.828122890456,-266436.7902689901,139.56542606276122,0.06900286354531805
3994,119850.0,299.19062653800745,1.0731198294534823,17647.630345251182,-266436.7903742297,139.5929083004593,0.06900455636211938
3995,119875.0,299.1907959591274,1.0731212293960617,17651.43269047935,-266436.79054508836,139.62032126393098,0.06900634951618292
3996,119900.0,299.1888225039629,1.073122928196146,17655.235121719743,-266436.790562338,139.64776794429196,0.06900845550829796
3997,119925.0,299.1918587314506,1.0731246213106542,17659.037698200555,-266436.79076266283,139.67527255661204,0.06901039302984832
3998,119950.0,299.1927933540067,1.0731259944152691,17662.840363791067,-266436.7907828497,139.70287722747392,0.0690116549137285
3999,119975.0,299.1935596810016,1.0731269144999986,17666.64319420562,-266436.79073650006,139.73053807858372,0.06901205166666674
4000,120000.0,299.1920764593867,1.0731275915187857,17670.446139428677,-266436.7905310593,139.75824860318295,0.0690120214113139
4001,120025.0,299.1921240877077,1.073128173163417,17674.24926263688,-266436.79034175654,139.78591713451647,0.06901187697817765
4002,120050.0,299.19389101182605,1.073128675993004,17678.052519023015,-266436.79019092914,139.81360550795276,0.06901167249562835
4003,120075.0,299.1955035604411,1.0731293028638016,17681.85577739156,-266436.79006169306,139.84122529395643,0.06901184074259081
4004,120100.0,299.1960438664185,1.0731302203911766,17685.658967640153,-266436.7899285491,139.86871188705823,0.06901279142738251
4005,120125.0,299.1970856356314,1.0731314219504064,17689.46228338795,-266436.78990120126,139.89609399101386,0.06901458545515067
4006,120150.0,299.1981344022975,1.0731326509441799,17693.265717198105,-266436.7899519593,139.9234033571254,0.06901675143498884
4007,120175.0,299.19723751671813,1.0731338667664658,17697.069289965933,-266436.7900044742,139.95076050948143,0.0690191445442449
4008,120200.0,299.19630797480824,1.0731353694188062,17700.87296367568,-266436.7901534635,139.97803562634112,0.06902234289515263
4009,120225.0,299.1927200471337,1.073137309975061,17704.676751890056,-266436.7902395643,140.0053708114717,0.06902668728179556
4010,120250.0,299.19026779406784,1.0731396350868432,17708.480681591158,-266436.790405471,140.0326609985876,0.06903205210670661
4011,120275.0,299.1875786416599,1.0731423028414742,17712.28474314452,-266436.7905158391,140.05984764124332,0.06903823296776344
4012,120300.0,299.1844722924677,1.0731452764349185,17716.088933538704,-266436.79052734503,140.08685196012996,0.0690450123764433
4013,120325.0,299.18413285060774,1.0731484178707842,17719.893235537736,-266436.79057475674,140.11383250697597,0.06905198895532311
4014,120350.0,299.1839552160248,1.0731515733499364,17723.6976507914,-266436.7905171847,140.14088743121667,0.06905865653798264
4015,120375.0,299.18566060408523,1.0731546131308087,17727.50215076896,-266436.79043037613,140.16792601718168,0.06906464749335997
4016,120400.0,299.188762371423,1.0731574901667897,17731.306754420584,-266436.7903508173,140.19497547962865,0.06906985121566682
4017,120425.0,299.1928782687091,1.0731601003816147,17735.11149169665,-266436.7903631963,140.22216473021444,0.06907415173386434
4018,120450.0,299.19439559691625,1.073162235050177,17738.91634074782,-266436.79033886746,140.24947195098324,0.06907724923281089
4019,120475.0,299.1911717700679,1.0731637100331661,17742.72131720576,-266436.7901805469,140.27693812354931,0.06907892669983424
4020,120500.0,299.1905644061195,1.073164409102212,17746.52644087312,-266436.7902308934,140.304510951505,0.06907908331260888
4021,120525.0,299.18857378203376,1.0731645290900036,17750.33173130776,-266436.79021643585,140.33229161776933,0.06907817412564238
4022,120550.0,299.1873633436092,1.073164532769905,17754.13718465229,-266436.7902194483,140.36009719156556,0.06907707614549681
4023,120575.0,299.18786641849067,1.0731647288767383,17757.94282256324,-266436.79026008135,140.38779564678634,0.06907636704771379
4024,120600.0,299.18767385027076,1.0731652355279488,17761.748618270267,-266436.79021706857,140.41539967652213,0.0690763146169773
4025,120625.0,299.1892816506888,1.0731658944361637,17765.554537113632,-266436.7902022473,140.44294912916084,0.06907674581884425
4026,120650.0,299.19122795356503,1.0731665459812916,17769.360604996644,-266436.79014368606,140.47052641379065,0.06907745261153886
4027,120675.0,299.1914301330701,1.0731671793280357,17773.16683428686,-266436.789942734,140.49814207481006,0.06907837520688521
4028,120700.0,299.1914151038322,1.0731677938280784,17776.973194234833,-266436.78968298127,140.52578857086164,0.06907937122528343
4029,120725.0,299.19341017436057,1.073168452191893,17780.779690626918,-266436.78950194526,140.55338735723777,0.06908032622001661
4030,120750.0,299.19530671173567,1.073169182171503,17784.586311707884,-266436.7893266788,140.58100038576075,0.06908114165219555
4031,120775.0,299.19723748652603,1.0731697962962952,17788.393095320556,-266436.78920210304,140.60862888599573,0.06908152008928578
4032,120800.0,299.20061924142647,1.0731700422348942,17792.200015937633,-266436.7892103282,140.636299157782,0.06908112513430868
4033,120825.0,299.1996658521748,1.07316988853082,17796.007091114563,-266436.7891021459,140.66403378945665,0.06907996248553964
4034,120850.0,299.19679734465257,1.073169558694753,17799.814310995574,-266436.7889928205,140.69172339413504,0.06907840495662956
4035,120875.0,299.19556870309043,1.0731693916418883,17803.621643730297,-266436.7890331717,140.71939877766803,0.06907703031053855
4036,120900.0,299.1946731800858,1.07316955007844,17807.42910086768,-266436.78907419066,140.74712465015313,0.06907616621253412
4037,120925.0,299.19455738864275,1.0731702634967792,17811.236686939203,-266436.789122584,140.7748401331521,0.06907630724781251
4038,120950.0,299.19554027432685,1.0731715156391834,17815.044429005073,-266436.789167825,140.80254668490588,0.06907747874886529
4039,120975.0,299.1988303824273,1.0731731090759065,17818.852283731474,-266436.78928121325,140.83021756806966,0.06907936526402647
4040,121000.0,299.19635774486665,1.073174986554482,17822.66021101258,-266436.78905743343,140.85786610797695,0.06908187915532464
4041,121025.0,299.1977352121077,1.073177062262905,17826.46826475165,-266436.7889801008,140.8854088634343,0.0690848567540822
4042,121050.0,299.2002499783179,1.0731793410833528,17830.27648684817,-266436.788922295,140.9129044617037,0.0690883386923902
4043,121075.0,299.20066309932554,1.073181897955818,17834.084849749877,-266436.7887775456,140.9403018475935,0.06909252489284544
4044,121100.0,299.2019858487859,1.0731847800576833,17837.89331795521,-266436.78873632796,140.96756084960893,0.06909754149155342
4045,121125.0,299.2032059438142,1.0731881342890086,17841.70191274399,-266436.7887558112,140.9946647946123,0.06910365323776575
4046,121150.0,299.20350925533455,1.0731921768388095,17845.510649004987,-266436.78883274266,141.02167582695037,0.0691113316036571
4047,121175.0,299.2019682488485,1.0731969605566523,17849.319417890525,-266436.7888866098,141.0485457887026,0.06912079759552049
4048,121200.0,299.2015999469842,1.0732023878323855,17853.128095493415,-266436.78902585135,141.07528235268003,0.069131976949041
4049,121225.0,299.20208506321126,1.073208372674896,17856.936795648602,-266436.78917290247,141.1018978279016,0.0691446539094651
4050,121250.0,299.19921326619084,1.073214570311856,17860.74565866539,-266436.78909945366,141.1284342667658,0.0691578937710854
4051,121275.0,299.2004606034894,1.0732204431556422,17864.554640352788,-266436.7891528073,141.15485023478155,0.06917029006252065
4052,121300.0,299.19951290788856,1.0732256790032064,17868.363769834734,-266436.78902040486,141.18130124590877,0.06918100509910362
4053,121325.0,299.1991129507497,1.0732299860220347,17872.17301566375,-266436.78883749834,141.207888323138,0.06918933053774058
4054,121350.0,299.200923862969,1.07323309543773,17875.98238058237,-266436.7887101646,141.23472736950305,0.06919481890669964
4055,121375.0,299.2034177077595,1.0732346556541736,17879.791856283904,-266436.78857203905,141.2619388038301,0.06919699071334658
4056,121400.0,299.2048757222922,1.073234509243282,17883.601430641076,-266436.7883798112,141.28946175441664,0.069195874866486
4057,121425.0,299.2048465837044,1.0732327856908153,17887.411090825408,-266436.78816395625,141.31729558271766,0.06919201421061287
4058,121450.0,299.2052209830022,1.0732298229448949,17891.220852591072,-266436.78803509305,141.3453753720132,0.06918618214667005
4059,121475.0,299.20423712487826,1.0732260500821007,17895.03077258764,-266436.78786233015,141.37363634302173,0.06917917356321848
4060,121500.0,299.2047435692373,1.0732220104243606,17898.84079458257,-266436.78776282223,141.40197409086468,0.06917178962488724
4061,121525.0,299.20390492081225,1.0732181390940412,17902.6509564595,-266436.7875929252,141.43018722960812,0.06916457024454302
4062,121550.0,299.2045263531888,1.0732147327918602,17906.461256440845,-266436.78748387645,141.45830284994705,0.06915789810484874
4063,121575.0,299.20392484998507,1.0732120789041981,17910.271691654892,-266436.7873082895,141.48638153879634,0.06915228715551192
4064,121600.0,299.2047863321048,1.073210295940958,17914.082267327467,-266436.78721189685,141.514366257893,0.06914804674046751
4065,121625.0,299.2045647617657,1.0732093383341519,17917.89298246962,-266436.78711118276,141.54219526455196,0.06914518322675858
4066,121650.0,299.20471483353975,1.0732092736660916,17921.703795753583,-266436.78709656745,141.56991593656295,0.06914385066797812
4067,121675.0,299.20152012848393,1.0732102427073078,17925.5147173954,-266436.78696313157,141.59748447435305,0.06914439986889553
4068,121700.0,299.20211878676315,1.0732122226591287,17929.325696837015,-266436.7870110064,141.6248527933157,0.0691468947325306
4069,121725.0,299.2031037213774,1.0732150721539708,17933.13677691617,-266436.787062073,141.6520429231781,0.06915114914004922
4070,121750.0,299.2014276308047,1.0732185291902059,17936.948035941245,-266436.786930369,141.67911373700193,0.06915664038319831
4071,121775.0,299.2028683514258,1.0732223109855914,17940.759399641,-266436.7868756127,141.70611863400495,0.06916277079240347
4072,121800.0,299.20483473688665,1.0732260659628434,17944.57090254926,-266436.7867860077,141.73315229887916,0.06916879941075382
4073,121825.0,299.20897484650783,1.073229594747176,17948.382530313404,-266436.78674628114,141.76021592112622,0.06917431426935043
4074,121850.0,299.21036223362114,1.0732328277300598,17952.19428233034,-266436.78651807876,141.78736280556274,0.0691792016359919
4075,121875.0,299.21253687381574,1.073235540317303,17956.006188629573,-266436.7863292765,141.81455515783486,0.06918303156689573
4076,121900.0,299.2140180355669,1.073237418199655,17959.818202542345,-266436.7861652142,141.8420048031236,0.06918524446079642
4077,121925.0,299.2146862323049,1.0732382200425028,17963.630338378323,-266436.7860396513,141.8697223124084,0.06918550850089922
4078,121950.0,299.2138133926631,1.073237841954726,17967.442617079872,-266436.7859291123,141.89755151172713,0.0691837806651958
4079,121975.0,299.2106208874198,1.073236432189541,17971.25499889987,-266436.78579789534,141.92549873374222,0.06918044501633995
4080,122000.0,299.20742997304734,1.0732341689128466,17975.067477106706,-266436.78569084196,141.953606616761,0.0691758010291596
4081,122025.0,299.20641821566375,1.0732312985464627,17978.88005597635,-266436.7856549315,141.9818406028911,0.06917015858239434
4082,122050.0,299.2049421754444,1.0732281356845441,17982.692733233274,-266436.7855475859,142.01014965531917,0.06916400195934372
4083,122075.0,299.2045345621138,1.0732248771629105,17986.505504957262,-266436.78542739846,142.03844937406177,0.0691577324518447
4084,122100.0,299.2053416965335,1.0732217321909407,17990.318383899255,-266436.7852888842,142.06681704047364,0.06915174385964921
4085,122125.0,299.2082376182916,1.073218627671723,17994.13136851284,-266436.78521361673,142.095093739599,0.06914593310491117
4086,122150.0,299.2113111219328,1.0732154330804975,17997.944472054187,-266436.7851232832,142.1233506627522,0.06914009534295744
4087,122175.0,299.2138465642546,1.0732121354370499,18001.757682450127,-266436.785008121,142.15159177519607,0.06913424078604054
4088,122200.0,299.2150209682089,1.073208830031791,18005.57100711766,-266436.78487428336,142.17987894733875,0.0691284565908536
4089,122225.0,299.21755916536415,1.0732054530562332,18009.38444769,-266436.784882782,142.20814172371675,0.06912249160554207
4090,122250.0,299.2146815768776,1.073201971645073,18013.19798353706,-266436.7846940287,142.2364076847555,0.06911617037399179
4091,122275.0,299.2148177649087,1.073198490387747,18017.01157550581,-266436.78471611196,142.26465694175664,0.06910961298468567
4092,122300.0,299.21343574623495,1.073195352553138,18020.825269390858,-266436.78468395455,142.2928644273153,0.06910332966853988
4093,122325.0,299.2105830122145,1.0731929080768587,18024.639055755364,-266436.7845869217,142.321019916952,0.0690979106822994
4094,122350.0,299.21017980797876,1.0731914922262906,18028.452947200763,-266436.78456431144,142.34888932332146,0.06909404916564926
4095,122375.0,299.2131035560725,1.0731912702636703,18032.266986069284,-266436.7846160299,142.376569783529,0.06909224479166677
4096,122400.0,299.212962572697,1.0731918922789017,18036.08098767939,-266436.78443422844,142.40396955170485,0.069092006346107
4097,122425.0,299.21769453652337,1.0731927209207728,18039.894915387373,-266436.7844810825,142.43143999414383,0.06909216479583546
4098,122450.0,299.2164484749954,1.0731933156054307,18043.708950231794,-266436.78427251684,142.45910632178612,0.06909187923883885
4099,122475.0,299.21555231536735,1.0731933875609743,18047.52313491621,-266436.7841463267,142.4869092569922,0.06909063593495945
4100,122500.0,299.2145595871753,1.0731928052507504,18051.337434884532,-266436.78406358854,142.5149856781276,0.06908824701292378
4101,122525.0,299.2121122261513,1.0731917482528834,18055.1518587764,-266436.7839319911,142.54313344579913,0.06908507085974332
4102,122550.0,299.21123045836526,1.073190435291249,18058.96639750324,-266436.7838693767,142.57124559720563,0.0690815007717931
4103,122575.0,299.2127682019995,1.0731889177225458,18062.781071594574,-266436.783904486,142.59938023034474,0.0690776356400261
4104,122600.0,299.2113072034931,1.0731871028826618,18066.59583650689,-266436.7837607236,142.62758246804742,0.06907331676816901
4105,122625.0,299.21065652882106,1.0731849672836484,18070.410696356095,-266436.7836225738,142.6556716712132,0.06906852386751108
4106,122650.0,299.20959575927424,1.0731826221085936,18074.225656567192,-266436.7834196416,142.68382439266327,0.0690634574304035
4107,122675.0,299.21057438502254,1.0731800720545264,18078.040751696964,-266436.7832616577,142.71185041853326,0.0690581571729959
4108,122700.0,299.21341238501003,1.0731774182688394,18081.855978062333,-266436.78316816007,142.73983450498937,0.0690528511397746
4109,122725.0,299.21546917542724,1.0731748167883197,18085.671281282106,-266436.7830405228,142.76789521435555,0.06904775425790767
4110,122750.0,299.2162502912526,1.073172503202788,18089.486688114033,-266436.7828848163,142.79604113995006,0.06904320578934578
4111,122775.0,299.2163065496124,1.0731706466439674,18093.302205380056,-266436.7827388663,142.82412300064885,0.06903947868028547
4112,122800.0,299.2174753551356,1.0731693274981753,18097.117827474623,-266436.78271520586,142.8521185692523,0.06903663019693666
4113,122825.0,299.2172985491831,1.0731685226867593,18100.933529908634,-266436.782698344,142.8800223606388,0.06903451685302232
4114,122850.0,299.2171786145013,1.0731680649655717,18104.749372069287,-266436.7827399068,142.90784101498616,0.06903285265289602
4115,122875.0,299.21523070651267,1.0731676814868791,18108.565343702972,-266436.7827045802,142.93574788929416,0.06903120464852619
4116,122900.0,299.21623696275753,1.0731672014411777,18112.381458658758,-266436.7827859217,142.9635738094085,0.06902934507327353
4117,122925.0,299.21648140019573,1.0731666409260148,18116.197673398437,-266436.7827857055,142.99132366917632,0.06902738457179872
4118,122950.0,299.2153271840267,1.0731660783361645,18120.01399153689,-266436.78266531206,143.0189350356077,0.06902548482641428
4119,122975.0,299.21512886788173,1.0731656949029116,18123.83045311475,-266436.7825290089,143.04650333778352,0.06902394182847907
4120,123000.0,299.21797541794206,1.0731657249858437,18127.647011021865,-266436.7825083771,143.0738947909896,0.06902313273477322
4121,123025.0,299.21763428077134,1.0731661878537917,18131.463707803763,-266436.78231028,143.1012707222226,0.06902307229500254
4122,123050.0,299.2183855856591,1.0731671505376332,18135.28052162538,-266436.78218676045,143.12865745654497,0.06902389999191538
4123,123075.0,299.21988491117185,1.0731686672324592,18139.097463162085,-266436.78215119033,143.1560339586974,0.06902572575169748
4124,123100.0,299.2217012648904,1.0731705409292918,18142.914568398086,-266436.7822052069,143.1833437674347,0.06902816848484858
4125,123125.0,299.22105700953455,1.0731723866537395,18146.731818698925,-266436.78221753315,143.21078788479596,0.06903048933591865
4126,123150.0,299.2163943155657,1.0731737528471035,18150.549197389973,-266436.78210115124,143.23835076488203,0.0690318410467653
4127,123175.0,299.21048731807326,1.0731742649386293,18154.366751409987,-266436.78192818013,143.26607942522645,0.06903156209625333
4128,123200.0,299.20823449100016,1.0731738128683288,18158.18441947786,-266436.7818801436,143.29397393364044,0.06902949132154687
4129,123225.0,299.2097729241339,1.0731724569814356,18162.00220891116,-266436.7819423415,143.3219597934628,0.06902580476190485
4130,123250.0,299.20904821956094,1.073170264665536,18165.820143679033,-266436.78180874843,143.3499738863878,0.06902070507544592
4131,123275.0,299.2111322078105,1.0731674005324285,18169.638196764303,-266436.7817586299,143.37807029065857,0.06901453242981617
4132,123300.0,299.2143026129542,1.0731640008065153,18173.456357584346,-266436.7817098635,143.4063269178969,0.0690075477054602
4133,123325.0,299.21423594057563,1.0731603026124805,18177.274613369722,-266436.7814910956,143.4347904368653,0.06900012893081771
4134,123350.0,299.213249007821,1.0731565813784751,18181.092950359718,-266436.7812220912,143.46336546803735,0.06899267996775504
4135,123375.0,299.2140515800305,1.073152951966472,18184.911412620026,-266436.7810675784,143.4918870917959,0.06898536750483569
4136,123400.0,299.2151942116686,1.073149567641607,18188.729983138288,-266436.7809732047,143.52028322423683,0.06897843977117084
4137,123425.0,299.2170769331416,1.0731466180119207,18192.548640871537,-266436.78098700516,143.54862867995837,0.06897221048815863
4138,123450.0,299.21636554151723,1.073144214383505,18196.367428495232,-266436.78100560536,143.57686138785562,0.06896685737295653
4139,123475.0,299.2138006987938,1.0731423408212546,18200.18636607635,-266436.78103947075,143.6049506429149,0.068962369162641
4140,123500.0,299.2106382922015,1.073140992111405,18204.005476720376,-266436.78108157497,143.63293908355493,0.06895874780648806
4141,123525.0,299.2106117952696,1.0731400614839839,18207.82467662178,-266436.7812763414,143.66097134781933,0.06895581707709651
4142,123550.0,299.2101914919961,1.0731394695470258,18211.643980274865,-266436.78140070883,143.68903613669667,0.06895344886957931
4143,123575.0,299.2113224161856,1.0731392922297283,18215.463406932857,-266436.7815416304,143.71706562693075,0.06895178466859726
4144,123600.0,299.2113220938496,1.073139410293525,18219.282787960055,-266436.78155910067,143.7450366679536,0.06895062613590681
4145,123625.0,299.2115729497524,1.0731394841614394,18223.10207727732,-266436.7815276201,143.77300527568767,0.06894935672937781
4146,123650.0,299.21381675130783,1.0731392128446253,18226.921365844893,-266436.7815432419,143.80100586431985,0.06894745382204012
4147,123675.0,299.2130533744793,1.0731383580842162,18230.740647337458,-266436.7813834634,143.82915711684373,0.06894453326904541
4148,123700.0,299.21672749955974,1.0731367778581173,18234.55986770188,-266436.78144450864,143.85742567614713,0.0689403968827831
4149,123725.0,299.2187467176723,1.0731346602409628,18238.37904373344,-266436.7814667187,143.88576425309262,0.06893539261044186
4150,123750.0,299.21757637637677,1.0731324581225397,18242.198170069885,-266436.78135931,143.91412244214268,0.06893025977676072
4151,123775.0,299.2191381334313,1.0731305154142572,18246.017240344278,-266436.7814054953,143.94240524285507,0.06892555531470787
4152,123800.0,299.2176832017835,1.073128988121036,18249.836288668615,-266436.78131392313,143.9705201283412,0.06892155598362638
4153,123825.0,299.2165313802777,1.0731277538115862,18253.655307523775,-266436.78128411894,143.9986065603437,0.06891810078639073
4154,123850.0,299.21588052378826,1.0731265893301234,18257.47429432381,-266436.78134396265,144.0266834165265,0.06891485800240685
4155,123875.0,299.2149567857732,1.0731253600417057,18261.29318785966,-266436.7814380056,144.05473453280422,0.06891165648059042
4156,123900.0,299.21273502261414,1.073123962232378,18265.111998261506,-266436.7815148553,144.0829095996314,0.0689083687755594
4157,123925.0,299.21282067292134,1.0731223170594828,18268.93074820773,-266436.78174389206,144.11115738888915,0.06890486676286688
4158,123950.0,299.2127526957619,1.0731205498918,18272.749439955296,-266436.781965531,144.13942311837806,0.06890142782720216
4159,123975.0,299.21067325504976,1.0731188693910247,18276.568068306347,-266436.7820442378,144.16768255456756,0.06889838213141038
4160,124000.0,299.2087964505344,1.0731175247136095,18280.3866777665,-266436.7820297847,144.1958350362896,0.06889596218857658
4161,124025.0,299.20751822713606,1.0731167565273096,18284.20526873652,-266436.7819395779,144.22388544185512,0.06889436232580501
4162,124050.0,299.20903775210354,1.073116717991832,18288.023846054788,-266436.7818846438,144.2519069892708,0.0688937561854433
4163,124075.0,299.2121653745614,1.0731175441882796,18291.842387146033,-266436.7818640568,144.27983252721765,0.06889446253602317
4164,124100.0,299.214802780794,1.0731192668267298,18295.66087545396,-266436.78183410084,144.30778535342162,0.06889667042817138
4165,124125.0,299.21811395191395,1.073121707473195,18299.47933997017,-266436.7819393704,144.33566638958257,0.06890016506641074
4166,124150.0,299.21812108887457,1.0731244773218134,18303.297753870185,-266436.78201673756,144.3634029716825,0.06890428685705155
4167,124175.0,299.21729012292235,1.0731273993921937,18307.116108710907,-266436.7821962262,144.3910518176586,0.06890874744081904
4168,124200.0,299.2149365502535,1.0731304964419917,18310.934405520205,-266436.7824196841,144.4187484832496,0.06891362349084525
4169,124225.0,299.21275225124066,1.0731339198241399,18314.752653539264,-266436.78273534024,144.44643462094345,0.06891924868105527
4170,124250.0,299.21136552641417,1.0731378064413002,18318.57089593544,-266436.78310576914,144.4740014735877,0.06892593342923373
4171,124275.0,299.2115126827278,1.073142253355704,18322.389102637677,-266436.783496521,144.50137816762566,0.0689338720038352
4172,124300.0,299.2115178328158,1.0731473249460812,18326.207275061202,-266436.78381133365,144.52865142175915,0.06894319881779706
4173,124325.0,299.20948657722573,1.0731530529468127,18330.02539367387,-266436.7839648741,144.55570086368016,0.06895403026673066
4174,124350.0,299.20929751417333,1.0731592923752484,18333.84350797974,-266436.78416213155,144.58260425644735,0.06896607193612786
4175,124375.0,299.2101593019653,1.0731658518518508,18337.66159452436,-266436.78434310254,144.60959832128057,0.06897890166028109
4176,124400.0,299.21270039230876,1.0731725188731933,18341.479676772262,-266436.7845684318,144.63654870201924,0.06899201971111656
4177,124425.0,299.2161895949435,1.0731788954044987,18345.2977019918,-266436.7848452977,144.66357539819714,0.06900441199936186
4178,124450.0,299.2170760090948,1.0731847579963298,18349.115650926553,-266436.78503286047,144.69069977594347,0.06901554534577661
4179,124475.0,299.21628578740206,1.0731900532695364,18352.93353770137,-266436.7851841282,144.71790617280726,0.06902533532695386
4180,124500.0,299.21592694602737,1.0731948855138316,18356.75136470734,-266436.7854254249,144.7451572780039,0.06903406433867508
4181,124525.0,299.21533669608016,1.0731993688825114,18360.5691638901,-266436.785689241,144.772500511478,0.06904210529252364
4182,124550.0,299.21356475320914,1.0732035894493577,18364.386921218676,-266436.7859155466,144.79996772356387,0.06904973687146397
4183,124575.0,299.2110364076658,1.0732076483428927,18368.204694115455,-266436.7861024329,144.82751461018188,0.06905720944869355
4184,124600.0,299.2107028410212,1.0732116256471518,18372.022457321003,-266436.7863997404,144.8551348112308,0.06906465766626854
4185,124625.0,299.20838319167234,1.0732155422041718,18375.840193078293,-266436.7865319165,144.8827294484793,0.06907205820990617
4186,124650.0,299.2075683326185,1.0732193588886227,18379.657879071507,-266436.78665539535,144.9103065101507,0.06907916352201271
4187,124675.0,299.20921766149485,1.0732229000318363,18383.475523215075,-266436.78680405737,144.9378580186249,0.06908545980579446
4188,124700.0,299.2087133133621,1.073226052041059,18387.293107879465,-266436.7867859374,144.9653917945415,0.06909067581761769
4189,124725.0,299.2085616241863,1.073228722832139,18391.11061922802,-266436.78675241483,144.99295461519515,0.0690946895783613
4190,124750.0,299.2099100837526,1.0732310481189844,18394.928103776525,-266436.7867860017,145.02056510061266,0.06909787067525662
4191,124775.0,299.2084624460895,1.07323334740776,18398.745556513775,-266436.7867170543,145.0480713874048,0.0691009456902037
4192,124800.0,299.21176367366417,1.0732357852770482,18402.562958307593,-266436.7869283136,145.0755364342955,0.06910428332935858
4193,124825.0,299.2115951247831,1.0732386829597829,18406.38034281801,-266436.78701133275,145.1029319963442,0.0691085677952632
4194,124850.0,299.211912369807,1.0732421485895898,18410.19769999271,-266436.7871452807,145.13014957020283,0.06911405490663501
4195,124875.0,299.2092287091691,1.0732462465046066,18414.01500726678,-266436.7871474726,145.1573107762951,0.06912090284397852
4196,124900.0,299.2088293752697,1.0732510162814701,18417.83225672093,-266436.78725643223,145.18445375689006,0.06912923747120972
4197,124925.0,299.2096429357647,1.0732563995553428,18421.6495785903,-266436.78739820287,145.21155032309056,0.06913900619342557
4198,124950.0,299.2108757363675,1.073262068270222,18425.46703033232,-266436.7875360985,145.23861056973902,0.0691495980789078
4199,124975.0,299.21231666484294,1.0732678467460306,18429.28461352526,-266436.78766868316,145.26569832309542,0.06916078492063504
4200,125000.0,299.21352754971207,1.0732733997460913,18433.10233461868,-266436.7877977527,145.29288333888775,0.06917184011743249
4201,125025.0,299.2143678027147,1.0732784232111683,18436.92020331384,-266436.78793941095,145.32028429208333,0.06918199190861507
4202,125050.0,299.2144710706655,1.0732827533507803,18440.738190705626,-266436.7880950828,145.34778539122868,0.06919070695534948
4203,125075.0,299.2114021372519,1.0732863403901038,18444.556267851352,-266436.7881335884,145.37523648604525,0.0691976482714876
4204,125100.0,299.20931083432595,1.0732892826000784,18448.374475109096,-266436.78823573014,145.4028201894572,0.06920286476416977
4205,125125.0,299.20797472301643,1.073291686558883,18452.192793790637,-266436.78836319543,145.43058046362358,0.0692065614201935
4206,125150.0,299.20875139909845,1.073293537754535,18456.011191593,-266436.7885716929,145.45836627921736,0.06920886134220756
4207,125175.0,299.208951781925,1.0732948894169825,18459.829689028855,-266436.7887395106,145.4863013209761,0.06921009687896085
4208,125200.0,299.20922345497917,1.0732959724400084,18463.648283820643,-266436.78889190505,145.51429353163874,0.06921094606794977
4209,125225.0,299.21008242248786,1.0732971015043535,18467.46696223296,-266436.78904233745,145.54240446033273,0.06921218115597796
4210,125250.0,299.21030447257357,1.073298628433467,18471.285749039365,-266436.78911515157,145.57053500791596,0.06921447185941595
4211,125275.0,299.2113594311508,1.073300967869578,18475.104628986886,-266436.78917926777,145.59854434124742,0.06921854384298844
4212,125300.0,299.21123508742954,1.073304331038847,18478.923630373705,-266436.7891610424,145.6263532102225,0.0692247682569825
4213,125325.0,299.21135828998746,1.073308646574908,18482.742742877097,-266436.78915396385,145.65407191322592,0.0692329818066763
4214,125350.0,299.2128538206423,1.0733138338473696,18486.56195632497,-266436.7892458156,145.68165463218682,0.06924306287070002
4215,125375.0,299.2123182859758,1.073319918327007,18490.3812892369,-266436.78928395966,145.70911334653718,0.0692551705407971
4216,125400.0,299.21463989392316,1.0733268875978172,18494.200758779723,-266436.7895331537,145.73649584009186,0.06926931823571274
4217,125425.0,299.21428014201217,1.0733347129761328,18498.020348598802,-266436.78971273644,145.76370535293205,0.0692854870396714
4218,125450.0,299.21468617950717,1.0733434276684826,18501.840078126985,-266436.7900158134,145.79075270316835,0.069303904874773
4219,125475.0,299.2129471045831,1.0733529529225896,18505.659949847726,-266436.790290196,145.81771582353886,0.06932453744075844
4220,125500.0,299.210268543001,1.0733631049514323,18509.47997768019,-266436.7905807089,145.844404729843,0.06934701255626644
4221,125525.0,299.20813292326085,1.073373809647875,18513.30012462421,-266436.7909063262,145.8710159629719,0.06937113642823321
4222,125550.0,299.2065752563755,1.0733849392217212,18517.120362710335,-266436.79120330606,145.89771766477244,0.06939651014286857
4223,125575.0,299.20576302722714,1.073396180239898,18520.94073114096,-266436.79142716527,145.92426366382594,0.06942214441287894
4224,125600.0,299.20640059779265,1.0734070897041408,18524.761225486327,-266436.7915902919,145.9508655785406,0.06944669696252481
4225,125625.0,299.20743904614466,1.0734172445180614,18528.581870969727,-266436.7916257347,145.97763599345342,0.06946897523268669
4226,125650.0,299.2096606883544,1.0734265104487013,18532.402599408655,-266436.79161613726,146.00446563047097,0.06948868922009321
4227,125675.0,299.2120070605505,1.0734349643645522,18536.223456304648,-266436.7915824504,146.03149120482516,0.06950617187007269
4228,125700.0,299.21594898597164,1.0734425837471413,18540.044453950275,-266436.7916679051,146.05865260227023,0.06952143556396326
4229,125725.0,299.2152925238788,1.0734494449172562,18543.865575982516,-266436.7915962654,146.0860859179671,0.06953475027580786
4230,125750.0,299.2130175273003,1.0734556007248075,18547.686812955737,-266436.79152046423,146.11362511147894,0.06954636374379593
4231,125775.0,299.2127397110919,1.0734611246849386,18551.508156337048,-266436.7916124868,146.14127945746708,0.06955655537177079
4232,125800.0,299.21224117403125,1.0734662623828632,18555.329580391302,-266436.79174835,146.16903077273818,0.06956594101897802
4233,125825.0,299.2107260252734,1.0734711495040137,18559.15111760393,-266436.791894137,146.196751943946,0.06957481357266586
4234,125850.0,299.2103636928786,1.0734758369933082,18562.972778445113,-266436.7921379862,146.22446565273532,0.06958322628886279
4235,125875.0,299.2105804148586,1.0734802787220634,18566.794538918093,-266436.7924298359,146.25215733396303,0.06959105925401336
4236,125900.0,299.2076358715304,1.073484343167334,18570.616288938174,-266436.7925584107,146.27985805318247,0.06959811682794444
4237,125925.0,299.20313885339175,1.0734880014157608,18574.437978266335,-266436.7925316348,146.30761847333665,0.06960439680666994
4238,125950.0,299.2010384298202,1.0734914032397564,18578.259778364092,-266436.79247533,146.3353932583158,0.06961023401745708
4239,125975.0,299.202761915332,1.0734948698899358,18582.08170823146,-266436.7924511286,146.36311852523602,0.06961628710691838
4240,126000.0,299.2039994646721,1.073498552542638,18585.903771792517,-266436.7922595735,146.390755142891,0.06962288312504927
4241,126025.0,299.20841005375,1.0735023140814068,18589.726003521155,-266436.79214383103,146.41845594145863,0.06962970147729074
4242,126050.0,299.212114231049,1.0735059466572383,18593.548334132938,-266436.79204050463,146.4460992428315,0.06963626490690564
4243,126075.0,299.21136647086263,1.073509097706565,18597.37079599899,-266436.7918172976,146.47373661867752,0.06964173523405608
4244,126100.0,299.21042349140345,1.0735116117000383,18601.193341644223,-266436.7917248269,146.50139186101313,0.0696457245386731
4245,126125.0,299.20749381889016,1.0735137893703868,18605.015975216455,-266436.7916450466,146.52911176134418,0.06964885115402747
4246,126150.0,299.20307905117517,1.0735159390942615,18608.838732583565,-266436.7915805337,146.556775713288,0.06965177317322047
4247,126175.0,299.2022413440068,1.0735182729912103,18612.661631450657,-266436.7917350852,146.58445255484955,0.06965498101067184
4248,126200.0,299.20084354915053,1.0735211113987595,18616.48468925419,-266436.79184113984,146.61201591668646,0.06965921691378378
4249,126225.0,299.1999805950606,1.0735247696470578,18620.307841024405,-266436.79193838465,146.6395049218041,0.0696652421176472
4250,126250.0,299.19950545997193,1.0735293739512262,18624.131123457395,-266436.7920048176,146.66678341449088,0.06967345205049806
4251,126275.0,299.1978002147242,1.0735347793979293,18627.954525623485,-266436.7919164002,146.69385790279102,0.069683645186579
4252,126300.0,299.1999488856511,1.0735406671369219,18631.778048253484,-266436.79193855106,146.7208269730388,0.06969515847636976
4253,126325.0,299.2013670506208,1.0735467472966609,18635.601683864454,-266436.79185988946,146.74780611502916,0.06970728138222863
4254,126350.0,299.2040405266763,1.0735526873482168,18639.425440479685,-266436.79185138823,146.77487009518234,0.06971911453192337
4255,126375.0,299.2048118905876,1.0735581254699238,18643.249313844077,-266436.79179080715,146.80202150266308,0.06972981571115303
4256,126400.0,299.204591632372,1.07356267950826,18647.073267391996,-266436.7917286275,146.82920173807864,0.06973858538877158
4257,126425.0,299.2046317488667,1.0735661870205095,18650.897338161045,-266436.79173451016,146.85654239345564,0.06974512204477859
4258,126450.0,299.20410026641804,1.0735687547937691,18654.721527705344,-266436.79176820995,146.88398858487926,0.06974971519135961
4259,126475.0,299.2011925435073,1.0735705869327063,18658.54584106089,-266436.7917143056,146.91153684859174,0.06975280688575915
4260,126500.0,299.2004584205604,1.0735718576234052,18662.37021806502,-266436.7917529411,146.93930333857486,0.06975474278338434
4261,126525.0,299.19931616416574,1.0735726369466594,18666.19469540968,-266436.79169531644,146.96712706710483,0.06975568512435491
4262,126550.0,299.1996443565582,1.073572987254671,18670.019242464943,-266436.7916203659,146.99510847947474,0.06975569520681851
4263,126575.0,299.20089109248147,1.073572964587241,18673.843884736412,-266436.7914959958,147.0232148255943,0.06975484005628532
4264,126600.0,299.20272750715304,1.0735726599452902,18677.668607257536,-266436.79135162674,147.0513892899572,0.06975329066041437
4265,126625.0,299.2031229022522,1.0735721534614775,18681.493394969148,-266436.7911223239,147.07973070089093,0.06975124558524785
4266,126650.0,299.2033390622626,1.0735716331536589,18685.31826019398,-266436.7909177146,147.1081046623703,0.06974909405515209
4267,126675.0,299.20264555826486,1.073571430802873,18689.14320227922,-266436.7907506336,147.13631568049064,0.06974751983755093
4268,126700.0,299.2042852319063,1.0735718476614342,18692.968230138922,-266436.79079070815,147.16448275302585,0.06974718747559944
4269,126725.0,299.2027387569886,1.0735730696330983,18696.793387062622,-266436.79076207074,147.19255930031244,0.06974855815768946
4270,126750.0,299.2021404732712,1.073575080387106,18700.618639020697,-266436.79086531955,147.22059679996897,0.0697516203855461
4271,126775.0,299.2001370451797,1.0735777300249678,18704.444018956554,-266436.7909485671,147.24861805391717,0.06975602005305884
4272,126800.0,299.19859620976854,1.0735808363366868,18708.269505001495,-266436.7910733415,147.2764430737969,0.06976128847804057
4273,126825.0,299.1973355554534,1.0735840992824823,18712.095098555306,-266436.7911851442,147.30432840594312,0.06976673280299502
4274,126850.0,299.1971564311909,1.0735871752826502,18715.920801900673,-266436.7912992052,147.3321618988696,0.06977161575048749
4275,126875.0,299.1962984330389,1.0735898938260047,18719.74660775843,-266436.7913191547,147.3600765114595,0.06977563657623964
4276,126900.0,299.1958793063692,1.0735922490063121,18723.57256653247,-266436.7912852719,147.3880786605099,0.06977889307146772
4277,126925.0,299.19681112139807,1.0735941919900256,18727.398644535308,-266436.7912263805,147.4161996023845,0.0697813642667915
4278,126950.0,299.1962346579437,1.0735955685907914,18731.224710256458,-266436.79102280794,147.44441493472013,0.06978276326244466
4279,126975.0,299.1957345732884,1.0735961687694695,18735.05065814612,-266436.7907851218,147.47269709470424,0.06978269844236777
4280,127000.0,299.1971163746027,1.0735959333489051,18738.87667991958,-266436.79063654615,147.501130703652,0.06978110667289592
4281,127025.0,299.19798193313267,1.0735947719912806,18742.70282261966,-266436.79048924096,147.52983228865034,0.06977789280709966
4282,127050.0,299.198690849562,1.0735926352245304,18746.529085394202,-266436.790388185,147.55856150003908,0.06977302397073719
4283,127075.0,299.19868785792266,1.0735897068160591,18750.35539892648,-266436.79032362916,147.58726791230956,0.06976686079987567
4284,127100.0,299.19816827864815,1.0735862556203806,18754.181826235093,-266436.790290284,147.61600449630512,0.0697598769350449
4285,127125.0,299.19919940426365,1.0735824527920355,18758.008345616206,-266436.79036827164,147.64485901656573,0.06975244065951176
4286,127150.0,299.19731301687443,1.0735785046263893,18761.83492985189,-266436.7903174686,147.67366283057322,0.06974497286369662
4287,127175.0,299.19387185556764,1.0735746729633078,18765.661583286004,-266436.79019068123,147.70242097318112,0.06973795732276136
4288,127200.0,299.19434663674684,1.0735713476334805,18769.48828332946,-266436.7902494749,147.7311057245669,0.06973203730473321
4289,127225.0,299.1923242211361,1.0735688473193468,18773.315086404673,-266436.7901351393,147.75969398142985,0.06972778624708642
4290,127250.0,299.1919558660003,1.0735672446982052,18777.14203604173,-266436.79006163304,147.78815339951854,0.06972545544939038
4291,127275.0,299.1945174484329,1.0735662573004034,18780.96910974287,-266436.790096773,147.8164925457442,0.06972462985399211
4292,127300.0,299.1951048799613,1.0735657205528377,18784.79630350145,-266436.79001619725,147.84472725576538,0.06972501824675847
4293,127325.0,299.1959752171264,1.073565495808104,18788.623625887143,-266436.78996884223,147.87291041445448,0.069726209750039
4294,127350.0,299.1937072356245,1.0735654884749706,18792.451029909753,-266436.78980549483,147.90112133108286,0.06972772805587911
4295,127375.0,299.1941690770501,1.0735656391216633,18796.278532099484,-266436.78983852325,147.9292862683118,0.0697291357076352
4296,127400.0,299.193692812429,1.0735657567295007,18800.10611776295,-266436.7898653823,147.9573923289894,0.06972991591032522
4297,127425.0,299.1937831159471,1.0735656534046838,18803.933834063144,-266436.78996527917,147.9855327379403,0.06972969039863522
4298,127450.0,299.19412960766243,1.0735651530588506,18807.761668585423,-266436.79015190946,148.01372224424304,0.06972825641622102
4299,127475.0,299.19247187573814,1.0735642051162788,18811.589556939784,-266436.79029233364,148.0418334572095,0.06972573945736452
4300,127500.0,299.18925726614134,1.0735630094551651,18815.417514946617,-266436.79034896276,148.06991067030944,0.06972265449895391
4301,127525.0,299.18930742585013,1.0735618720750035,18819.24554742664,-266436.79052254185,148.0979883330236,0.06971959638927648
4302,127550.0,299.1902022616796,1.073561022774808,18823.073661676677,-266436.79066518514,148.1259502590443,0.06971699682392148
4303,127575.0,299.19316078438834,1.0735605795384136,18826.901864602944,-266436.7908216513,148.1537867733893,0.06971508790272633
4304,127600.0,299.19174235973844,1.07356057274487,18830.73015783246,-266436.79069156724,148.18153017862969,0.06971393403019763
4305,127625.0,299.1929470372366,1.0735607731847032,18834.558544760584,-266436.7906221632,148.20929293079445,0.0697131087629666
4306,127650.0,299.19363897933766,1.0735607216933671,18838.387023278014,-266436.7904530594,148.23706259113092,0.06971177563656082
4307,127675.0,299.19688045326694,1.0735599531104918,18842.215609603234,-266436.7904066037,148.26499961149818,0.06970912465181077
4308,127700.0,299.2011181394773,1.0735581021118585,18846.044280976268,-266436.7904568646,148.2930924486735,0.06970461197493638
4309,127725.0,299.20053197432503,1.0735549433874705,18849.873055160188,-266436.7903567306,148.32145895761812,0.0696980283062647
4310,127750.0,299.19882144328636,1.0735505260187113,18853.70192625773,-266436.7902804318,148.3501008460529,0.06968969164153735
4311,127775.0,299.1968275344019,1.0735450451453303,18857.53089094289,-266436.7902262543,148.37896937206264,0.06968011897031559
4312,127800.0,299.19635047152195,1.0735387985161136,18861.359951343475,-266436.79022126907,148.4080345871398,0.0696698819074119
4313,127825.0,299.19594054110826,1.0735323285427285,18865.189109619012,-266436.7901711018,148.4370955251122,0.06965967230721701
4314,127850.0,299.19701903515045,1.0735260548474308,18869.018361108632,-266436.79014514404,148.46613943422187,0.06964992174584801
4315,127875.0,299.19590158356675,1.07352022922459,18872.847672693482,-266436.7899781812,148.49513483966652,0.06964083379672555
4316,127900.0,299.19788858173285,1.073514955215813,18876.677068168807,-266436.78994231526,148.52411805574874,0.06963248559956778
4317,127925.0,299.19808977837135,1.0735101959240383,18880.506551152248,-266436.78978297784,148.5530728902271,0.06962479434923594
4318,127950.0,299.1993893930711,1.0735057018599978,18884.33611549751,-266436.78967731656,148.58203236597993,0.06961731496488403
4319,127975.0,299.2001620106498,1.073501456790123,18888.165794298322,-266436.78958977683,148.6109011629631,0.06960992191358044
4320,128000.0,299.19990108640144,1.0734976274010641,18891.995569423456,-266436.7895029232,148.63957898912304,0.06960287109465421
4321,128025.0,299.2025694450888,1.0734944543421252,18895.825252329803,-266436.78961451654,148.6681622313745,0.06959658321764635
4322,128050.0,299.2048966980509,1.0734920776466954,18899.654829649415,-266436.78976031236,148.69660008466357,0.06959139895134571
4323,128075.0,299.2059048439733,1.0734905929694722,18903.484505261815,-266436.78991252737,148.72489974868964,0.06958759296947291
4324,128100.0,299.2050026775354,1.0734899557610786,18907.314322128037,-266436.7900130572,148.75316318974967,0.06958519707129114
4325,128125.0,299.204809340578,1.0734902003390348,18911.144297653205,-266436.7901742239,148.78135907135166,0.06958436816150428
4326,128150.0,299.20611387258464,1.0734911936676674,18914.974390105253,-266436.79042216134,148.8093638896851,0.06958494823203162
4327,128175.0,299.20534804921607,1.073492680837954,18918.80457123793,-266436.79057916073,148.83738071318564,0.06958651247689483
4328,128200.0,299.2066315262972,1.0734943384923379,18922.634836163343,-266436.7908531818,148.86545836613556,0.06958846538846557
4329,128225.0,299.20642576974757,1.07349597351809,18926.46518231111,-266436.79106329445,148.89349880546592,0.06959040692840665
4330,128250.0,299.2050191904888,1.073497396675132,18930.295630857796,-266436.7912172901,148.92166904240764,0.06959190633418012
4331,128275.0,299.20486809818567,1.073498416281932,18934.12620246463,-266436.79140989104,148.94989415612517,0.06959257140658683
4332,128300.0,299.2055446505901,1.0734987800600038,18937.956899949942,-266436.79161263024,148.97812414601142,0.06959196622817158
4333,128325.0,299.20562152568993,1.0734982113520988,18941.787695542866,-266436.7917534492,149.00653986017556,0.069589681818182
4334,128350.0,299.2027687597863,1.073496644059976,18945.61857209991,-266436.7917266033,149.03508650588253,0.06958575101883908
4335,128375.0,299.2012691037839,1.073494258302582,18949.44953345613,-266436.79174505745,149.06375143035075,0.06958058241082428
4336,128400.0,299.20050063531016,1.0734913938974704,18953.280591497067,-266436.7917574771,149.09253511405754,0.069574763046653
4337,128425.0,299.1995729688812,1.0734884334562769,18957.111721922643,-266436.7916842763,149.12139808306458,0.06956887544183205
4338,128450.0,299.20034238196365,1.073485564415763,18960.942945823484,-266436.79161009274,149.15028441691652,0.06956318007221343
4339,128475.0,299.203044557298,1.0734829124423955,18964.774269519305,-266436.79152766324,149.17927604585273,0.06955786274961615
4340,128500.0,299.20661747608233,1.0734807145818925,18968.60569509601,-266436.7914444728,149.20831942947112,0.06955330100591278
4341,128525.0,299.20624353331954,1.0734791229847986,18972.437240347637,-266436.7911634125,149.23729796530037,0.06954973153692633
4342,128550.0,299.20706757648475,1.0734781977895453,18976.268880182462,-266436.7909830525,149.26609006002016,0.06954729633893639
4343,128575.0,299.20804850138273,1.0734780102823809,18980.100648504398,-266436.7908728757,149.29473273703212,0.06954617188459195
4344,128600.0,299.20795510794164,1.0734786060606052,18983.932555089552,-266436.79081238015,149.32336680767185,0.06954653670886092
4345,128625.0,299.20834428386405,1.07347968760546,18987.764549364347,-266436.79088752746,149.35196115938047,0.0695479332719744
4346,128650.0,299.20553800943327,1.0734811489916407,18991.59666637147,-266436.79091824376,149.38048240564393,0.06955022973698352
4347,128675.0,299.20397222424253,1.0734830637841144,18995.428900741288,-266436.7910865773,149.4089724344528,0.06955365754369841
4348,128700.0,299.2021502581451,1.0734855954625575,18999.26124590606,-266436.79126628395,149.43747138070074,0.06955863401548265
4349,128725.0,299.2000744581624,1.0734888024521063,19003.09369707719,-266436.79139376065,149.46580668567069,0.06956543938697334
4350,128750.0,299.20156265042664,1.0734924782042434,19006.92622844184,-266436.7916159052,149.49406858936663,0.06957381391251069
4351,128775.0,299.204167257048,1.0734964565716905,19010.758841715484,-266436.791807699,149.522183477635,0.06958332176776977
4352,128800.0,299.203164385789,1.073500497051841,19014.591524117954,-266436.79177609755,149.55019205582374,0.06959318829925737
4353,128825.0,299.20325118106103,1.073504403230745,19018.42429535579,-266436.79179664655,149.5782272231666,0.06960271160618604
4354,128850.0,299.202776603905,1.0735081327210094,19022.25717486256,-266436.791808615,149.60626971687734,0.06961166069651757
4355,128875.0,299.2028655483639,1.0735116502907858,19026.090164967583,-266436.79185518937,149.63440707438033,0.06961986310070417
4356,128900.0,299.2040297421788,1.073514899854639,19029.923281020838,-266436.79195406724,149.66261788692543,0.06962709379542516
4357,128925.0,299.20434686446526,1.0735177797919526,19033.75654111927,-266436.7920133927,149.69089315465828,0.06963312383356297
4358,128950.0,299.20409929318794,1.0735202217634006,19037.589908767786,-266436.79204100266,149.71932219476963,0.06963794203563527
4359,128975.0,299.20593739273846,1.0735220428899075,19041.42335700148,-266436.79216403933,149.74794503799714,0.06964128990825705
4360,129000.0,299.205413503785,1.0735232562867838,19045.256935617545,-266436.792161807,149.77671985194547,0.06964322105021802
4361,129025.0,299.20570273162303,1.073524031331193,19049.090588118626,-266436.79219301755,149.8055079886904,0.06964410537979537
4362,129050.0,299.2052555503873,1.0735245748338291,19052.92434345407,-266436.7921744687,149.83423642470797,0.06964440400336178
4363,129075.0,299.20502926443777,1.0735251218301245,19056.758199167074,-266436.7921625081,149.86291567361766,0.06964461419187307
4364,129100.0,299.20621342054363,1.0735259176785026,19060.592155294184,-266436.79221150425,149.891447271096,0.06964526666666684
4365,129125.0,299.2081495577965,1.0735270293174521,19064.426112702728,-266436.79227939656,149.91989122950088,0.06964656710948254
4366,129150.0,299.2091608382581,1.0735283667658948,19068.259989475486,-266436.7922913717,149.9483428771088,0.06964840180138938
4367,129175.0,299.2104429088079,1.0735297892246631,19072.09391510587,-266436.7923460366,149.97677163408136,0.06965055692918211
4368,129200.0,299.21043134668645,1.0735312397192331,19075.927945162377,-266436.792377131,150.00514063836135,0.06965291676203574
4369,129225.0,299.2083992844408,1.073532785430968,19079.762123284003,-266436.7923646231,150.03349341273855,0.06965552890922978
4370,129250.0,299.20795358545104,1.0735345810264616,19083.59642039764,-266436.7924832715,150.06180243475958,0.06965862304583258
4371,129275.0,299.2064773482784,1.0735367012808774,19087.430805311167,-266436.7925435679,150.09005996012522,0.06966241041476079
4372,129300.0,299.20528471720553,1.0735390581599198,19091.2652700578,-266436.7925839617,150.11824922654182,0.0696668071499354
4373,129325.0,299.20803859228926,1.0735414557232121,19095.09984418528,-266436.7927223045,150.14646911004436,0.06967149878067387
4374,129350.0,299.210120474592,1.0735436290285707,19098.934502954762,-266436.79275032313,150.17480535055253,0.06967596464761924
4375,129375.0,299.2112684278656,1.0735452968464343,19102.769225453096,-266436.79267960397,150.2033003807893,0.06967957678244992
4376,129400.0,299.21223697982026,1.0735464829792087,19106.604087655185,-266436.7925970053,150.2318984851117,0.06968226014774218
4377,129425.0,299.21248191899036,1.0735474309425908,19110.439018917103,-266436.7924868925,150.26059679023922,0.06968431901933932
4378,129450.0,299.21239855294357,1.0735482390195623,19114.274051513225,-266436.7923767927,150.28925906150582,0.06968588855903193
4379,129475.0,299.2132544042633,1.0735489157534237,19118.10921426014,-266436.79232932394,150.3179592277018,0.06968690829528178
4380,129500.0,299.21286867648325,1.0735494316366117,19121.944457888323,-266436.7922210485,150.3466468327628,0.06968732336605056
4381,129525.0,299.2124991602784,1.0735497491252082,19125.779799001997,-266436.79211038427,150.37536909120658,0.06968718317358912
4382,129550.0,299.21239958666206,1.0735499001444968,19129.615232430548,-266436.7919969785,150.40421453456548,0.06968661259411381
4383,129575.0,299.2127130761116,1.073549991484184,19133.45074352625,-266436.7919133591,150.43310740655426,0.06968580573296856
4384,129600.0,299.214080366098,1.073550055568224,19137.28635402533,-266436.79189496924,150.46201673234523,0.06968479863169917
4385,129625.0,299.21363830795104,1.0735500155038749,19141.12207099234,-266436.7918277093,150.4909227280743,0.06968346367229081
4386,129650.0,299.2151390577478,1.0735496231289405,19144.957896212916,-266436.791917713,150.51989580882923,0.06968143560519736
4387,129675.0,299.2152116771513,1.0735488100121533,19148.79380698733,-266436.79200187215,150.548860250304,0.06967875865998195
4388,129700.0,299.2147981474914,1.0735477173995585,19152.629797096775,-266436.7921157859,150.57787990407851,0.06967581111870604
4389,129725.0,299.21303734920417,1.073546644798784,19156.46585607177,-266436.79218819377,150.60690816818538,0.06967312444950664
4390,129750.0,299.2109754755955,1.0735458340545043,19160.30198072529,-266436.7922361717,150.63584639884627,0.06967104425719294
4391,129775.0,299.2097074717683,1.0735454382210068,19164.13821092602,-266436.79227227333,150.66470406033713,0.06966973034304816
4392,129800.0,299.2111619720024,1.073545579254874,19167.974559801747,-266436.792398552,150.69351247378418,0.06966931914409306
4393,129825.0,299.21216647223633,1.0735464542558022,19171.81099009082,-266436.79244527814,150.72215842740113,0.06967015581854062
4394,129850.0,299.2138086355722,1.0735480691695096,19175.647509586135,-266436.7924565779,150.75071330276842,0.06967227698141847
4395,129875.0,299.2152476262526,1.073550329314527,19179.484124886578,-266436.7924113876,150.77918552911748,0.06967552350621796
4396,129900.0,299.21917411295726,1.073553089758167,19183.32084810372,-266436.7924960996,150.80759479986367,0.06967966204230176
4397,129925.0,299.22037821403813,1.0735562848264348,19187.157673071564,-266436.7924886007,150.83584801985762,0.0696846721994848
4398,129950.0,299.2213289936364,1.0735598259452892,19190.99460455052,-266436.7925224764,150.86391146866725,0.06969046753049954
4399,129975.0,299.2204697602287,1.0735637037878774,19194.831650172364,-266436.7925292559,150.89184389606072,0.06969709409090927
4400,130000.0,299.2186257451351,1.073567774975383,19198.668774299796,-266436.79251297144,150.91970314936012,0.0697042693327276
4401,130025.0,299.2197139554762,1.0735719464637272,19202.505997608754,-266436.79266735824,150.94767663910358,0.06971180546721205
4402,130050.0,299.21969674585654,1.0735762069800878,19206.343307321007,-266436.79278236325,150.97575401521703,0.06971963948822789
4403,130075.0,299.21840990024367,1.0735803876021783,19210.180717467167,-266436.79284241964,151.00380273599774,0.06972732917045127
4404,130100.0,299.2184946345834,1.0735842488838425,19214.01822764345,-266436.79298459896,151.0320205644345,0.06973429307605011
4405,130125.0,299.21706100280073,1.0735875466031155,19217.855842866637,-266436.7930863697,151.06027824890316,0.0697399838099563
4406,130150.0,299.2158560302564,1.0735901907571272,19221.693532642556,-266436.79320284893,151.08864002390152,0.06974419037894276
4407,130175.0,299.21359135866754,1.0735922447065926,19225.531289413357,-266436.7932432666,151.11709802155187,0.06974705550514235
4408,130200.0,299.21246360285926,1.0735938125047237,19229.369137462705,-266436.7932684668,151.14557303228258,0.06974885726166194
4409,130225.0,299.212337315421,1.0735949620559322,19233.207081732366,-266436.79326098785,151.17418380619816,0.0697497857142859
4410,130250.0,299.21376173294186,1.0735958057885575,19237.04498452552,-266436.79321707285,151.2027966457343,0.06975009423411187
4411,130275.0,299.2153778231354,1.0735964824720445,19240.882873707105,-266436.7931180243,151.23141086128754,0.06975009224841361
4412,130300.0,299.2174862150479,1.0735968910038511,19244.72085438479,-266436.79299480515,151.26011547382748,0.06974965609185003
4413,130325.0,299.21934934398274,1.0735970917535105,19248.55890138878,-266436.7928473691,151.288833132533,0.0697489639782512
4414,130350.0,299.22073959131893,1.0735971917704783,19252.397049258983,-266436.79270867305,151.31758402884122,0.06974820815402058
4415,130375.0,299.22118890398696,1.0735974301026558,19256.235265541007,-266436.79257731256,151.34641015949592,0.06974777460748811
4416,130400.0,299.22221362689754,1.0735980316957199,19260.073607971568,-266436.7925492388,151.3752428160895,0.06974798649158573
4417,130425.0,299.2230026307544,1.0735990374226638,19263.912036385336,-266436.7925888499,151.40402394756316,0.06974887392485306
4418,130450.0,299.22269335106125,1.0736004081617248,19267.75054782509,-266436.79266081465,151.43274799321128,0.06975041728897959
4419,130475.0,299.22310309977524,1.0736019919306172,19271.589191900697,-266436.7928439183,151.4613193670439,0.06975243793363518
4420,130500.0,299.22149082832084,1.0736037090401858,19275.42799831548,-266436.7929680948,151.4897394894068,0.06975493349920851
4421,130525.0,299.2194951825735,1.073605503165987,19279.26691216148,-266436.79307226976,151.5181944304238,0.06975793879089419
4422,130550.0,299.2189489990971,1.0736072551812483,19283.10594039741,-266436.7932044,151.5467059886956,0.06976120883261756
4423,130575.0,299.2179957279249,1.0736088667872201,19286.945117327174,-266436.7932241191,151.57519964459027,0.06976438584990977
4424,130600.0,299.21788284376794,1.0736102832391703,19290.784416229173,-266436.7931767193,151.60372214079112,0.06976719962335236
4425,130625.0,299.22040837671483,1.0736113672239784,19294.62389711186,-266436.7931600751,151.63232655053488,0.06976924920921845
4426,130650.0,299.2251264998885,1.0736119519614478,19298.46350751256,-266436.7932111172,151.66099031353076,0.06977015224757191
4427,130675.0,299.2250416222538,1.0736118431195414,19302.303166826652,-266436.79304624203,151.68976077996103,0.06976956835290594
4428,130700.0,299.22552398577704,1.0736107535937374,19306.1429277138,-266436.79295853944,151.71850585700324,0.06976712478362328
4429,130725.0,299.226778389091,1.073608606922497,19309.982792583316,-266436.79295813426,151.7474256772763,0.06976284680210704
4430,130750.0,299.22713952508985,1.0736056620777843,19313.822721858218,-266436.79297512135,151.77666324306043,0.06975721876175449
4431,130775.0,299.22604793171024,1.07360230242178,19317.66272967,-266436.7929809273,151.8059800195549,0.0697509265192541
4432,130800.0,299.2257496999037,1.0735988614933443,19321.502811913924,-266436.7930612891,151.8353005099633,0.06974452312203944
4433,130825.0,299.2258144158036,1.0735955921665905,19325.342976997767,-266436.79314390384,151.8646507601114,0.06973842324462505
4434,130850.0,299.2243652057888,1.0735927503194278,19329.183194081797,-266436.7930937518,151.89388815054505,0.06973308538143573
4435,130875.0,299.22478455230083,1.0735906408926952,19333.023506847934,-266436.79309643887,151.92302884490547,0.06972909272617993
4436,130900.0,299.22269499489295,1.0735895120576957,19336.863900366712,-266436.79291017755,151.9521286765834,0.06972695567575708
4437,130925.0,299.22349521511336,1.073589616644133,19340.704441658203,-266436.79281313706,151.98101080929862,0.0697272364428423
4438,130950.0,299.2244956403108,1.073591110084853,19344.54510321854,-266436.792688154,152.00960006735764,0.06973031906585586
4439,130975.0,299.2250604069834,1.0735938495495485,19348.38585578215,-266436.7925252505,152.03797082942958,0.06973595217717736
4440,131000.0,299.2249747725001,1.0735973779929435,19352.226686352868,-266436.7923524846,152.0662347955417,0.069743153493958
4441,131025.0,299.22832337633344,1.0736011579618778,19356.06761287688,-266436.79238912807,152.09437258794853,0.06975073765571083
4442,131050.0,299.2307800518433,1.0736049550603934,19359.908673258706,-266436.7924496004,152.12237373944046,0.06975814922349782
4443,131075.0,299.23130664746617,1.0736087210471035,19363.74983969279,-266436.79253343405,152.1503329129164,0.06976532283228341
4444,131100.0,299.22980846801795,1.073612332958379,19367.591117732154,-266436.7926391383,152.17839269111374,0.0697720089238847
4445,131125.0,299.22609642255355,1.0736155988154135,19371.432510882387,-266436.7927216089,152.20649334337995,0.06977779089818582
4446,131150.0,299.22316596192337,1.0736184269545,19375.27398066961,-266436.792849946,152.23466662798904,0.0697824806985985
4447,131175.0,299.22287474175806,1.0736208320593512,19379.115555944714,-266436.79305064614,152.26289754271596,0.06978613504196662
4448,131200.0,299.22227440181456,1.073622943133287,19382.95724764773,-266436.7931325025,152.29132839364664,0.06978906660672829
4449,131225.0,299.22043806614374,1.0736248659176018,19386.799018010883,-266436.79303369636,152.31993396734097,0.06979153550561817
4450,131250.0,299.2233523851583,1.0736265747772025,19390.640870573974,-266436.79305117304,152.34870779997019,0.06979354931476092
4451,131275.0,299.22438850808766,1.0736280298742127,19394.48283257572,-266436.7928790553,152.377514201258,0.0697951453279427
4452,131300.0,299.2251165693554,1.073629111161014,19398.32493813192,-266436.7926418843,152.40642057242323,0.06979620480574913
4453,131325.0,299.2233628896137,1.0736296516988464,19402.16712313226,-266436.7922824542,152.4354816528964,0.06979644678940299
4454,131350.0,299.22497122087685,1.0736294570145892,19406.009390676714,-266436.7920980444,152.4646429142538,0.06979548193041547
4455,131375.0,299.22554005685356,1.0736284592309981,19409.85177434682,-266436.7918909155,152.49390272733407,0.0697933026630762
4456,131400.0,299.22611771557985,1.0736268331463603,19413.69416626298,-266436.7917259294,152.52313131897404,0.0697903366240373
4457,131425.0,299.22609246747555,1.0736248441752643,19417.536468071205,-266436.79157369235,152.5523898825334,0.06978691715268452
4458,131450.0,299.2263173776645,1.0736226520146506,19421.37868315828,-266436.791471874,152.58168480003002,0.06978308432383964
4459,131475.0,299.22695819065905,1.07362035747384,19425.22079824083,-266436.79142948723,152.61098646950683,0.06977883101644267
4460,131500.0,299.2281283319897,1.0736180153926609,19429.062820963034,-266436.79146788944,152.64032093842945,0.06977426122692991
4461,131525.0,299.229156960333,1.073615872478708,19432.904764589293,-266436.7915304195,152.66975230972668,0.06976994075900217
4462,131550.0,299.23046686989454,1.0736141182313828,19436.746656702315,-266436.7916435524,152.69911406512819,0.06976639651953118
4463,131575.0,299.22675461163516,1.0736129561678602,19440.588512814687,-266436.7915109984,152.72831187261062,0.0697642529121866
4464,131600.0,299.2247534444209,1.0736125011571471,19444.430295804577,-266436.7914037336,152.75739655207175,0.06976389742441232
4465,131625.0,299.2273245000013,1.073612854829078,19448.27198321401,-266436.7914520536,152.7863574986566,0.0697654141662937
4466,131650.0,299.22876627401075,1.0736140450712621,19452.11360442305,-266436.7913922238,152.815074087307,0.0697685282441611
4467,131675.0,299.2295002762622,1.0736159686660687,19455.955164867002,-266436.7912742151,152.8436936556253,0.06977278528797397
4468,131700.0,299.23010739718194,1.0736181946744225,19459.79663346948,-266436.791179278,152.87224877675848,0.0697772374878797
4469,131725.0,299.2298273631632,1.0736201274422061,19463.63803358287,-266436.7910850453,152.9007982139449,0.06978061976137234
4470,131750.0,299.2293742164332,1.0736214582867356,19467.479371194237,-266436.7910667065,152.92939093088805,0.06978233452620615
4471,131775.0,299.2286482941278,1.07362216197078,19471.320652133967,-266436.7910823169,152.95808518880452,0.06978245952593941
4472,131800.0,299.2258165112913,1.0736223172367527,19475.161886270907,-266436.7910090607,152.98699741739335,0.06978144079290581
4473,131825.0,299.22528706675746,1.073621927954104,19479.003053908757,-266436.79102764296,153.01587572083156,0.0697796224109673
4474,131850.0,299.22381605981514,1.0736209801862187,19482.84416253902,-266436.7909414174,153.0447458283055,0.06977730338919948
4475,131875.0,299.22377597214916,1.0736194409442943,19486.685207444916,-266436.7908868188,153.0736628127794,0.06977465281501362
4476,131900.0,299.2226960959734,1.073617318665772,19490.526212656936,-266436.7907435213,153.10262073337813,0.06977163703372816
4477,131925.0,299.222948101907,1.073614714530295,19494.367173503746,-266436.7906306165,153.1317087693168,0.0697682034390355
4478,131950.0,299.2231275641898,1.0736117878990834,19498.208045963187,-266436.79047687363,153.16089264106583,0.06976425422341317
4479,131975.0,299.22575981986745,1.073608728720237,19502.048883210588,-266436.7904141215,153.19010908965785,0.06975979129464308
4480,132000.0,299.22756855478826,1.073605806813954,19505.88964101944,-266436.79030836554,153.21920472759066,0.06975502930893424
4481,132025.0,299.22895502707263,1.0736031807228903,19509.730354560565,-266436.7902136019,153.24828673635295,0.06975021768555725
4482,132050.0,299.2284254334165,1.0736007657818414,19513.57101982038,-266436.79009937827,153.2773469292142,0.06974536924678437
4483,132075.0,299.22711831943343,1.0735985037169182,19517.41164492814,-266436.7900475737,153.30645298334835,0.06974057679155538
4484,132100.0,299.22703276484714,1.0735965562244507,19521.25222260827,-266436.7901277823,153.3354970707545,0.06973625209959144
4485,132125.0,299.22374011770086,1.0735953040570652,19525.09273046324,-266436.7901041061,153.36454157690608,0.06973317127359213
4486,132150.0,299.2230797996448,1.0735949173166914,19528.933180611046,-266436.7902207288,153.39355752314106,0.06973183923928408
4487,132175.0,299.22043020766625,1.0735951760992264,19532.77358243169,-266436.7902099142,153.42248330280762,0.06973204693998834
4488,132200.0,299.21926228722197,1.0735957221355896,19536.61392378342,-266436.7902343871,153.45139177530274,0.06973314041731662
4489,132225.0,299.2200200846339,1.0735962801039334,19540.454180151024,-266436.7902977745,153.4803654048999,0.06973450237564982
4490,132250.0,299.2205038796124,1.0735968495509525,19544.294414596254,-266436.79029401636,153.50933217902485,0.06973597357678342
4491,132275.0,299.22095004682535,1.073597392401305,19548.134585367046,-266436.79022992664,153.53834666622157,0.0697373683585636
4492,132300.0,299.2215719088967,1.0735978799614203,19551.97470177916,-266436.7901507632,153.56723615906236,0.06973849996290549
4493,132325.0,299.22163298761444,1.073598259234534,19555.814737669505,-266436.7900400311,153.59606067119134,0.06973914849428892
4494,132350.0,299.2235022678545,1.0735984536151268,19559.65473774151,-266436.79004549043,153.62502132347063,0.0697391329625512
4495,132375.0,299.2242270950488,1.0735984836150643,19563.494686374426,-266436.7900387013,153.65405692808432,0.06973860520462656
4496,132400.0,299.224353684087,1.0735984509673107,19567.334592926563,-266436.7900796594,153.68305127336754,0.06973791512860449
4497,132425.0,299.2231488653489,1.0735985323847628,19571.174444531516,-266436.79012677295,153.71199472283988,0.06973754216688921
4498,132450.0,299.2224934069807,1.0735986885974653,19575.01426099261,-266436.790227657,153.7408259521376,0.06973755834629941
4499,132475.0,299.2210026595569,1.073598783777777,19578.854012354757,-266436.7902809176,153.76978497155565,0.06973774555555579
4500,132500.0,299.2201692616469,1.073598690957564,19582.693723567372,-266436.79034799803,153.79878779337932,0.06973770176997728
4501,132525.0,299.2191149430637,1.0735982807641038,19586.533400747387,-266436.79035867925,153.82791373182297,0.06973691255738214
4502,132550.0,299.21919878821666,1.073597525945665,19590.37302737939,-266436.790341575,153.857067466874,0.06973518350729167
4503,132575.0,299.2215922660612,1.0735965354499695,19594.21257842053,-266436.79036266793,153.8863174966697,0.06973272602131464
4504,132600.0,299.2233202754731,1.073595376692563,19598.05206552092,-266436.7902720185,153.915661755087,0.06972974887162438
4505,132625.0,299.22559443749213,1.0735940353602595,19601.8914913659,-266436.7901754202,153.94510851412937,0.06972629641958895
4506,132650.0,299.22516714407357,1.0735924905702232,19605.730858360566,-266436.789940877,153.97461399482293,0.06972240233710549
4507,132675.0,299.22463873543467,1.0735906779798867,19609.570151652857,-266436.7897443126,154.00414682616096,0.0697180200384504
4508,132700.0,299.2242478623507,1.0735885601389805,19613.409360801525,-266436.7896072021,154.03378572780372,0.06971312619206056
4509,132725.0,299.22389879771015,1.0735863411677746,19617.248505390777,-266436.7895200826,154.06345446274952,0.06970806622320792
4510,132750.0,299.22290873819685,1.0735844298381727,19621.08774080974,-266436.7894262221,154.0930656592774,0.06970350343604546
4511,132775.0,299.2224422206722,1.0735831585401883,19624.927061453178,-266436.7893544553,154.12254058318567,0.06970002541371183
4512,132800.0,299.2222849584916,1.0735827494645092,19628.766474870095,-266436.7893095962,154.1518105698354,0.0696981124898444
4513,132825.0,299.2219712382232,1.0735831536700629,19632.605994152058,-266436.78928617074,154.18087379471282,0.0696977843745387
4514,132850.0,299.2223656217806,1.07358422118863,19636.44559193091,-266436.7893418788,154.20984995526032,0.06969883750461449
4515,132875.0,299.2208905129184,1.0735857277088865,19640.285284722555,-266436.78932303115,154.23872149852386,0.06970089607322139
4516,132900.0,299.2189062691328,1.0735874766437896,19644.12508306739,-266436.78928617283,154.26758252121624,0.0697036204708142
4517,132925.0,299.21686421241094,1.0735895341596573,19647.964975943203,-266436.78921393846,154.29629143035274,0.06970718828390167
4518,132950.0,299.2177714827778,1.073592129527181,19651.805015383434,-266436.78926159756,154.32483369786834,0.06971208785129478
4519,132975.0,299.21741277662375,1.0735952275073741,19655.64519077354,-266436.7892252269,154.35333737632754,0.069718154424779
4520,133000.0,299.21717075543893,1.0735986972646165,19659.48544640081,-266436.7891907777,154.38195009607028,0.06972492037159944
4521,133025.0,299.21564557732705,1.0736024295297062,19663.325785382734,-266436.789099566,154.41051701643823,0.06973205521155855
4522,133050.0,299.2139398044085,1.0736063393028223,19667.166223057866,-266436.78899181867,154.4391005864103,0.06973937792025965
4523,133075.0,299.21352320011925,1.0736101819186556,19671.006758385363,-266436.7889476894,154.46771615502516,0.06974643118184522
4524,133100.0,299.2126055811431,1.0736136990055245,19674.84741960915,-266436.78887551953,154.4964986339596,0.06975276847145512
4525,133125.0,299.2127259793061,1.0736167356017083,19678.688173497434,-266436.7888360596,154.52538563676546,0.06975819148622796
4526,133150.0,299.212054688095,1.0736193636698328,19682.529004251246,-266436.7887538534,154.55434352499825,0.06976298748251257
4527,133175.0,299.20982602996304,1.0736215896643106,19686.3699443717,-266436.7885772929,154.58335580454957,0.0697671830830391
4528,133200.0,299.21119291477277,1.0736234909104287,19690.210939336732,-266436.78857069905,154.61245279377354,0.06977082998454429
4529,133225.0,299.21281787211313,1.0736251785136126,19694.052027561822,-266436.7885718195,154.6414603036057,0.06977397998528354
4530,133250.0,299.2125199349678,1.0736266144338995,19697.89324628236,-266436.78850979044,154.6704540228795,0.06977637710586354
4531,133275.0,299.2118128509133,1.0736276849808764,19701.734538338053,-266436.7884708266,154.6994305631069,0.06977773779052686
4532,133300.0,299.2115815462179,1.073628428266784,19705.575942932068,-266436.7884792288,154.7284127890287,0.06977822876682131
4533,133325.0,299.2113455455828,1.0736290116159384,19709.417478811585,-266436.7884976698,154.7573558715631,0.06977827209233958
4534,133350.0,299.21289867614973,1.0736295653803745,19713.259074941507,-266436.78860776144,154.78632512987883,0.06977816567438465
4535,133375.0,299.2134587242076,1.0736303087889474,19717.100755051604,-266436.78867210395,154.81522260097012,0.06977836882716072
4536,133400.0,299.21340443531096,1.0736314641099107,19720.94255484191,-266436.78873447067,154.84398567746683,0.06977941201969018
4537,133425.0,299.21143240943275,1.0736331382400468,19724.784443708624,-266436.7886953719,154.8727366921552,0.0697816840752169
4538,133450.0,299.2124085307349,1.0736352976426524,19728.626427939063,-266436.78877260437,154.90141848285236,0.06978524072850134
4539,133475.0,299.21252412562535,1.0736379182085167,19732.468529015583,-266436.7887598142,154.93007627973574,0.06979006123348039
4540,133500.0,299.21583200947055,1.073640962343096,19736.310717202396,-266436.7888551977,154.95863218116426,0.06979597313367121
4541,133525.0,299.2160959777643,1.0736444345369147,19740.15300435669,-266436.7887626575,154.98713375649498,0.06980276170556311
4542,133550.0,299.21945535277837,1.073648152248881,19743.995384435413,-266436.7888484898,155.01562324528584,0.06980988502458016
4543,133575.0,299.2193125434285,1.0736519446156103,19747.83786734714,-266436.78881621774,155.04420180024948,0.0698168816021129
4544,133600.0,299.2212593853331,1.0736555764576456,19751.680477410504,-266436.78895528865,155.07284251675839,0.06982323197653122
4545,133625.0,299.2198903301816,1.0736588027570024,19755.52321607884,-266436.78898625314,155.1015549537323,0.06982854274820378
4546,133650.0,299.21960034865606,1.073661391466901,19759.366063504378,-266436.7891202875,155.13048583183058,0.06983250656110279
4547,133675.0,299.2170477750672,1.0736632942685427,19763.208995947683,-266436.78916592686,155.15967451561133,0.06983514072119636
4548,133700.0,299.2156598782163,1.0736646508390122,19767.05193386372,-266436.789271791,155.1887983773724,0.06983673986956863
4549,133725.0,299.2150232821991,1.0736656594139193,19770.894798371224,-266436.78938541096,155.21788225457883,0.0698377014652017
4550,133750.0,299.21450958522064,1.0736663705412728,19774.737710005804,-266436.7894513522,155.24692200329605,0.06983817505310212
4551,133775.0,299.21466553500426,1.0736668713386055,19778.580748321194,-266436.7894646245,155.27599838539845,0.06983841842413614
4552,133800.0,299.2150664189925,1.073667178197525,19782.423860169427,-266436.78939476423,155.30512266542218,0.06983848956731847
4553,133825.0,299.2171042703863,1.0736674261455128,19786.26705519808,-266436.78933305363,155.33432652649694,0.069838543771044
4554,133850.0,299.21886143864015,1.0736679521405046,19790.110327684026,-266436.78923784586,155.363541880205,0.06983915587266763
4555,133875.0,299.2195875888219,1.073669089113257,19793.953668417635,-266436.78910848696,155.39269515642385,0.06984090166813017
4556,133900.0,299.221085758395,1.073670965401214,19797.797081938206,-266436.78907324735,155.42175310825843,0.06984405317826078
4557,133925.0,299.22146731556376,1.0736735412461602,19801.64057642557,-266436.7890686295,155.45062988174647,0.06984851586953365
4558,133950.0,299.2227558609358,1.073676774804416,19805.48418567129,-266436.7891837341,155.4794508652483,0.06985421868830907
4559,133975.0,299.2222644470043,1.073680611988304,19809.327910898555,-266436.7892903447,155.50806384137437,0.06986110358187157
4560,134000.0,299.220787343274,1.073684958634802,19813.171778636355,-266436.7894052371,155.53665150471397,0.06986900241175203
4561,134025.0,299.21975677217733,1.0736897588046177,19817.015738776066,-266436.78955659794,155.56515575427454,0.06987785934531661
4562,134050.0,299.219635861496,1.0736948198553582,19820.859807401215,-266436.78968918946,155.59353101241882,0.06988738746438769
4563,134075.0,299.2197670531711,1.0737000157026,19824.703993961677,-266436.7897631549,155.62189474912367,0.06989739431785008
4564,134100.0,299.22015080701124,1.0737051305585978,19828.548323797684,-266436.78979680775,155.65034266776206,0.06990741533406376
4565,134125.0,299.2202034289691,1.0737098607095925,19832.392789006735,-266436.78975738015,155.67889964622583,0.06991680362096679
4566,134150.0,299.22165321932846,1.0737139440186847,19836.237392245985,-266436.78974820016,155.70770134917169,0.06992497722793979
4567,134175.0,299.22231617316254,1.0737172699941622,19840.082101967986,-266436.78969036136,155.73671498847062,0.06993161237594886
4568,134200.0,299.2222443355234,1.0737198410301305,19843.926888708633,-266436.78961257706,155.7658860414388,0.06993662821915832
4569,134225.0,299.22220493515823,1.0737216819110138,19847.77174877128,-266436.78957373305,155.79530100853404,0.06994010459518622
4570,134250.0,299.22074437767225,1.0737227945744914,19851.616719300462,-266436.7894869867,155.8247736850435,0.06994206424560657
4571,134275.0,299.2175194738276,1.0737232312627587,19855.46181014875,-266436.78931438713,155.8543848840042,0.06994263764946071
4572,134300.0,299.2161062872673,1.073723191267585,19859.306996963936,-266436.7892005397,155.88414361440348,0.0699422562869016
4573,134325.0,299.21697696618713,1.0737229061361317,19863.152298588997,-266436.78916223836,155.91386051887488,0.06994136845940847
4574,134350.0,299.2160799769049,1.0737224067030964,19866.99769779885,-266436.7890192325,155.9435474823316,0.06994004874316961
4575,134375.0,299.21621713964305,1.0737217384906759,19870.843213267573,-266436.7889282254,155.97334420257877,0.06993837667540814
4576,134400.0,299.2165849174874,1.0737209811375719,19874.68879223321,-266436.7888232456,156.00303651940874,0.0699364393707671
4577,134425.0,299.21881137607545,1.0737201611329548,19878.534455922032,-266436.7888099855,156.0326988216107,0.06993419688364665
4578,134450.0,299.22037311400015,1.0737193515323578,19882.380193866215,-266436.78879187285,156.062447598384,0.06993172788818541
4579,134475.0,299.2224331933785,1.073718580058224,19886.22604443684,-266436.788844191,156.09224497401755,0.06992918020378479
4580,134500.0,299.22216130713963,1.0737179783889979,19890.07201681774,-266436.7888483613,156.12190701928262,0.06992702168376651
4581,134525.0,299.22241596442746,1.073717591299287,19893.91807758011,-266436.78895765153,156.1514977226103,0.06992565924632643
4582,134550.0,299.2205315014925,1.07371747545276,19897.764202891718,-266436.7890192951,156.18102529660348,0.06992540992072174
4583,134575.0,299.2188155237071,1.0737177194589875,19901.610431837787,-266436.78910283156,156.2104278401688,0.06992648778359534
4584,134600.0,299.21746064384007,1.0737182901490367,19905.456735262396,-266436.78918861673,156.2398366446384,0.06992878095238118
4585,134625.0,299.2168180852609,1.0737190545864224,19909.30315444681,-266436.7892772815,156.26919176944332,0.06993176202936496
4586,134650.0,299.2158414345629,1.0737199017513261,19913.149626563638,-266436.7893005019,156.29857694448086,0.06993500857495845
4587,134675.0,299.21657861697327,1.0737207227550132,19916.996186233377,-266436.78934688057,156.32799783188034,0.06993807410636466
4588,134700.0,299.2152553042072,1.073721497276095,19920.842850300665,-266436.7892408244,156.35745218784055,0.0699407403936953
4589,134725.0,299.21593659157736,1.0737221678286129,19924.689465652376,-266436.78921120265,156.38689474364568,0.06994280617283974
4590,134750.0,299.2154414744079,1.073722715239962,19928.53602777167,-266436.7891036651,156.41639398613236,0.06994412662455553
4591,134775.0,299.2174313646211,1.0737230062427408,19932.38267160157,-266436.78911908006,156.44597432730845,0.06994448061846714
4592,134800.0,299.21786585761083,1.0737229424486536,19936.229384967573,-266436.7890908205,156.47550583859504,0.06994385027941094
4593,134825.0,299.2179479129314,1.0737224727905963,19940.076213495297,-266436.7890839362,156.5050757392977,0.06994228312291419
4594,134850.0,299.2172402515067,1.0737215504533912,19943.923140410094,-266436.7890697053,156.5346500802322,0.06993979644541193
4595,134875.0,299.21748785915435,1.0737200632433999,19947.770163951056,-266436.7891352052,156.5642353967944,0.06993627277342641
4596,134900.0,299.2170529868769,1.073718091798999,19951.61727821841,-266436.7891583446,156.59390106286716,0.06993186288158969
4597,134925.0,299.2147927496027,1.0737160179788312,19955.464474235836,-266436.78905907593,156.62344580542273,0.0699271916775412
4598,134950.0,299.21512002580414,1.0737142391824308,19959.31174461616,-266436.7890564201,156.65291637653118,0.06992294353845063
4599,134975.0,299.21692194166803,1.0737130186231882,19963.159097093707,-266436.7891151164,156.68234932434788,0.06991963021739155
4600,135000.0,299.2177916190697,1.0737124249800767,19967.006557635235,-266436.7891391684,156.7116882626241,0.069917530319496
4601,135025.0,299.2185811019136,1.0737122714037375,19970.854079858986,-266436.7891765035,156.74088214587866,0.06991657706794172
4602,135050.0,299.21847680831485,1.0737125659352595,19974.701707418364,-266436.78923110606,156.77005872126878,0.06991702882178313
4603,135075.0,299.21853353938747,1.0737133191427746,19978.549425824513,-266436.7893712837,156.79912941768032,0.0699190715320014
4604,135100.0,299.21643526833293,1.073714484835324,19982.397251205948,-266436.78945884126,156.82814205392694,0.06992271878393076
4605,135125.0,299.2142114290794,1.0737159485453756,19986.245155851728,-266436.7895859441,156.85707857830369,0.06992772832537296
4606,135150.0,299.2135072809507,1.0737174994573475,19990.09315024102,-266436.7897792012,156.88597055198613,0.06993362361623641
4607,135175.0,299.2132159619516,1.0737189463252317,19993.941237710154,-266436.78997352,156.91487035749427,0.06993989163773173
4608,135200.0,299.21265274947706,1.0737201143415058,19997.7894481435,-266436.79010623496,156.94382926759246,0.06994595190569201
4609,135225.0,299.2146854114982,1.0737206973246567,20001.637725705867,-266436.79032836546,156.97292848604488,0.0699508692697038
4610,135250.0,299.21545230824984,1.0737204480589895,20005.486103375057,-266436.7904199762,157.00216912701515,0.0699538715390735
4611,135275.0,299.2173126824964,1.0737193686759179,20009.334611892034,-266436.7905146147,157.03169823106396,0.06995483542931509
4612,135300.0,299.21769408953105,1.0737175952019653,20013.183175296566,-266436.79050250706,157.06142400773183,0.06995387145024956
4613,135325.0,299.21980658308195,1.0737151759138852,20017.03181080864,-266436.79056122474,157.09122146395035,0.06995093057361679
4614,135350.0,299.22158894958613,1.0737121955940772,20020.880534264517,-266436.79061220575,157.12106049924168,0.06994619248826318
4615,135375.0,299.22162107344167,1.0737087646591565,20024.729342655344,-266436.79059586354,157.1510224945841,0.0699400031773544
4616,135400.0,299.222875679447,1.0737051110389142,20028.578249661918,-266436.79066285235,157.1810784991698,0.06993301530575437
4617,135425.0,299.2221622530692,1.0737015604157645,20032.427233647843,-266436.7906485464,157.2111059043598,0.06992603204850611
4618,135450.0,299.2228985885127,1.0736982766832648,20036.27631163385,-266436.7907202162,157.24116389810212,0.06991957277910109
4619,135475.0,299.22237662633626,1.0736952411976912,20040.125455882415,-266436.7907414444,157.27112216356429,0.0699137522366525
4620,135500.0,299.2224980140677,1.073692349635721,20043.97469704539,-266436.79082641547,157.30102080631903,0.06990847356272119
4621,135525.0,299.22348193386847,1.0736894694216068,20047.82399458836,-266436.7909719345,157.33100478234536,0.06990353764604094
4622,135550.0,299.22419246506746,1.0736865143124954,20051.67339172581,-266436.7911246223,157.36096525459666,0.0698987760473
4623,135575.0,299.2230061710655,1.0736834143598615,20055.522891445304,-266436.7911923199,157.3909742797002,0.0698941390570937
4624,135600.0,299.22257480310054,1.0736802338018019,20059.372481821785,-266436.79127983685,157.4210927646127,0.06988992288288315
4625,135625.0,299.2203112081727,1.073677117235913,20063.222138634115,-266436.79122504307,157.45122709778073,0.06988646072921197
4626,135650.0,299.22041595396735,1.0736741759959656,20067.07185620973,-266436.7912047318,157.4813547496579,0.06988389539658553
4627,135675.0,299.2215027662072,1.0736714163785652,20070.921650525157,-266436.7911473585,157.51163438036596,0.06988212546816507
4628,135700.0,299.2214002533319,1.0736687719449844,20074.771489590643,-266436.79096877505,157.54191322323044,0.06988080679772476
4629,135725.0,299.22226679748167,1.0736661606911448,20078.62140999736,-266436.79082324554,157.57217670108002,0.06987937616990668
4630,135750.0,299.22343702836105,1.0736634654862163,20082.471398297508,-266436.79069273017,157.60248500575838,0.06987728107680154
4631,135775.0,299.22243173769573,1.0736606296776052,20086.321353226343,-266436.79048067046,157.63278231260801,0.06987421783247004
4632,135800.0,299.2240986042895,1.0736576278149508,20090.171200264427,-266436.7904409351,157.66319124994612,0.06987015245701157
4633,135825.0,299.2246701429305,1.0736544771975254,20094.021029698193,-266436.79037373164,157.69356961106325,0.06986531585383425
4634,135850.0,299.22398135397486,1.0736511631067962,20097.870909488192,-266436.7902938,157.72382168342332,0.06985995203164357
4635,135875.0,299.2226392894033,1.0736476798245613,20101.720877643605,-266436.79019471194,157.754074142508,0.06985425841242478
4636,135900.0,299.2219263114816,1.0736443444037094,20105.57091868574,-266436.7901215797,157.78431164006912,0.06984877471066091
4637,135925.0,299.2215421708366,1.073641535144459,20109.421004611995,-266436.7900321644,157.81440565610188,0.069844053327584
4638,135950.0,299.2221762274212,1.0736394208521953,20113.27117238042,-266436.78994625044,157.84429207487256,0.06984032183660299
4639,135975.0,299.2228187725589,1.073638066882184,20117.121434317192,-266436.78983072017,157.87400884367827,0.06983769820402326
4640,136000.0,299.22409708094665,1.073637396322632,20120.97175906804,-266436.78974518797,157.90356112921077,0.06983603253609164
4641,136025.0,299.2227925198205,1.0736372137727994,20124.822129144573,-266436.78958416195,157.9330550572312,0.0698350258509266
4642,136050.0,299.2237676002599,1.073637343312514,20128.672552636253,-266436.7896286214,157.96257205068574,0.06983441761791971
4643,136075.0,299.22332156582115,1.0736377936405401,20132.523073389777,-266436.789712949,157.9920786983923,0.06983433563020412
4644,136100.0,299.22131507319847,1.0736386630068178,20136.37370962557,-266436.7898286164,158.02157425884474,0.0698350465016149
4645,136125.0,299.2199830171489,1.0736397905007895,20140.224456728396,-266436.7900956604,158.05107936045357,0.06983628354139788
4646,136150.0,299.2181756559085,1.07364090718026,20144.07529126952,-266436.7904090272,158.08056802589496,0.06983753869880235
4647,136175.0,299.2176754272821,1.0736418131095815,20147.92622448762,-266436.7908115317,158.11012200896454,0.06983839378944375
4648,136200.0,299.21411310920064,1.073642454362946,20151.77727667967,-266436.7910099866,158.13977158026825,0.06983871398867166
4649,136225.0,299.2115096414352,1.0736427832974913,20155.628424699524,-266436.79113372933,158.16942755025102,0.06983837670250921
4650,136250.0,299.2107845042658,1.0736427609833015,20159.479654361738,-266436.7911900168,158.1990863240881,0.06983733591342389
4651,136275.0,299.2126618838508,1.073642403625681,20163.33097008572,-266436.7911975804,158.22864034415315,0.0698357057896248
4652,136300.0,299.21340434049876,1.0736417720467084,20167.182370928742,-266436.791017539,158.25819828397462,0.06983362604771141
4653,136325.0,299.21723127918796,1.0736409480733422,20171.033841203218,-266436.7909232752,158.28762280668968,0.06983122432316312
4654,136350.0,299.2189507064821,1.0736400528464018,20174.885371310942,-266436.7907307925,158.3170705150735,0.06982868370927343
4655,136375.0,299.2202080423126,1.073638969644903,20178.736985105694,-266436.79056194454,158.34653876367423,0.06982585667239428
4656,136400.0,299.21992087860724,1.0736375530026485,20182.58867797891,-266436.7904292974,158.376155157326,0.06982262672679146
4657,136425.0,299.21940354966523,1.0736356847001576,20186.440466447428,-266436.79038522445,158.40599260533858,0.06981897481036235
4658,136450.0,299.2193005247207,1.0736331399441943,20190.292340956097,-266436.7904435795,158.436080990556,0.06981461558274332
4659,136475.0,299.2176299374837,1.0736298524320458,20194.14435051383,-266436.79046428093,158.46622003197433,0.069809482618026
4660,136500.0,299.21509471365385,1.0736260758778517,20197.99651546173,-266436.79046472453,158.49636807187306,0.06980396438532528
4661,136525.0,299.2150942567584,1.0736221255541256,20201.8487921441,-266436.79055738996,158.52648599621057,0.06979851287001311
4662,136550.0,299.215713363573,1.0736181935806708,20205.70112914364,-266436.7906228544,158.55647407270007,0.06979334584316273
4663,136575.0,299.21454619361225,1.0736143512006862,20209.553546154402,-266436.7905095931,158.58634940330197,0.06978858469125239
4664,136600.0,299.2143405921417,1.0736105404072884,20213.40606525669,-266436.79036356986,158.61614421314763,0.06978420978921068
4665,136625.0,299.21582604607966,1.0736067013144737,20217.258673822715,-266436.79021852877,158.64602737648244,0.06978017388198339
4666,136650.0,299.2179241369919,1.0736029542889796,20221.111359400642,-266436.79006619495,158.6759736390973,0.0697765741018501
4667,136675.0,299.2213186394618,1.0735994688660384,20224.964127550225,-266436.7900081728,158.70595137203665,0.06977347557840641
4668,136700.0,299.22239259998736,1.073596369029771,20228.816945267747,-266436.7899037474,158.735847279289,0.06977081130863165
4669,136725.0,299.2207217040702,1.0735937852962172,20232.66983142615,-266436.78973646305,158.7658375856532,0.06976838558172758
4670,136750.0,299.21961584036416,1.0735917146221368,20236.522791445896,-266436.78964632034,158.79572516934286,0.06976587083422561
4671,136775.0,299.2190166115884,1.0735902526398404,20240.37581333015,-266436.7896216587,158.82558259118161,0.06976351027397286
4672,136800.0,299.217845558244,1.0735895276410587,20244.228949437216,-266436.78958988015,158.85536186810768,0.06976190598473526
4673,136825.0,299.2175652346329,1.0735894817429754,20248.08210906442,-266436.78963066486,158.8851039559265,0.06976141399229807
4674,136850.0,299.2152865994312,1.0735899630659538,20251.935201770433,-266436.7896007212,158.91470277739762,0.06976217062388618
4675,136875.0,299.21355072825935,1.073590773310522,20255.78828493102,-266436.7896371041,158.94427206358722,0.0697641313088112
4676,136900.0,299.21086648585435,1.0735917571092584,20259.64142304307,-266436.78965418506,158.97364168619495,0.06976705772931392
4677,136925.0,299.2099211135829,1.0735927404161325,20263.49462596404,-266436.7897524457,159.00296939632332,0.06977038178708876
4678,136950.0,299.20954100733934,1.0735934322861012,20267.347916910476,-266436.78984440275,159.03233196081794,0.06977302728503268
4679,136975.0,299.20978827293607,1.0735935684472937,20271.201281563484,-266436.7899179929,159.06181206324797,0.06977400206552734
4680,137000.0,299.20959114042745,1.0735930803247171,20275.054730129556,-266436.78989942075,159.09150182688896,0.0697731017588837
4681,137025.0,299.2095233960574,1.0735922603588213,20278.90825272172,-266436.7898239145,159.1212669294462,0.06977102669799258
4682,137050.0,299.2091012724766,1.0735914393195247,20282.761848114194,-266436.7896724987,159.1510303472134,0.06976858118015544
4683,137075.0,299.21151369428003,1.07359077412468,20286.61551035314,-266436.78961046995,159.18085033689164,0.06976634820666124
4684,137100.0,299.2133537303467,1.073590305158307,20290.46926930696,-266436.7894780778,159.21061369583788,0.06976471099252961
4685,137125.0,299.2153298945812,1.0735900873523976,20294.32310091566,-266436.7893573746,159.24035979157784,0.06976400640204893
4686,137150.0,299.217891548469,1.0735902088756137,20298.17700773063,-266436.78931579116,159.27007509309448,0.06976452172676223
4687,137175.0,299.21810541787704,1.0735906301905578,20302.031030000733,-266436.78926347964,159.2997328747868,0.06976606420648492
4688,137200.0,299.21685774706924,1.0735910974621456,20305.88514228772,-266436.78925212164,159.32940512632413,0.06976788021610889
4689,137225.0,299.2163430774714,1.0735912882018483,20309.739319685596,-266436.789362328,159.35915003560777,0.06976912366737767
4690,137250.0,299.2159916788192,1.0735910865487106,20313.59356420595,-266436.78952995286,159.38892047814977,0.06976937532864377
4691,137275.0,299.2126857799817,1.0735905483802222,20317.447903823057,-266436.7895464217,159.418767738278,0.06976855413469762
4692,137300.0,299.2095857055915,1.0735897024646643,20321.302330076807,-266436.789542917,159.44867987960802,0.06976669344413693
4693,137325.0,299.20990135676914,1.0735885793921323,20325.15683926817,-266436.7896094275,159.47877049751466,0.06976397102684305
4694,137350.0,299.20686607738895,1.0735872398296065,20329.01145577624,-266436.7894005065,159.50899703351095,0.0697607577564788
4695,137375.0,299.2078150017762,1.0735857271436688,20332.866158345212,-266436.78927527607,159.53926074538626,0.06975734973026718
4696,137400.0,299.20810795685355,1.0735842165921516,20336.720944430795,-266436.78900471696,159.56947555468042,0.06975412185082705
4697,137425.0,299.20916726905233,1.0735828212005114,20340.575826198976,-266436.78872331535,159.59953261451693,0.06975128913012657
4698,137450.0,299.2121319484304,1.0735814752074915,20344.430775828856,-266436.78857000807,159.62951060963337,0.06974866893665346
4699,137475.0,299.21334540000163,1.0735801460283694,20348.28582969244,-266436.78842852154,159.6594549886526,0.06974609617021305
4700,137500.0,299.21348518308326,1.0735788479047017,20352.140966400933,-266436.7883836163,159.68926353875077,0.06974346819825597
4701,137525.0,299.21229832674203,1.0735776651070472,20355.996205319752,-266436.788434484,159.71894001276064,0.06974088281582333
4702,137550.0,299.20913503870037,1.073576660925651,20359.851477423515,-266436.78851034597,159.74860147104698,0.0697384582181589
4703,137575.0,299.20531992630555,1.073575949971656,20363.706831494357,-266436.78861120535,159.77822781101204,0.06973638350340164
4704,137600.0,299.2044372837424,1.0735756179241949,20367.562281086743,-266436.78881179757,159.80785062217512,0.06973482260007112
4705,137625.0,299.2028538020275,1.073575756268594,20371.417798963834,-266436.78887008195,159.8373949200313,0.06973402379940528
4706,137650.0,299.2033039723124,1.0735763724948666,20375.273407456225,-266436.7888783431,159.86697472509044,0.06973418192762579
4707,137675.0,299.20558913509086,1.0735772463891258,20379.12914256495,-266436.78884414694,159.89661589620516,0.06973502456811129
4708,137700.0,299.20702663630095,1.0735778733630645,20382.98498964199,-266436.78868939105,159.92639264649267,0.06973562284986223
4709,137725.0,299.20919774501226,1.0735777172682246,20386.84097958198,-266436.78853625077,159.9563850602266,0.06973495187544258
4710,137750.0,299.2072078896217,1.0735764018255156,20390.69706421534,-266436.7881898993,159.98654795867841,0.06973234529116279
4711,137775.0,299.20837217494505,1.0735739878324853,20394.553204910186,-266436.78806627425,160.01707942685357,0.06972793583757807
4712,137800.0,299.20786647202937,1.0735706605842006,20398.409429765357,-266436.7879624898,160.04771587177325,0.06972202751255419
4713,137825.0,299.20589231975845,1.0735665530335181,20402.26572555101,-266436.7878892926,160.0785200994203,0.06971485122330671
4714,137850.0,299.20409515228164,1.0735618793213157,20406.12207815775,-266436.78790896793,160.10945203011678,0.06970679441498788
4715,137875.0,299.20198772816116,1.073556768871926,20409.97849211347,-266436.78793289233,160.14036394663572,0.0696981101215722
4716,137900.0,299.2003546068846,1.0735514706381182,20413.83500079064,-266436.7879558764,160.17118152038742,0.06968919602854946
4717,137925.0,299.19777846333363,1.0735462665677555,20417.69149924455,-266436.7878722685,160.2019012961002,0.06968040101738049
4718,137950.0,299.19791743879523,1.0735413115066759,20421.54788860453,-266436.7878318372,160.23240384212772,0.06967187370205577
4719,137975.0,299.19802778022773,1.073536741454803,20425.40425483449,-266436.7877137789,160.26273701610185,0.06966376836158217
4720,138000.0,299.1994429376562,1.0735326066511341,20429.260721741466,-266436.78758699755,160.29296903127883,0.0696561562522067
4721,138025.0,299.2007772442485,1.0735288672172816,20433.117273153493,-266436.78741599445,160.32310291444318,0.06964901440067793
4722,138050.0,299.20249939360747,1.0735254143552835,20436.973947547067,-266436.78726541647,160.35315305900218,0.06964226275672267
4723,138075.0,299.2024022936089,1.073522148532318,20440.830718775713,-266436.7870901154,160.38320661600352,0.06963582401919302
4724,138100.0,299.20275052437563,1.0735189352380963,20444.687594877978,-266436.7870312066,160.41324431823648,0.0696295568959438
4725,138125.0,299.2030432083527,1.0735156895895057,20448.544566360935,-266436.7870954576,160.4434573879251,0.06962338841867707
4726,138150.0,299.20232046484904,1.073512301882802,20452.40160007463,-266436.78721737064,160.47385743015315,0.06961720534518041
4727,138175.0,299.20077012605924,1.073508828398196,20456.25867361184,-266436.7873757019,160.5043582339962,0.06961105188945314
4728,138200.0,299.19978700134095,1.073505475928668,20460.115805718637,-266436.7875986021,160.53478472404328,0.06960512744061488
4729,138225.0,299.19696684446967,1.0735023944327,20463.973007238077,-266436.7877309946,160.56508566603256,0.069599542142354
4730,138250.0,299.1942923084637,1.0734996878038479,20467.83026285164,-266436.7878221619,160.5952501819208,0.06959440047910966
4731,138275.0,299.19412761292085,1.0734975321921676,20471.687592317016,-266436.7879590852,160.62530504987333,0.06959000993237555
4732,138300.0,299.19437302542605,1.0734962080428205,20475.544979287013,-266436.78800742415,160.6552542130433,0.06958695795478578
4733,138325.0,299.19546507463906,1.0734959780312638,20479.402450919963,-266436.7879974687,160.68495021651893,0.06958589205745692
4734,138350.0,299.1979855677595,1.07349676064766,20483.260016203192,-266436.78796596423,160.71442046821554,0.06958687096092948
4735,138375.0,299.2001813695822,1.0734982019988746,20487.117637070547,-266436.78787901544,160.74375459459472,0.06958930665822095
4736,138400.0,299.2028693301684,1.0734999200619246,20490.975354933806,-266436.7878426532,160.77310709950052,0.06959244247414
4737,138425.0,299.2020645809782,1.0735016054594069,20494.833147629546,-266436.78770090686,160.80243007443377,0.06959557823272854
4738,138450.0,299.20201244334413,1.0735029941619194,20498.69103497632,-266436.78769287013,160.83183545283828,0.06959812738271108
4739,138475.0,299.20143040576824,1.0735039699718714,20502.54899330945,-266436.78774540225,160.86134746504936,0.06959986378340391
4740,138500.0,299.2001351032148,1.0735043890177889,20506.407028781225,-266436.7878291425,160.8908751158688,0.06960058292905881
4741,138525.0,299.200038668496,1.0735041552790672,20510.26514122553,-266436.78801471856,160.920555133699,0.06960019829888961
4742,138550.0,299.20067246054003,1.0735031638906465,20514.12334258334,-266436.7882603675,160.95038386105853,0.06959873575093144
4743,138575.0,299.19899772477686,1.073501390387859,20517.981658582445,-266436.78839246044,160.98049038989615,0.0695964198988198
4744,138600.0,299.1969874706024,1.0734988645591856,20521.84005093849,-266436.7884719071,161.01082175876374,0.06959347636108208
4745,138625.0,299.19691337940895,1.0734957494732413,20525.698513421714,-266436.78859104554,161.04124330917276,0.06959020740272534
4746,138650.0,299.1957703551032,1.073492262481568,20529.55707034361,-266436.7885796575,161.0717298068255,0.06958663211853124
4747,138675.0,299.19480929689865,1.073488576523449,20533.41572133806,-266436.7884761901,161.10227104036798,0.06958252492277475
4748,138700.0,299.19725984635534,1.0734847972906583,20537.274427082004,-266436.788435735,161.13291477925188,0.06957783140310266
4749,138725.0,299.1990989476508,1.0734811268771935,20541.133197663108,-266436.7882999894,161.16355055592993,0.06957283122807043
4750,138750.0,299.2020260552883,1.0734778053041472,20544.992052528192,-266436.7881733024,161.19410008314048,0.06956794611660727
4751,138775.0,299.20357057414594,1.073475078914142,20548.85099446818,-266436.7879786651,161.22443359140024,0.06956369725028082
4752,138800.0,299.20644906669645,1.073473060032261,20552.710020519975,-266436.78789675684,161.25456385770403,0.06956039995792156
4753,138825.0,299.20905090983206,1.0734717867059327,20556.569131406628,-266436.787874801,161.2845327624458,0.06955826006170267
4754,138850.0,299.20987954721517,1.0734712337188932,20560.42834349438,-266436.7878872453,161.3143258207502,0.0695573341044517
4755,138875.0,299.21048956286967,1.0734713516260173,20564.287636121273,-266436.7880359725,161.34400674824795,0.06955766358284297
4756,138900.0,299.2078438411481,1.0734719604092224,20568.147007236446,-266436.7881538798,161.37355012963366,0.06955916985495085
4757,138925.0,299.20502993695,1.0734729393302516,20572.006441447127,-266436.7883610987,161.4030286143339,0.0695618607257954
4758,138950.0,299.2019127076433,1.0734742713455216,20575.86591801494,-266436.78854169307,161.43246343251397,0.06956577390208052
4759,138975.0,299.1999570307439,1.0734759245098047,20579.725506374954,-266436.7886843119,161.46183929958,0.06957070539215711
4760,139000.0,299.19996704803077,1.0734778563327039,20583.585198673412,-266436.7887807683,161.4911863792622,0.0695762479871178
4761,139025.0,299.2009528481047,1.0734799696206083,20587.44500221457,-266436.78875968035,161.52048704773918,0.06958183396332097
4762,139050.0,299.20443077360375,1.0734820307929185,20591.30486744953,-266436.78872948803,161.54975430254055,0.06958685478340007
4763,139075.0,299.2087326086638,1.073483666176883,20595.16482026003,-266436.78868380986,161.57906055408637,0.06959059795689922
4764,139100.0,299.2107824241359,1.0734844260930403,20599.02484514693,-266436.7885538588,161.60855639027648,0.06959227422175611
4765,139125.0,299.2120357601779,1.0734841279899294,20602.88487368795,-266436.7884855676,161.6382220456009,0.06959178353615915
4766,139150.0,299.21199114831296,1.0734828205020635,20606.74481075221,-266436.78847537114,161.66811393881562,0.06958955324802486
4767,139175.0,299.2116608412349,1.0734805977349,20610.604685489467,-266436.78856434533,161.69825199797273,0.06958611234619712
4768,139200.0,299.21138517404233,1.073477703571679,20614.464506668086,-266436.78875532496,161.7286284378977,0.06958211567764057
4769,139225.0,299.2077354891701,1.0734745300489175,20618.32427028863,-266436.7888236381,161.7590343700211,0.06957819217330563
4770,139250.0,299.20621761119423,1.073471502689863,20622.183967408182,-266436.78898688295,161.7893434161952,0.06957493886676473
4771,139275.0,299.20512879924723,1.0734689399273545,20626.04360910033,-266436.7890821495,161.81954880315746,0.069572809443979
4772,139300.0,299.2041278650062,1.0734669023674843,20629.903230813765,-266436.78906227974,161.84953037956575,0.06957185641455434
4773,139325.0,299.20667435260606,1.073465410627008,20633.762797942836,-266436.7891035754,161.87930799755634,0.0695719484708842
4774,139350.0,299.20485336949554,1.0734646367190233,20637.62229389105,-266436.7888324175,161.90891139106472,0.06957318296684144
4775,139375.0,299.20763744235234,1.0734646282104976,20641.481729955703,-266436.788731406,161.93841216910957,0.06957551402847596
4776,139400.0,299.20993512902265,1.0734654946619222,20645.341120484216,-266436.7885934938,161.967774968809,0.06957912769520645
4777,139425.0,299.2107511122523,1.0734671320636255,20649.20044553895,-266436.78839649097,161.99693213192424,0.06958386158783338
4778,139450.0,299.20971660898545,1.0734693132454494,20653.05970887308,-266436.7881851989,162.02590130327138,0.06958930975796915
4779,139475.0,299.2069526136697,1.073471804044631,20656.91893241613,-266436.7879702875,162.05489306220375,0.06959498521617878
4780,139500.0,299.2066938709492,1.0734743958725517,20660.778121575564,-266436.78795351187,162.08393779871724,0.0696004658021337
4781,139525.0,299.20721614687193,1.0734768947441802,20664.63724232931,-266436.7880161825,162.11295554705154,0.06960540345740998
4782,139550.0,299.2069199568628,1.0734790666945437,20668.49632972774,-266436.7880719338,162.1420367253468,0.06960951125513998
4783,139575.0,299.2057123726327,1.0734807045707921,20672.355424574576,-266436.7881018737,162.17122163663612,0.06961266938405822
4784,139600.0,299.20213779477706,1.073481839428771,20676.214476661116,-266436.7880001514,162.20044639233728,0.06961513270637433
4785,139625.0,299.2026905631024,1.0734826209778525,20680.073455745736,-266436.7880593225,162.22964362815165,0.06961734628778407
4786,139650.0,299.20263265120985,1.0734831851542377,20683.932376555967,-266436.78801998676,162.2588682162107,0.06961969528584386
4787,139675.0,299.2029304516169,1.0734836289334453,20687.791245107022,-266436.7879180192,162.28819270453926,0.06962244089390168
4788,139700.0,299.2052937645316,1.0734841144985041,20691.65005827022,-266436.7878474895,162.31761564898736,0.06962575917032113
4789,139725.0,299.2068295917206,1.0734848048712602,20695.508827522634,-266436.7877222915,162.34695082261666,0.06962975024356324
4790,139750.0,299.2071437608728,1.073485721143812,20699.36755059822,-266436.7875469349,162.37616565170816,0.06963425874904361
4791,139775.0,299.2059873827229,1.0734869602114643,20703.226216772833,-266436.7873559069,162.40530244720378,0.0696391764051199
4792,139800.0,299.2052437271038,1.0734885357813484,20707.08483410239,-266436.7872528763,162.43440828694636,0.0696441781069618
4793,139825.0,299.20661584835386,1.0734905199555005,20710.943379001477,-266436.78734799713,162.4634207875818,0.06964929481296091
4794,139850.0,299.2093884729249,1.073492937712896,20714.801850786112,-266436.7875812942,162.49232712290592,0.06965467306221786
4795,139875.0,299.20777440686857,1.0734956299694196,20718.66026603866,-266436.78767447156,162.52120329024197,0.06966008326383123
4796,139900.0,299.2070454638333,1.073498253074839,20722.518629875423,-266436.7878730371,162.55016267556124,0.06966492502258383
4797,139925.0,299.20561685910974,1.0735005174378218,20726.37698916578,-266436.7880688148,162.57914535271652,0.06966878108934305
4798,139950.0,299.2038657706484,1.073502210391054,20730.235290059056,-266436.78826483875,162.60826944238394,0.06967140452872153
4799,139975.0,299.2021191158351,1.0735031786111116,20734.093530790917,-266436.78842343815,162.63745374291676,0.06967258513888916
4800,140000.0,299.20234176560615,1.0735034955911968,20737.95173996669,-266436.78858873004,162.66675847233225,0.06967250517253377
4801,140025.0,299.2017793526326,1.0735033388865753,20741.80990009081,-266436.7886052137,162.69603613452736,0.06967155095099292
4802,140050.0,299.2025723100857,1.0735027953362486,20745.66799751497,-266436.78857109166,162.72542531202728,0.069669964397252
4803,140075.0,299.20590466916633,1.0735017105883988,20749.526020787485,-266436.788598761,162.75482160165149,0.06966755849292283
4804,140100.0,299.2073515628183,1.0734999356226156,20753.383971828596,-266436.7885063056,162.7843517727368,0.06966410995490835
4805,140125.0,299.2088543383982,1.0734975882230549,20757.241849730144,-266436.7884267164,162.81386025093641,0.06965976674989623
4806,140150.0,299.2102277900995,1.0734950482629502,20761.09966287714,-266436.788371148,162.84333987206165,0.06965508113168323
4807,140175.0,299.2130455585153,1.0734927223377706,20764.95743061947,-266436.7884415178,162.87269180178876,0.06965063165557432
4808,140200.0,299.2106940945467,1.073490935121647,20768.81514677939,-266436.788320353,162.90190737804124,0.06964698135440521
4809,140225.0,299.210679875816,1.0734897255024258,20772.67278692358,-266436.788387304,162.93098238697166,0.06964432571032599
4810,140250.0,299.2098448463261,1.0734891335134762,20776.53033910277,-266436.78847378754,162.95993992163798,0.06964286073581404
4811,140275.0,299.20942953186653,1.0734891151981159,20780.38780445153,-266436.78861085785,162.98881277867838,0.06964261152673898
4812,140300.0,299.209434123279,1.0734896212341576,20784.245178323174,-266436.7887738051,163.01757817473518,0.06964346609876057
4813,140325.0,299.208233843029,1.0734906298296636,20788.102476812375,-266436.78887897416,163.04617341289304,0.06964542175598974
4814,140350.0,299.2075936768449,1.0734919717549325,20791.959710923664,-266436.7889781998,163.0747129876775,0.06964824672897224
4815,140375.0,299.20755370037546,1.0734934118909192,20795.816905909352,-266436.78904534003,163.10331784669168,0.06965149217884856
4816,140400.0,299.20889068756657,1.0734947906719259,20799.674043505383,-266436.78911710216,163.13188117839604,0.06965465753235098
4817,140425.0,299.2110063330583,1.0734959689359347,20803.531116042224,-266436.78915154375,163.16046018223338,0.06965733520132864
4818,140450.0,299.2109379403766,1.0734967943556755,20807.388157082267,-266436.7890181428,163.18921345611133,0.06965917092066155
4819,140475.0,299.21395303900584,1.073497207053942,20811.24529742893,-266436.7890069386,163.21798587275254,0.06966009239280803
4820,140500.0,299.21326874127254,1.0734972782272003,20815.10252448886,-266436.7888040123,163.24677478483036,0.0696602507778472
4821,140525.0,299.2129785194957,1.0734970528826213,20818.959839770523,-266436.7886292239,163.27560616258825,0.0696597429835479
4822,140550.0,299.2122322610426,1.073496470661414,20822.81721978073,-266436.78843142965,163.3045105808281,0.06965853362360937
4823,140575.0,299.2130924273096,1.0734955532752901,20826.67469610222,-266436.7883449418,163.33351317661703,0.06965670591487037
4824,140600.0,299.21380116787736,1.0734943517098445,20830.532275126036,-266436.788315709,163.36258157899837,0.06965427792746141
4825,140625.0,299.212284024867,1.0734930071833126,20834.389919469566,-266436.7882181822,163.39167551968512,0.06965141020859263
4826,140650.0,299.2124860365323,1.0734916813065394,20838.24764272173,-266436.78824778413,163.42076833941036,0.06964836634210372
4827,140675.0,299.21197458071146,1.0734904711405686,20842.10543595798,-266436.7882567024,163.44993036792334,0.0696453725490199
4828,140700.0,299.21256185725304,1.0734893648788568,20845.9632913034,-266436.7883207176,163.47919783771667,0.06964246151722261
4829,140725.0,299.21137996294163,1.0734883765355416,20849.82123987932,-266436.7882805309,163.5084796527261,0.06963967170462416
4830,140750.0,299.2100593114624,1.0734874827157936,20853.679295075028,-266436.7882019992,163.53759261029472,0.06963697060649998
4831,140775.0,299.2099126665994,1.0734867053669974,20857.537450210082,-266436.78815123555,163.56654558464413,0.06963442239238439
4832,140800.0,299.2111465174167,1.0734861238706115,20861.395682654,-266436.78815377626,163.59550756824618,0.06963218415063137
4833,140825.0,299.2145574923476,1.0734856752172113,20865.25396384067,-266436.7882941569,163.6244876023308,0.06963018183698828
4834,140850.0,299.21460483426574,1.0734852132368147,20869.112378482136,-266436.7883175625,163.65348350355058,0.06962821564977623
4835,140875.0,299.2139230080662,1.0734846174524397,20872.97089201595,-266436.7883578217,163.68249052915638,0.06962611055969148
4836,140900.0,299.21190344469886,1.0734838310936528,20876.82947488494,-266436.7883788849,163.71153068451525,0.06962376659086238
4837,140925.0,299.210858825894,1.073482913393964,20880.688143179992,-266436.78847041394,163.74060113586887,0.06962126126498581
4838,140950.0,299.20857574767683,1.0734821027760553,20884.546877225075,-266436.7884935601,163.76963204022877,0.0696189603912657
4839,140975.0,299.205914216875,1.0734816884297518,20888.405683970548,-266436.7884531317,163.7985996074381,0.06961734380165317
4840,141000.0,299.205736559046,1.0734817951525164,20892.264603544198,-266436.78846542933,163.827485249191,0.06961668147077078
4841,141025.0,299.2046236866326,1.073482279154619,20896.12361140771,-266436.7883517553,163.85635255163163,0.0696167486575798
4842,141050.0,299.2039701653262,1.0734827610984923,20899.98271932586,-266436.78818821016,163.88533480384066,0.06961684981760646
4843,141075.0,299.20479081881535,1.0734830085328926,20903.841908480143,-266436.7880487806,163.91451047474547,0.06961660404624306
4844,141100.0,299.20622664602854,1.0734830966632263,20907.701144076465,-266436.78790413897,163.94383194970766,0.06961617839697311
4845,141125.0,299.20869702744704,1.073483126289723,20911.560435249994,-266436.78782110644,163.97316671894353,0.06961572926124666
4846,141150.0,299.2087381366498,1.073482967952685,20915.419785558515,-266436.7876768263,164.00256046661173,0.06961499807441057
4847,141175.0,299.21074513785925,1.073482520145764,20919.27918508123,-266436.78772917227,164.03203902619643,0.06961374003025331
4848,141200.0,299.2089501197515,1.0734819320134732,20923.138631844944,-266436.787673342,164.06153039100852,0.06961211686258363
4849,141225.0,299.20777697147935,1.0734813459106525,20926.99816646477,-266436.78770229325,164.09102161326467,0.06961031567010337
4850,141250.0,299.206425730504,1.0734809765684046,20930.85777084212,-266436.7877432313,164.12034049220097,0.0696087327698759
4851,141275.0,299.20524731196923,1.073480981931849,20934.71746147777,-266436.7877827482,164.14954587372912,0.06960771262709564
4852,141300.0,299.20687955924336,1.0734814055910427,20938.577216113772,-266436.78793076146,164.1786539624975,0.06960739748609136
4853,141325.0,299.2078960767768,1.073482315203955,20942.43703937374,-266436.7880151201,164.20776656297218,0.0696079696470268
4854,141350.0,299.2099252809491,1.073483736697562,20946.296934397968,-266436.78814173426,164.23673613518713,0.06960951287332674
4855,141375.0,299.21149454249206,1.073485626098297,20950.156894995842,-266436.7882700013,164.2655253421884,0.06961196327567298
4856,141400.0,299.212695214606,1.0734876580879822,20954.016923810337,-266436.7884085158,164.29434030354818,0.06961468245144492
4857,141425.0,299.2133297498301,1.0734896176066961,20957.876993799604,-266436.78858944704,164.32327411355843,0.06961725847399505
4858,141450.0,299.2127091133309,1.073491352404472,20961.737054391946,-266436.78877889836,164.35225927536533,0.06961942683679796
4859,141475.0,299.21110479911005,1.0734927598079556,20965.597037956682,-266436.78897089325,164.38122993991772,0.06962105144032948
4860,141500.0,299.20933416162825,1.0734938607282445,20969.45703175509,-266436.78915711626,164.41023734739085,0.06962222773091983
4861,141525.0,299.2097428331294,1.0734947221308098,20973.317104751917,-266436.7893915025,164.4392930296175,0.06962307363225037
4862,141550.0,299.2101304645298,1.0734955212831578,20977.177253299502,-266436.78955768485,164.4683778450888,0.06962388258276811
4863,141575.0,299.209489281937,1.0734963135964906,20981.03748294925,-266436.78960081877,164.4974453184622,0.06962469798519764
4864,141600.0,299.20860100157756,1.073497132031517,20984.897762225657,-266436.78957969113,164.5264030639946,0.06962555957519727
4865,141625.0,299.2101944851367,1.0734980581586513,20988.758128017158,-266436.78962347313,164.55534244629408,0.06962665796684506
4866,141650.0,299.2104682872423,1.0734991065680426,20992.61856516317,-266436.7895671896,164.58428940462989,0.06962808650092486
4867,141675.0,299.21103810202857,1.0735001974116674,20996.47908507542,-266436.78952286195,164.61330808381274,0.06962977704738454
4868,141700.0,299.2119430390241,1.0735012233175867,21000.339671799513,-266436.7895057539,164.64235152666538,0.0696316158006438
4869,141725.0,299.21187761553904,1.073502086242299,21004.200338481758,-266436.7894445832,164.6715135962355,0.06963348815879562
4870,141750.0,299.2102873673459,1.0735027771846979,21008.06110713731,-266436.789310691,164.70077165380147,0.06963532149455991
4871,141775.0,299.2117268325825,1.0735033986726867,21011.921966576727,-266436.7893442945,164.73007529139306,0.06963711829501942
4872,141800.0,299.2139599308452,1.073504077296668,21015.7829257613,-266436.7894418942,164.75943879629256,0.06963901450167617
4873,141825.0,299.21310265613636,1.0735050093694425,21019.643955149804,-266436.789432245,164.78869696060735,0.06964123279989083
4874,141850.0,299.2119009770274,1.0735062501196573,21023.50508546827,-266436.7894591223,164.81788222598297,0.06964376417094043
4875,141875.0,299.2103870835402,1.0735077115805296,21027.36631458904,-266436.78948890814,164.8471390159968,0.06964644305441645
4876,141900.0,299.20904145109876,1.073509242157063,21031.22761122927,-266436.7895436208,164.87645372093505,0.06964900478436221
4877,141925.0,299.2100151003161,1.0735106908569079,21035.088979562897,-266436.7897429968,164.90579240303407,0.06965121511548474
4878,141950.0,299.208240240215,1.0735118613786971,21038.950402314505,-266436.7897977715,164.9352119066749,0.06965277023980349
4879,141975.0,299.20874536175046,1.0735127120218573,21042.811860700167,-266436.7899447107,164.96475928736342,0.06965362540983631
4880,142000.0,299.2091178675153,1.0735131931981146,21046.67338333637,-266436.7900489696,164.99439312975488,0.06965371727105127
4881,142025.0,299.2087493465811,1.0735132051754739,21050.534964525566,-266436.7900647931,165.02416957995362,0.06965285210979132
4882,142050.0,299.20858126329625,1.0735127746603856,21054.396627950337,-266436.79004462896,165.05408256154007,0.06965109823196147
4883,142075.0,299.20684589523796,1.073512172467922,21058.25841201737,-266436.78990735335,165.08404922986625,0.06964896717171741
4884,142100.0,299.2080209270574,1.073511600409416,21062.120272420365,-266436.7898785024,165.11402774459233,0.06964686352780645
4885,142125.0,299.2103708896184,1.0735111908173005,21065.982226850083,-266436.7898835225,165.14404630775007,0.06964511133851846
4886,142150.0,299.2130783194889,1.0735109137166625,21069.84424169678,-266436.7899082661,165.17398045317515,0.06964374626560285
4887,142175.0,299.2127973896636,1.073510753614293,21073.706311588074,-266436.7898094154,165.20385740439175,0.06964280503273346
4888,142200.0,299.2148191173401,1.073510731369741,21077.568470290276,-266436.7898712585,165.2337495254654,0.06964237860503195
4889,142225.0,299.2149649985022,1.0735109194274022,21081.43072998804,-266436.7899097503,165.2635798900478,0.06964261581458783
4890,142250.0,299.21507376767033,1.073511327608532,21085.293084449975,-266436.7900354028,165.29328391256055,0.06964348544946525
4891,142275.0,299.21254499891165,1.0735119637503399,21089.155503636786,-266436.79009929276,165.3230893921369,0.06964494003815777
4892,142300.0,299.2125835391394,1.073512725594386,21093.017965904455,-266436.79034715425,165.35289197874522,0.0696467422167725
4893,142325.0,299.2135688466168,1.073513415338509,21096.880483273293,-266436.7906913989,165.38268058520646,0.06964849141806317
4894,142350.0,299.2122169585991,1.073513827715355,21100.743087205006,-266436.7909359258,165.41259836350025,0.06964978624446738
4895,142375.0,299.2105319204131,1.0735138959014154,21104.605755884906,-266436.7911757539,165.4425491672114,0.06965044893790874
4896,142400.0,299.2087792332059,1.073513682662854,21108.468495440102,-266436.7913824099,165.4724713246206,0.069650557620312
4897,142425.0,299.20641569892666,1.0735132911392398,21112.331328138866,-266436.7914941534,165.50238917939305,0.06965022539812192
4898,142450.0,299.2047456049553,1.0735129185548062,21116.19427420239,-266436.7915402372,165.53233410410297,0.0696496735388177
4899,142475.0,299.20670831462775,1.073512771904761,21120.057273305276,-266436.7916514721,165.5622481029933,0.06964913734693902
4900,142500.0,299.20734505788124,1.0735129353193218,21123.92019406492,-266436.79154845345,165.59213465183984,0.06964875304359679
4901,142525.0,299.2091829409104,1.0735134395484829,21127.783032980726,-266436.7913962972,165.62188048449622,0.06964869645042863
4902,142550.0,299.2112070455522,1.0735141713916643,21131.64595073095,-266436.791205404,165.65164611870293,0.06964890692773155
4903,142575.0,299.2127598469296,1.0735148894100048,21135.508959094244,-266436.7909980995,165.68143849558192,0.06964904758020687
4904,142600.0,299.2129933188602,1.0735154562691125,21139.372049192494,-266436.790760509,165.71116171423725,0.0696489427115191
4905,142625.0,299.21546836051283,1.0735158994428584,21143.235218083,-266436.79067231884,165.74093641044988,0.06964870009512186
4906,142650.0,299.2156193958989,1.073516224577134,21147.098484100097,-266436.7905246362,165.7707002477414,0.06964835113103754
4907,142675.0,299.21569381425076,1.0735163776826941,21150.961834865426,-266436.7904415734,165.80047708856296,0.06964783801956015
4908,142700.0,299.21672421681455,1.0735163531608602,21154.82521009218,-266436.7904747566,165.830211658111,0.0696472132138252
4909,142725.0,299.21579524154976,1.0735163078071954,21158.688641434866,-266436.79045896314,165.8598565956552,0.06964683034623242
4910,142750.0,299.2127352585372,1.0735164183126307,21162.55216654141,-266436.79035162507,165.88937019195012,0.06964701819045703
4911,142775.0,299.21237501404914,1.0735168667209547,21166.415731068104,-266436.7903911517,165.91891173805655,0.06964813226112945
4912,142800.0,299.21170956449066,1.0735178313996872,21170.279327020122,-266436.79041074903,165.9484236325396,0.06965060716466542
4913,142825.0,299.2119717223598,1.0735193927553919,21174.142962569364,-266436.79047805525,165.97781918206493,0.06965457163207188
4914,142850.0,299.21143868247054,1.0735216027127832,21178.00661800343,-266436.7905008453,166.00709952343175,0.06965996514072592
4915,142875.0,299.2114113540838,1.0735243570653639,21181.87032382137,-266436.79052531294,166.0363592455927,0.06966635177651233
4916,142900.0,299.21265161914636,1.0735274608501109,21185.734120620542,-266436.79057349265,166.0655315044405,0.06967325516914133
4917,142925.0,299.212063139625,1.073530698047986,21189.598002484792,-266436.7905156995,166.09487522631161,0.06968023010708986
4918,142950.0,299.21337308070935,1.0735337719726221,21193.461975716382,-266436.7905348146,166.12420993548832,0.0696866436945181
4919,142975.0,299.2149661698528,1.073536423780487,21197.326015534323,-266436.7905730078,166.15352599871284,0.06969197703252057
4920,143000.0,299.2139714975295,1.0735385446724912,21201.19010304624,-266436.7905126764,166.1829331358126,0.06969613845424397
4921,143025.0,299.21355586042444,1.0735401476364612,21205.054237097564,-266436.7905137724,166.21235418217535,0.0696992540972507
4922,143050.0,299.2127957121692,1.0735415556909733,21208.918404648703,-266436.79050892853,166.24178620543037,0.06970203805267816
4923,143075.0,299.2122989757668,1.073543038586514,21212.78261269169,-266436.7905298439,166.2712670246413,0.06970501232060682
4924,143100.0,299.2119589141135,1.0735448491370547,21216.64690359118,-266436.7905698023,166.30066776027084,0.06970871208121852
4925,143125.0,299.21162075321604,1.073547221274867,21220.511296724908,-266436.7906016715,166.32993072039528,0.06971357199891756
4926,143150.0,299.210173192614,1.0735503017387176,21224.375789883074,-266436.79056889605,166.35917604208115,0.06971983357012405
4927,143175.0,299.2100841087004,1.0735538770292197,21228.24034048591,-266436.79059670604,166.38835000162348,0.06972699249188337
4928,143200.0,299.209723846421,1.0735576548995729,21232.10497874888,-266436.7906030774,166.41752590613387,0.06973439311557475
4929,143225.0,299.2105145476016,1.0735614060851915,21235.969674409105,-266436.7906709345,166.44669585990545,0.0697415661257609
4930,143250.0,299.21067067065684,1.0735650657743516,21239.834443990043,-266436.7907169766,166.47585921057265,0.06974848610829472
4931,143275.0,299.2085893030567,1.0735686371316562,21243.699274030256,-266436.7906636855,166.50506738152214,0.06975526547715624
4932,143300.0,299.2078727762705,1.073572237380903,21247.56418252204,-266436.7907078557,166.5342704082709,0.06976226022028541
4933,143325.0,299.20657984894115,1.073576004661531,21251.429145881815,-266436.7907249181,166.56346976935558,0.06976992365896525
4934,143350.0,299.2057358424199,1.0735800054035787,21255.294170034424,-266436.7907468587,166.59265661749419,0.06977837696724105
4935,143375.0,299.2074655332946,1.0735841473527812,21259.159260935485,-266436.7908745975,166.62172919428698,0.06978716849000566
4936,143400.0,299.2071035190755,1.073588187090675,21263.024450891004,-266436.79087686626,166.6508246624807,0.06979542731753452
4937,143425.0,299.2066229000963,1.0735918848386652,21266.88975265719,-266436.79088871967,166.67994194829225,0.06980243863912541
4938,143450.0,299.207993079775,1.0735949952756958,21270.7551146443,-266436.79102720344,166.70911164581233,0.06980774252547775
4939,143475.0,299.20861317901665,1.0735974113360314,21274.620563520013,-266436.7911699972,166.7384019060055,0.06981132860998676
4940,143500.0,299.20767692403876,1.0735990425689796,21278.486062206815,-266436.7912368186,166.76776973689547,0.0698133443972208
4941,143525.0,299.2063735824246,1.0735999660056648,21282.35154785651,-266436.7912703647,166.79734619236487,0.06981426190476216
4942,143550.0,299.2054664231591,1.0736002723042677,21286.21695417362,-266436.791298547,166.82703941553723,0.06981446779958216
4943,143575.0,299.2045169214554,1.0736000000674208,21290.08240143181,-266436.79131741036,166.85685054719536,0.06981413356256767
4944,143600.0,299.20436562487544,1.0735990536568913,21293.947922968226,-266436.79134733375,166.8868434925515,0.06981311634647817
4945,143625.0,299.20322614308037,1.0735975103787563,21297.813547226622,-266436.7913104738,166.9169812203802,0.069811438266613
4946,143650.0,299.20259628785305,1.0735954185701762,21301.679241253867,-266436.791257211,166.9471244107541,0.06980900309952184
4947,143675.0,299.2032819056876,1.0735929221907832,21305.544983461306,-266436.79121545405,166.97739222662366,0.0698057780921587
4948,143700.0,299.2037346457215,1.0735902913046396,21309.410759832197,-266436.79112039023,167.00766720839238,0.06980188832760852
4949,143725.0,299.2046070278806,1.0735877024242413,21313.276607728054,-266436.7910102532,167.03799702767688,0.06979752808080833
4950,143750.0,299.2061755618412,1.0735851835319454,21317.142541474223,-266436.79092171945,167.06830037514317,0.06979283531946433
4951,143775.0,299.20524431664154,1.0735826372509414,21321.00854964813,-266436.79071579385,167.09874236429735,0.0697878395934305
4952,143800.0,299.20424685086664,1.0735801663638187,21324.874589902058,-266436.7905304559,167.12920594138242,0.06978284218318888
4953,143825.0,299.20389786879474,1.0735780303458475,21328.74064996216,-266436.7903731706,167.1595860469655,0.06977835526847016
4954,143850.0,299.2044493730257,1.0735764004709039,21332.606732271888,-266436.79025376344,167.18983576871855,0.06977473858055859
4955,143875.0,299.2035061631038,1.0735753443637333,21336.47287135214,-266436.79005867464,167.2199431374093,0.06977214063761121
4956,143900.0,299.20536174359677,1.07357474460359,21340.339056176428,-266436.79001348483,167.25001583518267,0.06977032317934258
4957,143925.0,299.20496917063514,1.073574647236788,21344.205290722646,-266436.7898779271,167.28002213607647,0.06976937205862602
4958,143950.0,299.20285020178983,1.0735751969483083,21348.071572808676,-266436.78966975654,167.30997419694842,0.06976954070041025
4959,143975.0,299.20436494113085,1.0735764144489237,21351.937902646885,-266436.78964204586,167.33973261297052,0.06977085752688195
4960,144000.0,299.2066135744156,1.073578255123294,21355.804313230237,-266436.7896671365,167.36919426043144,0.0697732852247533
4961,144025.0,299.2062050687241,1.0735805019481381,21359.670789182226,-266436.78960786975,167.39848490937803,0.06977647709257043
4962,144050.0,299.20731822036583,1.0735829777688217,21363.537313916757,-266436.7896923267,167.42773934911688,0.06978016461817473
4963,144075.0,299.2079609231821,1.073585768130539,21367.40394970827,-266436.7898267553,167.4569388097637,0.0697846589443999
4964,144100.0,299.2068560006061,1.0735888261161455,21371.270676333843,-266436.7899148847,167.48604269043312,0.06978993058073202
4965,144125.0,299.20487136347344,1.073592069942273,21375.13748536566,-266436.78996498685,167.51503283078273,0.06979580131561307
4966,144150.0,299.2034545127862,1.0735953476947846,21379.00436971227,-266436.78999497124,167.543951204483,0.06980191651567032
4967,144175.0,299.2030938523234,1.0735983830515288,21382.871295658788,-266436.79001946264,167.57284096578107,0.06980762882447689
4968,144200.0,299.20511892419853,1.0736009038035812,21386.73827422141,-266436.7901147871,167.60183135057363,0.06981229248004317
4969,144225.0,299.20659810650756,1.0736027216633122,21390.605315085482,-266436.7901684112,167.6309734660631,0.06981551690140869
4970,144250.0,299.2071301627458,1.0736036450077104,21394.472420566457,-266436.7901834296,167.66020928753443,0.06981695406692172
4971,144275.0,299.2065784255851,1.0736035004692936,21398.33957984852,-266436.7901818034,167.6896248799947,0.0698163502949855
4972,144300.0,299.2079654846188,1.073602139084388,21402.206805318958,-266436.7903152851,167.71926275340178,0.06981358234466141
4973,144325.0,299.2059453516303,1.0735995749899467,21406.074058713682,-266436.7903039543,167.74910194913556,0.06980886013939175
4974,144350.0,299.20417905554626,1.0735959665661632,21409.941341636353,-266436.79030468874,167.77922280040207,0.06980261775544414
4975,144375.0,299.20501386649437,1.0735916462352617,21413.808673470496,-266436.79042422515,167.80955731578248,0.06979544754823176
4976,144400.0,299.205750392273,1.073586934766592,21417.676066146443,-266436.790488591,167.8400348234546,0.0697878399303465
4977,144425.0,299.20440754520075,1.0735819840632104,21421.54349650379,-266436.7904071826,167.8705009089327,0.06978010211597721
4978,144450.0,299.20402403374356,1.0735770440516827,21425.410992196797,-266436.79031416867,167.90096996759732,0.06977259851375803
4979,144475.0,299.20549702851594,1.073572463253011,21429.278529974137,-266436.7902479658,167.93136475207504,0.06976580789825995
4980,144500.0,299.2072202427242,1.0735683880746827,21433.14613351921,-266436.7901543947,167.96172994525872,0.06976000575520336
4981,144525.0,299.2068881347536,1.0735647689013772,21437.013796320727,-266436.7899653856,167.99206741228429,0.06975521122708442
4982,144550.0,299.2084834271876,1.073561540771957,21440.881516146805,-266436.7899253474,168.02223947066702,0.0697514444444447
4983,144575.0,299.2097679325861,1.0735586688737282,21444.749276442588,-266436.7899873258,168.05228230818628,0.06974866151685419
4984,144600.0,299.2083110071566,1.0735560452691397,21448.616949893785,-266436.79003588203,168.08234820167175,0.06974675446339043
4985,144625.0,299.20391267803365,1.0735536382537763,21452.484515872216,-266436.79003192566,168.11236102901464,0.06974563471052306
4986,144650.0,299.2004679734662,1.0735515791056738,21456.35213074157,-266436.7901051648,168.1423188060291,0.0697453277855761
4987,144675.0,299.1994114605739,1.0735499248863931,21460.21978495874,-266436.7902895564,168.1722716146753,0.0697456210237907
4988,144700.0,299.1994800111597,1.0735486102091256,21464.087488755835,-266436.790495753,168.20215606881814,0.06974627239927868
4989,144725.0,299.1995446631949,1.0735473794255166,21467.9552715472,-266436.7906680025,168.2320213818972,0.0697468463593857
4990,144750.0,299.19923365624976,1.0735458405129221,21471.82310850134,-266436.79078862007,168.26203908428514,0.06974675642823776
4991,144775.0,299.19853499145484,1.0735435865384606,21475.690983862285,-266436.7908774248,168.2921895213676,0.06974525300480797
4992,144800.0,299.1982324302041,1.0735402768542615,21479.558913677924,-266436.790957629,168.32255317404375,0.06974159623472889
4993,144825.0,299.1986549007494,1.0735357539714312,21483.426922314953,-266436.7910522881,168.3531328352023,0.06973572573755199
4994,144850.0,299.19840069823334,1.0735301672338993,21487.294989004444,-266436.79106882826,168.38383886066075,0.06972810797464157
4995,144875.0,299.1988203385393,1.0735238875767268,21491.163101179183,-266436.7910878717,168.41468116706707,0.06971929490258899
4996,144900.0,299.1993628607182,1.073517293442731,21495.031223112375,-266436.79107369884,168.44554883843648,0.06970980101394196
4997,144925.0,299.20059161478105,1.0735107629051608,21498.899371298827,-266436.7910660389,168.4764092271576,0.06970016393223982
4998,144950.0,299.2014854797644,1.0735045987864227,21502.767572663175,-266436.791040721,168.5071665065014,0.06969075741815056
4999,144975.0,299.20179027586846,1.0734989612666654,21506.635831867377,-266436.7910081569,168.53770530880007,0.06968179186666693
5000,145000.0,299.2003137519847,1.0734939234153156,21510.50411347808,-266436.7909312195,168.5681083783244,0.06967335499566779
5001,145025.0,299.2012755404523,1.073489601759295,21514.372442936135,-266436.79103625804,168.59835937751572,0.06966563547914194
5002,145050.0,299.2010074280117,1.0734861264574576,21518.240789024294,-266436.7911481386,168.6284134818443,0.06965892317942594
5003,145075.0,299.1998783970175,1.0734834822808408,21522.1091655119,-266436.79125311493,168.6583383160139,0.06965336191047189
5004,145100.0,299.2006648707311,1.073481616317015,21525.977582938172,-266436.7914672673,168.6881162297703,0.06964899327339355
5005,145125.0,299.1987395807716,1.0734804377413756,21529.84603051869,-266436.79154046514,168.7177433227461,0.06964575749101105
5006,145150.0,299.1966431191683,1.0734798044071618,21533.714510409405,-266436.79157802806,168.74716066380407,0.06964351541175715
5007,145175.0,299.19869598529203,1.0734794883519687,21537.58302356767,-266436.7917981784,168.77651534032222,0.06964199221246033
5008,145200.0,299.19947159692737,1.0734791181207146,21541.451606513652,-266436.7919300154,168.80583271690963,0.06964067338790204
5009,145225.0,299.2001252310065,1.0734784216234183,21545.3202778552,-266436.79203371983,168.83530095781776,0.06963915542248862
5010,145250.0,299.200251794188,1.0734773092529752,21549.188982639236,-266436.79208423366,168.86490563260833,0.06963724705647602
5011,145275.0,299.2021321034203,1.0734757841181148,21553.057754613037,-266436.7922255467,168.894574829343,0.06963490442936979
5012,145300.0,299.20408321909883,1.0734738629563119,21556.926580671363,-266436.7923993314,168.92433621843216,0.06963206390052556
5013,145325.0,299.2033796917317,1.0734716055045854,21560.795490086264,-266436.79247001954,168.95411571559643,0.06962868873819997
5014,145350.0,299.2029071803276,1.073469011232966,21564.66445806664,-266436.79256518715,168.9840284392158,0.0696246341641744
5015,145375.0,299.20027740191574,1.073466210194044,21568.53347605646,-266436.7925590816,169.01399971484594,0.06961993141945799
5016,145400.0,299.2007462369961,1.0734634299382082,21572.402550278162,-266436.79267051053,169.04392540960743,0.06961486027506504
5017,145425.0,299.20226061233086,1.0734608029759516,21576.2716873165,-266436.7927888151,169.0738065263054,0.06960972213365245
5018,145450.0,299.20283892209795,1.0734582779438118,21580.140865049852,-266436.7928291482,169.10369298817835,0.06960457674171508
5019,145475.0,299.2028325075052,1.0734557565737033,21584.010101082844,-266436.792806537,169.1336619381807,0.06959937463479442
5020,145500.0,299.2045449802847,1.0734531990307357,21587.879369424394,-266436.7928439555,169.16366003033934,0.06959411697537038
5021,145525.0,299.20575813527336,1.073450630625247,21591.748660239387,-266436.79282921215,169.19354329915052,0.06958886691889048
5022,145550.0,299.20858202375933,1.0734480800318515,21595.617975332912,-266436.79291155614,169.22338825436339,0.06958365146990536
5023,145575.0,299.20976959859536,1.0734454898487245,21599.48732718157,-266436.79298029514,169.2531648619295,0.06957833313428902
5024,145600.0,299.21082909525893,1.0734426699834145,21603.356731287735,-266436.79313408345,169.2830207372472,0.06957260053068019
5025,145625.0,299.20851881330606,1.073439497546092,21607.226190789206,-266436.79320246645,169.31305786927985,0.06956630461599708
5026,145650.0,299.20615879590406,1.0734360301041026,21611.09574961373,-266436.7933338868,169.34315157303902,0.06955957827730283
5027,145675.0,299.2045015609274,1.0734323034341005,21614.965358978894,-266436.793509527,169.37337268741723,0.0695524990718645
5028,145700.0,299.2020301370072,1.0734283941804186,21618.835036112854,-266436.7936061736,169.4036511767085,0.06954517259892651
5029,145725.0,299.20131944546245,1.0734245447978776,21622.704602263264,-266436.7937124273,169.4338605393639,0.06953792273028524
5030,145750.0,299.20098053190407,1.0734208539057823,21626.57403131138,-266436.7937370559,169.46402923613604,0.06953087842046009
5031,145775.0,299.2009452967692,1.0734173012718582,21630.443473619343,-266436.7936601593,169.4942096973371,0.0695240210651831
5032,145800.0,299.20058881197616,1.073413919199945,21634.31296545034,-266436.7934748279,169.5242987697199,0.06951741366977973
5033,145825.0,299.20426017448204,1.0734107933386288,21638.182497951508,-266436.79343024566,169.55433373513446,0.06951119725864152
5034,145850.0,299.20552547706245,1.0734080696458106,21642.052079365552,-266436.7932514701,169.58420852088716,0.06950558695796122
5035,145875.0,299.20642139859865,1.073405843923747,21645.921709555776,-266436.7931049224,169.61409775324336,0.06950074377813108
5036,145900.0,299.2072595255131,1.0734040284560895,21649.791403028365,-266436.79303274513,169.64398104797831,0.06949656707034639
5037,145925.0,299.205627571525,1.0734025179965576,21653.661192428983,-266436.7929342295,169.67373998425305,0.06949293674738681
5038,145950.0,299.20453878368915,1.0734011475821903,21657.531013489624,-266436.79294832604,169.7035058787458,0.06948966296222824
5039,145975.0,299.2020907815495,1.0733998866402097,21661.400872250044,-266436.7929515853,169.73318259160055,0.06948674226190504
5040,146000.0,299.1996892576227,1.0733987350393421,21665.27074756263,-266436.7929628576,169.76290728195465,0.06948417648614721
5041,146025.0,299.20116555427927,1.073397621446514,21669.14066802682,-266436.7931218418,169.79264650634673,0.06948188166071693
5042,146050.0,299.1986714712822,1.0733965277282023,21673.010608509394,-266436.7930278556,169.82227420735015,0.06947979582259266
5043,146075.0,299.19997291072093,1.0733953860031702,21676.88059976075,-266436.79306995677,169.8517903372324,0.06947776011102329
5044,146100.0,299.20174829990276,1.0733941700693739,21680.750651177514,-266436.79309179,169.8813180229931,0.06947563303600954
5045,146125.0,299.20413613634753,1.073392854868541,21684.62075888807,-266436.79309974134,169.9107469770776,0.06947325862068994
5046,146150.0,299.203423296944,1.073391353279174,21688.490901332516,-266436.792939819,169.94025225381418,0.06947038887788153
5047,146175.0,299.205102457939,1.073389456286316,21692.361085143264,-266436.7929089682,169.96977762387746,0.06946662810353964
5048,146200.0,299.2053740920993,1.073387133425759,21696.231315969802,-266436.7928469907,169.99930158975377,0.06946191371228654
5049,146225.0,299.20529804891277,1.0733844994719453,21700.10163765522,-266436.79281336244,170.02892451630365,0.06945650013201347
5050,146250.0,299.20468270811244,1.0733817194614907,21703.972044813017,-266436.7927999389,170.05855799643638,0.06945075938758029
5051,146275.0,299.20595596080943,1.0733788843362344,21707.84251469191,-266436.79291798145,170.08820263512803,0.06944494596199552
5052,146300.0,299.2056249033596,1.0733760211755374,21711.713038234488,-266436.79297973524,170.11788382281156,0.0694391413681644
5053,146325.0,299.202959044587,1.0733730253264722,21715.58360628714,-266436.79291611584,170.14758003383463,0.06943316514971667
5054,146350.0,299.2026382130582,1.073369750544014,21719.45423144692,-266436.7929444847,170.17734771124304,0.06942677329376883
5055,146375.0,299.2016581659433,1.0733661805116017,21723.324945582975,-266436.7928826018,170.20721842536923,0.06941994000527454
5056,146400.0,299.20261043003285,1.0733625316722677,21727.19570831775,-266436.7928329252,170.2370365943577,0.06941302550919545
5057,146425.0,299.20584637096533,1.0733590162119397,21731.066531658995,-266436.79284069163,170.26681670937134,0.06940640622116806
5058,146450.0,299.20770875166556,1.0733557013243706,21734.937427121076,-266436.7927766687,170.296565526784,0.06940025999868249
5059,146475.0,299.2093681391323,1.0733527274703538,21738.808370933966,-266436.7927509689,170.32629196857712,0.06939479090909119
5060,146500.0,299.20919179391615,1.0733501203319484,21742.679362356488,-266436.79272305826,170.35595575847995,0.06938999077916118
5061,146525.0,299.20774826965817,1.0733477497036727,21746.55041240765,-266436.7927165101,170.38574118484138,0.06938558902936942
5062,146550.0,299.205991888013,1.0733454307064305,21750.421535851114,-266436.7927602073,170.41552271090927,0.06938121100796656
5063,146575.0,299.20492808662647,1.073342931147971,21754.292708502737,-266436.7928824591,170.44544032734342,0.06937643430753054
5064,146600.0,299.20305565633623,1.0733400999012817,21758.163936533107,-266436.79298891354,170.47545928614684,0.06937100769990155
5065,146625.0,299.2010950259922,1.0733368851822593,21762.035237188153,-266436.7930769668,170.50562326904864,0.06936489452559574
5066,146650.0,299.2003510418413,1.0733333332017614,21765.90660496267,-266436.7931721567,170.53584412275515,0.06935819156634458
5067,146675.0,299.1992591064213,1.0733295734675068,21769.778021990827,-266436.79315048154,170.566137789858,0.06935113595106578
5068,146700.0,299.19975208621224,1.0733258335634888,21773.64950945706,-266436.793074658,170.5963696826462,0.06934408542118788
5069,146725.0,299.2007689560835,1.0733221937541073,21777.521049197407,-266436.79289616836,170.62655343708093,0.06933717225509559
5070,146750.0,299.2029942663531,1.0733186163807251,21781.39269295192,-266436.7927063084,170.65661378945646,0.06933035975810188
5071,146775.0,299.20661892225485,1.0733150997634051,21785.264389773238,-266436.79257425555,170.6865133748029,0.06932363236067324
5072,146800.0,299.2092697074729,1.0733116745515454,21789.136148409067,-266436.7924695583,170.7162722538275,0.0693170153755177
5073,146825.0,299.21116782321843,1.0733082028642733,21793.007952099433,-266436.7924473605,170.74603457955598,0.06931035074234686
5074,146850.0,299.21011976505946,1.0733045825287337,21796.87979821041,-266436.79241756717,170.77588157747132,0.06930361688013163
5075,146875.0,299.2064547759411,1.073300775742052,21800.75165329456,-266436.7923808371,170.80571612595224,0.06929691403992672
5076,146900.0,299.20388988707447,1.073296681307857,21804.623553734786,-266436.79247260257,170.8355731359071,0.06929022841573133
5077,146925.0,299.19996113667,1.0732923710122075,21808.495407025963,-266436.792507853,170.8654839654064,0.06928372364447971
5078,146950.0,299.1965437819801,1.0732880588698541,21812.367129871465,-266436.79252705217,170.89544386631235,0.06927760208702526
5079,146975.0,299.195939020212,1.073283827887137,21816.238729501016,-266436.79258958984,170.92541271213918,0.06927185045931783
5080,147000.0,299.19665540051375,1.0732798499639158,21820.110246890214,-266436.79256954987,170.95541745050195,0.06926653342517902
5081,147025.0,299.199427574251,1.0732761925095087,21823.981678328186,-266436.7925025552,170.98534334841935,0.06926159602518718
5082,147050.0,299.20409283546667,1.0732728651059065,21827.853033024625,-266436.79244532087,171.0153056919143,0.0692568808446458
5083,147075.0,299.207722663915,1.0732698516260142,21831.724292198694,-266436.7923400954,171.04511072272498,0.06925225858903775
5084,147100.0,299.21016633556417,1.0732670205834132,21835.595464632745,-266436.79225951986,171.074943761652,0.06924759547689308
5085,147125.0,299.2105125224821,1.0732642567177855,21839.466543650775,-266436.79221541685,171.10475699226646,0.06924284631013264
5086,147150.0,299.20909481908336,1.0732615357447066,21843.337541401514,-266436.7921974568,171.1345054823407,0.06923811965139925
5087,147175.0,299.20920605182334,1.0732589718291383,21847.208462956925,-266436.7923449649,171.1642199346175,0.06923370761268369
5088,147200.0,299.2085397252264,1.0732567691753434,21851.079282091017,-266436.7925276937,171.19381399318803,0.06922995428047449
5089,147225.0,299.20743680812257,1.0732551087098867,21854.950009443914,-266436.7927182471,171.22334230275058,0.0692271298624757
5090,147250.0,299.20800552223085,1.0732540411837865,21858.820656477023,-266436.7929776475,171.25285329110204,0.0692252278530743
5091,147275.0,299.20703761770307,1.0732534057999457,21862.691286961937,-266436.7930985374,171.28225223919884,0.06922392412935349
5092,147300.0,299.20526553923895,1.073253045879964,21866.56183087025,-266436.79307913966,171.31157256417316,0.06922296465737313
5093,147325.0,299.20454083863575,1.0732528749509207,21870.432301920922,-266436.7930000126,171.34092640066757,0.06922226959822039
5094,147350.0,299.20574427373447,1.0732528524043161,21874.30271265159,-266436.79290209827,171.3702604698071,0.06922177657834504
5095,147375.0,299.2071095485369,1.0732528498168479,21878.17308762785,-266436.79270786466,171.3995252706045,0.06922127446363187
5096,147400.0,299.2094726609137,1.0732524907461887,21882.043399806982,-266436.7925001988,171.42882274795642,0.06922008115885186
5097,147425.0,299.21072499215586,1.0732513061985072,21885.913659458452,-266436.7922363866,171.4582753203218,0.06921740408003163
5098,147450.0,299.2126727930334,1.0732489934627685,21889.78381921158,-266436.7920909932,171.48787633719041,0.06921286382950931
5099,147475.0,299.2145930759498,1.073245517385619,21893.653896781932,-266436.7920736514,171.51762493921578,0.0692066301307192
5100,147500.0,299.21245721551537,1.073241062275369,21897.523855346568,-266436.79198063066,171.54756668104304,0.06919921165784512
5101,147525.0,299.21006889422654,1.0732359570756547,21901.393702267316,-266436.79196229746,171.57773617633617,0.06919122768848841
5102,147550.0,299.20696364818286,1.0732306551048383,21905.26343583471,-266436.7919399571,171.60792651623237,0.06918330994839662
5103,147575.0,299.20459175875334,1.0732255741248675,21909.133053426827,-266436.79193709773,171.63808445741913,0.06917588329414863
5104,147600.0,299.2044909465251,1.0732210065948398,21913.002580155637,-266436.7919787726,171.66814910329754,0.06916917205354253
5105,147625.0,299.20584945998377,1.0732172025721354,21916.87201136797,-266436.79200818687,171.69810487237248,0.06916347003525289
5106,147650.0,299.20503344449,1.0732143375758743,21920.741353171758,-266436.7918739331,171.7279471217937,0.06915904288231864
5107,147675.0,299.2071469667209,1.0732124131427807,21924.610609355947,-266436.7918442231,171.75754643709226,0.06915591066301252
5108,147700.0,299.20820138748815,1.0732112589547838,21928.479754064498,-266436.79175504984,171.78691261284018,0.06915386677105786
5109,147725.0,299.20738930619905,1.0732106791911267,21932.34883551817,-266436.791598426,171.81618063842149,0.06915268695368584
5110,147750.0,299.20704705015527,1.0732105730776738,21936.217863248716,-266436.7915173029,171.84545323367908,0.06915224594012938
5111,147775.0,299.2065505178033,1.0732108350286886,21940.08679801973,-266436.7914751292,171.8747227177231,0.06915237604329706
5112,147800.0,299.2060635034899,1.073211189582109,21943.95564291561,-266436.7914754467,171.90394721676782,0.0691525211552255
5113,147825.0,299.20575112821217,1.0732112997001675,21947.82442201887,-266436.7915211666,171.93322292843186,0.06915201688176273
5114,147850.0,299.20666237145855,1.0732109079830543,21951.69313600108,-266436.7916517026,171.96267571593364,0.06915042189638343
5115,147875.0,299.2077786107657,1.0732098317044547,21955.56180119654,-266436.791810026,171.99238540278876,0.06914751244461843
5116,147900.0,299.2076244808176,1.0732079311445488,21959.43038558469,-266436.79192182026,172.02231853162672,0.06914323027815801
5117,147925.0,299.20525787065463,1.0732050659762908,21963.29891774173,-266436.79189704976,172.0525219049109,0.06913757131692091
5118,147950.0,299.20431040112203,1.0732012641140827,21967.16737868539,-266436.79188878374,172.08300613466184,0.06913079533763129
5119,147975.0,299.20380894869993,1.0731967459635396,21971.035783313055,-266436.79182357754,172.1136420914715,0.06912333424479192
5120,148000.0,299.2045111767904,1.0731918685803532,21974.904111027045,-266436.7917274086,172.1442876939401,0.06911569498144919
5121,148025.0,299.2053950331271,1.0731869364180637,21978.772353604807,-266436.79154451116,172.17485869016022,0.06910823630092437
5122,148050.0,299.2084859266075,1.0731821449020735,21982.640513921302,-266436.7914321083,172.2053769258899,0.0691011270089143
5123,148075.0,299.2099787650944,1.0731776336846193,21986.508567858087,-266436.79124030145,172.23578372001055,0.0690944808743172
5124,148100.0,299.2111690609451,1.073173546601624,21990.376519653237,-266436.7910867674,172.26607270640665,0.06908849957723602
5125,148125.0,299.21384357816567,1.0731700488359974,21994.244369335836,-266436.79108012794,172.29631977396292,0.06908342437248041
5126,148150.0,299.21236465366565,1.07316727468955,21998.11212453309,-266436.7909500954,172.32638293199415,0.06907944002340576
5127,148175.0,299.2120128510161,1.0731653416536642,22001.979816677747,-266436.7909706051,172.35629808723363,0.06907664086063468
5128,148200.0,299.2099377261345,1.0731644679274692,22005.84744446211,-266436.7909885719,172.38603161662456,0.06907532839409916
5129,148225.0,299.2087418024712,1.0731647487979186,22009.714978784763,-266436.7910932303,172.4155545615336,0.06907570435347654
5130,148250.0,299.2087915379089,1.073166096212562,22013.582414748165,-266436.7912716602,172.44486778938492,0.06907768323263846
5131,148275.0,299.20792196012155,1.0731682855936586,22017.44988537461,-266436.79137066554,172.47393672967019,0.06908104176409482
5132,148300.0,299.2084676512781,1.0731711708552483,22021.317390296612,-266436.79149961704,172.50289074582778,0.06908567465419858
5133,148325.0,299.2097067259467,1.0731746899753258,22025.184980741626,-266436.79163406667,172.53172900103894,0.06909161479028723
5134,148350.0,299.2098957964967,1.0731786079844186,22029.052684625287,-266436.79167366493,172.56045567335292,0.06909845063291166
5135,148375.0,299.20982816381303,1.0731826482346811,22032.92045457662,-266436.79168835,172.58919352862162,0.06910558638369704
5136,148400.0,299.2119268551055,1.0731864572058898,22036.788287784086,-266436.79180057877,172.61789605061333,0.06911220498345365
5137,148425.0,299.2119661561588,1.0731896488906167,22040.65618415308,-266436.79181429814,172.6467503376153,0.06911747722849385
5138,148450.0,299.21141083952983,1.0731919819030917,22044.52416538014,-266436.791802443,172.67573721028748,0.06912102211844096
5139,148475.0,299.21184014838076,1.0731933931258084,22048.392188175265,-266436.7918211149,172.70471345285355,0.06912293514915721
5140,148500.0,299.2120867803301,1.0731939349672543,22052.26027790012,-266436.7918157223,172.73374765791365,0.06912349043636155
5141,148525.0,299.21287477771494,1.0731937310385042,22056.128418618344,-266436.7918262368,172.76298930066136,0.06912296693893455
5142,148550.0,299.21230674807384,1.0731929923520622,22059.99662823045,-266436.7917573825,172.7923358739388,0.06912170497115848
5143,148575.0,299.2130002454012,1.0731918769440103,22063.864898603653,-266436.7917335673,172.8217991507259,0.0691198037843445
5144,148600.0,299.2142918798206,1.073190476579201,22067.733221966802,-266436.7917245606,172.85142676248796,0.0691172668610304
5145,148625.0,299.21486821706384,1.0731889429330204,22071.601601401515,-266436.79167444404,172.88107248529613,0.06911426816945228
5146,148650.0,299.2150392164388,1.0731874580661853,22075.470034424947,-266436.7916006424,172.9106249854285,0.069111086134318
5147,148675.0,299.2159887378938,1.073186215229213,22079.338538730743,-266436.79157144,172.94009905944066,0.06910806507381535
5148,148700.0,299.21856855998135,1.0731854898685806,22083.207150984304,-266436.79162715236,172.9693887974365,0.0691057321810063
5149,148725.0,299.2186456996137,1.0731855180582504,22087.075822048904,-266436.7915767863,172.9985886211004,0.06910464155339834
5150,148750.0,299.21915157264164,1.073186247848312,22090.944520538964,-266436.7916093922,173.02764571817778,0.06910484689057168
5151,148775.0,299.2182987248338,1.0731875679994802,22094.813253480243,-266436.7916497053,173.05667596972057,0.06910627186853029
5152,148800.0,299.2160825317958,1.073189461414061,22098.68205215173,-266436.79167899996,173.08565267067738,0.06910898175819938
5153,148825.0,299.21478070644366,1.073191944703141,22102.550928048542,-266436.79177859816,173.11455645951375,0.06911308433579125
5154,148850.0,299.2140668019419,1.0731948742321349,22106.419896138545,-266436.791870754,173.14334953294545,0.06911829201422595
5155,148875.0,299.21225225491537,1.0731980913498815,22110.28893707361,-266436.7918351789,173.17205886346014,0.06912417158003648
5156,148900.0,299.2134798611616,1.0732014993859458,22114.15802882571,-266436.79189426865,173.20070787712504,0.06913036868980701
5157,148925.0,299.21415239162667,1.0732049175390959,22118.02719576726,-266436.7918670759,173.22933736816606,0.06913642587566268
5158,148950.0,299.2165554265058,1.0732080870323686,22121.896413235743,-266436.79189894476,173.25803904645616,0.06914178413129188
5159,148975.0,299.2182339456092,1.0732107034237706,22125.765663547518,-266436.7919015828,173.28677659883732,0.06914584483204163
5160,149000.0,299.21956401879675,1.0732125861267174,22129.63498635365,-266436.7919390823,173.31559484828534,0.06914831880126618
5161,149025.0,299.21726947191206,1.0732137788324918,22133.5043683395,-266436.7918529058,173.34455613360467,0.06914941734469872
5162,149050.0,299.2167274852495,1.073214564658788,22137.373847333238,-266436.79190690524,173.3735035516174,0.06914976325133994
5163,149075.0,299.2150506260025,1.0732153226826728,22141.24338756381,-266436.7919252911,173.40238691047006,0.06915009992254095
5164,149100.0,299.2154320131675,1.0732164151016437,22145.112979706973,-266436.7920213921,173.43108546234282,0.06915112681510194
5165,149125.0,299.2146109765151,1.073218140340687,22148.98263576762,-266436.7920305093,173.45969602484206,0.06915343308814069
5166,149150.0,299.2143246505407,1.0732205506741481,22152.85233809403,-266436.79204134975,173.48826219243935,0.06915714134571993
5167,149175.0,299.21489353502517,1.0732234464009267,22156.72208048933,-266436.79206195887,173.51671150819158,0.06916185706914374
5168,149200.0,299.21482236190303,1.0732265070613252,22160.591898887185,-266436.7920330503,173.5451484359323,0.06916692938672886
5169,149225.0,299.214380375824,1.0732294145067678,22164.46184867928,-266436.7919899254,173.57358937698274,0.06917171411992293
5170,149250.0,299.21718534326243,1.0732319272223276,22168.331771898123,-266436.7921031166,173.6020073550572,0.06917571572229772
5171,149275.0,299.2184888545392,1.0732339599767962,22172.201591280198,-266436.79213938164,173.63057315590373,0.069178769721578
5172,149300.0,299.2184453033076,1.0732355158837534,22176.07146241997,-266436.7921010313,173.65911364334056,0.06918092802371316
5173,149325.0,299.218917513209,1.0732366611261415,22179.94142315092,-266436.79207630217,173.68768853227692,0.06918242488081462
5174,149350.0,299.21759707143514,1.0732374647987097,22183.811471189925,-266436.7919500417,173.71627114421915,0.06918362615136905
5175,149375.0,299.2175502566995,1.0732378931607398,22187.68159930008,-266436.79188496864,173.74498186579098,0.06918481311179835
5176,149400.0,299.2170138978836,1.0732379229927222,22191.551771999202,-266436.79176704184,173.77373764277908,0.06918617371708226
5177,149425.0,299.2180195086282,1.0732375633449187,22195.421988860733,-266436.79170779686,173.80262902542822,0.06918770419724506
5178,149450.0,299.21848267773896,1.0732367948123813,22199.29226592879,-266436.79161952814,173.8316298132202,0.06918920789084151
5179,149475.0,299.2184288241976,1.0732356711068192,22203.162581169472,-266436.79154475324,173.86065537509666,0.0691905018018021
5180,149500.0,299.21742190105067,1.0732343866049006,22207.032918604622,-266436.791484236,173.88963300546885,0.06919155600591936
5181,149525.0,299.21694136961474,1.073233130451561,22210.903301277343,-266436.7914988127,173.9185759937606,0.0691924691238907
5182,149550.0,299.2145672705017,1.0732321793041333,22214.773726742467,-266436.79144357715,173.94740603511494,0.06919348768409575
5183,149575.0,299.21228236863624,1.073231828768002,22218.644227161367,-266436.79138818284,173.97621420961949,0.06919495929783981
5184,149600.0,299.21164919100164,1.0732321942783651,22222.514753695315,-266436.7913725014,174.00490069694646,0.06919716149148214
5185,149625.0,299.2108253228584,1.0732333207995868,22226.385278750713,-266436.79128744843,174.03350663337204,0.06920031302223967
5186,149650.0,299.2126163513933,1.0732351402223488,22230.25588095917,-266436.7912828275,174.0620810278904,0.06920434528629296
5187,149675.0,299.21452004189354,1.0732374341428919,22234.126518543086,-266436.79125817434,174.09063892238515,0.06920886918529971
5188,149700.0,299.2143895906103,1.0732400630179206,22237.997201477716,-266436.7911255725,174.11916949482895,0.06921365035009988
5189,149725.0,299.21536740886523,1.073242817662169,22241.867951189313,-266436.79107244906,174.14769384341696,0.06921831920359696
5190,149750.0,299.2149032121641,1.0732453145829302,22245.738746618415,-266436.79096755676,174.17627457689605,0.06922223951711325
5191,149775.0,299.2163706653204,1.0732471103620937,22249.609589121766,-266436.79098730226,174.20494706689794,0.06922469587827457
5192,149800.0,299.21715517748447,1.0732480150202177,22253.480468939768,-266436.7910261862,174.23378038141104,0.06922552384620352
5193,149825.0,299.2143100805436,1.0732480651392613,22257.3513861429,-266436.79092425073,174.2628646128868,0.0692250164292135
5194,149850.0,299.2126284712885,1.0732474552454265,22261.222352459263,-266436.79090450646,174.2921008291307,0.06922362457491209
5195,149875.0,299.2122744140384,1.0732463931229133,22265.09337626582,-266436.79090237303,174.3214665912883,0.06922164896073935
5196,149900.0,299.21020122577323,1.0732451767686468,22268.96443440181,-266436.7907475241,174.35085438650518,0.06921942505291545
5197,149925.0,299.21017149775747,1.073243945427727,22272.835516436488,-266436.79061561933,174.38025445370027,0.06921695376426862
5198,149950.0,299.2135389674316,1.073242785728023,22276.70662774057,-266436.7905882506,174.40965924972764,0.06921426729499294
5199,149975.0,299.2150182133994,1.0732417260897418,22280.577772268116,-266436.7904129598,174.43915065000013,0.06921153557692339
5200,150000.0,299.21546230526377,1.0732407469076441,22284.44895643169,-266436.79016736895,174.46860032666808,0.06920897987566525
5201,150025.0,299.2173341067558,1.0732398344226561,22288.32017261769,-266436.78999512614,174.4980291914009,0.06920681596821766
5202,150050.0,299.21773532109876,1.07323893061695,22292.19145213477,-266436.7897969862,174.52739443007252,0.06920502953424337
5203,150075.0,299.2173280894204,1.073237912311041,22296.062812063774,-266436.78963684395,174.55667310530373,0.06920338918780457
5204,150100.0,299.2163019033641,1.073236763368554,22299.934236222198,-266436.7895170976,174.58601174191494,0.06920175273775248
5205,150125.0,299.21537701037465,1.0732355236906117,22303.805711466684,-266436.78943858005,174.61536112588053,0.06919996804968657
5206,150150.0,299.2150069685699,1.0732344648870094,22307.6772201613,-266436.78939653054,174.64462599231817,0.0691982511362912
5207,150175.0,299.2159791401069,1.073233765232973,22311.548787098865,-266436.78939830535,174.67383411661558,0.06919675422427067
5208,150200.0,299.2170299891233,1.0732334732194262,22315.420399414837,-266436.7893729933,174.7030247641903,0.0691955642797725
5209,150225.0,299.2179169068478,1.0732335586052446,22319.292039516484,-266436.7893548049,174.7321443795267,0.06919481477927095
5210,150250.0,299.2182913865561,1.0732340159278433,22323.163629891296,-266436.78933960624,174.76121479741587,0.0691947405488393
5211,150275.0,299.2191686226676,1.0732348093502158,22327.03514307864,-266436.789376813,174.79018199987223,0.06919548068559765
5212,150300.0,299.2192838960951,1.0732358325979905,22330.906679545278,-266436.78939187556,174.81912618134166,0.06919693209284512
5213,150325.0,299.2200814033391,1.0732369654775586,22334.77827279335,-266436.78945063805,174.84813223059726,0.06919880948727815
5214,150350.0,299.22072940447623,1.0732381772451245,22338.649907659288,-266436.78950341576,174.87712298938973,0.06920097794822658
5215,150375.0,299.22160892619064,1.0732395132285257,22342.52159358439,-266436.7895830152,174.9060874852379,0.0692034628706547
5216,150400.0,299.22102865638175,1.0732410550124576,22346.39336411888,-266436.78959672555,174.93507204677033,0.06920638438438469
5217,150425.0,299.21988721055516,1.0732427979430161,22350.265217965414,-266436.78956100123,174.96400836489093,0.06920969732975628
5218,150450.0,299.2200744419129,1.0732447694322012,22354.13710048168,-266436.78954274737,174.99287862304416,0.06921341489429679
5219,150475.0,299.220539378546,1.0732469848020416,22358.00902121741,-266436.7895018654,175.0217492327588,0.06921749885057503
5220,150500.0,299.22238708485156,1.073249582838535,22361.881014452127,-266436.7895288146,175.05048962829616,0.06922217506224893
5221,150525.0,299.2247490375993,1.0732526434316338,22365.75307195255,-266436.78960690566,175.07906169028487,0.06922761426018159
5222,150550.0,299.2268678715955,1.0732562172442386,22369.625210485905,-266436.78973103507,175.1073967508458,0.06923397115323282
5223,150575.0,299.22391458952467,1.073260279989789,22373.497391819976,-266436.78964165645,175.13562941602876,0.06924127679938775
5224,150600.0,299.2232357223624,1.073264793237638,22377.369636801257,-266436.78968561185,175.1638387794579,0.06924955559808645
5225,150625.0,299.2236706079877,1.0732696038397738,22381.241927781713,-266436.7897624269,175.19211211391777,0.06925853610154388
5226,150650.0,299.22354963082904,1.073274452394616,22385.114269907066,-266436.78979338077,175.22044281270345,0.06926763650277437
5227,150675.0,299.2251223982422,1.0732789794057622,22388.986668450758,-266436.7898943813,175.24880494841895,0.06927601351696028
5228,150700.0,299.22534608810037,1.0732828748007888,22392.859126426898,-266436.78992758377,175.27722417135226,0.06928295824568145
5229,150725.0,299.2247937580644,1.0732860159974489,22396.73165766359,-266436.7899366155,175.30574193339726,0.06928824378585118
5230,150750.0,299.22388618619965,1.0732885153890253,22400.60423806689,-266436.78993853607,175.33434396928587,0.06929217988912285
5231,150775.0,299.22265322916866,1.073290546508663,22404.476865409197,-266436.78992010537,175.36303927414644,0.06929514793578014
5232,150800.0,299.2225655846889,1.0732923040958007,22408.349546639834,-266436.7899409983,175.39180834027664,0.06929750200649755
5233,150825.0,299.2228682558929,1.0732940303782943,22412.222296187858,-266436.78996137157,175.42051952464672,0.06929972398420614
5234,150850.0,299.22217464304555,1.073295973384271,22416.09510782208,-266436.7899069872,175.4491186960842,0.06930240840496688
5235,150875.0,299.22456339973456,1.0732981684491962,22419.96798502316,-266436.79002002574,175.4776671569266,0.06930578234020912
5236,150900.0,299.2239534302101,1.0733006510724954,22423.840895466983,-266436.7900228221,175.50619269588205,0.06930998898860702
5237,150925.0,299.2222327867526,1.0733035134911528,22427.71385198993,-266436.78999464965,175.53469390218933,0.06931516138475276
5238,150950.0,299.22258685996246,1.073306846726473,22431.58687360799,-266436.79008383217,175.56304941655551,0.06932145371254088
5239,150975.0,299.2217832620884,1.0733106493638662,22435.45996960024,-266436.790120414,175.59129766762106,0.06932878250636164
5240,151000.0,299.2198802587948,1.0733150045792774,22439.333139759063,-266436.7900861671,175.6193620425493,0.06933729828913089
5241,151025.0,299.220049098692,1.0733198897367402,22443.206392298664,-266436.79013338423,175.64738666374177,0.06934700902963278
5242,151050.0,299.2199995058828,1.0733252330726668,22447.079727494616,-266436.790135313,175.6754804643654,0.0693578373068857
5243,151075.0,299.2210285720207,1.0733308853928285,22450.95316619729,-266436.7901886142,175.70359562484128,0.06936947540045799
5244,151100.0,299.22112980260755,1.0733364890371768,22454.8266986575,-266436.79020468413,175.731741697617,0.06938102345090595
5245,151125.0,299.22060266298325,1.073341766107509,22458.70031664219,-266436.7902412686,175.7599275817768,0.06939175003177056
5246,151150.0,299.2202028043346,1.0733464259576886,22462.573981810165,-266436.7903330239,175.7881865565087,0.06940091874722096
5247,151175.0,299.2203869725629,1.0733503689024375,22466.44771316303,-266436.7905049388,175.81647045763486,0.06940833479420763
5248,151200.0,299.219202061601,1.0733536245634072,22470.321516655666,-266436.7906379982,175.84487339772676,0.06941413132660221
5249,151225.0,299.2176770480654,1.0733562927619031,22474.195407252177,-266436.79075265187,175.87330498939704,0.06941859015873048
5250,151250.0,299.21798178474137,1.0733585434520392,22478.069374832336,-266436.7909463509,175.90177499752448,0.06942213711673999
5251,151275.0,299.21716320925555,1.0733604779131742,22481.943352402115,-266436.79103933484,175.93042439635715,0.06942501205889852
5252,151300.0,299.21741097855386,1.0733621925883605,22485.81724929296,-266436.7911141775,175.95912653531335,0.06942738270194843
5253,151325.0,299.2178093036436,1.073363694455017,22489.691132333443,-266436.79111129825,175.98793427585352,0.06942924501966788
5254,151350.0,299.220236863053,1.0733649053599732,22493.565071787867,-266436.7911422738,176.0168745562958,0.06943045118934381
5255,151375.0,299.22139082356864,1.0733658492516474,22497.43908886065,-266436.79104463226,176.04592707997227,0.06943109151445997
5256,151400.0,299.22415205313746,1.0733667611438702,22501.31318073583,-266436.79100243055,176.0749782235751,0.06943166850548507
5257,151425.0,299.2242726087252,1.0733679113097487,22505.187353968035,-266436.79084756266,176.10398320964896,0.06943274400912927
5258,151450.0,299.22643834677257,1.0733694198516812,22509.061607524167,-266436.7908710527,176.13284456607738,0.06943459028966248
5259,151475.0,299.2259524018397,1.0733712811153344,22512.93592677749,-266436.7908493395,176.16166654093809,0.06943722579214227
5260,151500.0,299.22363595824817,1.073373485332318,22516.81032415078,-266436.79081123,176.19038279788398,0.06944065228410347
5261,151525.0,299.2232510280648,1.0733761247941198,22520.68478989952,-266436.79090201523,176.2190133172433,0.06944506151019923
5262,151550.0,299.22339467205205,1.0733793804547456,22524.559276891683,-266436.7910245136,176.24751579992417,0.06945084685540599
5263,151575.0,299.2228247501919,1.073383303191488,22528.43381731869,-266436.7911222352,176.27588846346268,0.06945813114235089
5264,151600.0,299.22174755118897,1.0733879329534648,22532.308422220307,-266436.79118645296,176.30412465527084,0.06946705799303611
5265,151625.0,299.222791049755,1.073393178693504,22536.18309304284,-266436.79130587657,176.33223159045468,0.06947747474363877
5266,151650.0,299.2240043832688,1.073398828428579,22540.05782776728,-266436.7913867856,176.3602702454277,0.06948889032339758
5267,151675.0,299.2248021593919,1.0734045206276877,22543.932655660767,-266436.7914417622,176.38820896127584,0.06950039629207828
5268,151700.0,299.2260481310198,1.0734098209653935,22547.80756195064,-266436.79154421977,176.41615153381434,0.06951091465806322
5269,151725.0,299.22767160240545,1.0734143056925982,22551.6825391707,-266436.7917304182,176.44427472802045,0.06951952251739439
5270,151750.0,299.22779041630497,1.0734178308353872,22555.557591525943,-266436.7919209595,176.47259704926347,0.06952604995889491
5271,151775.0,299.22725620005247,1.0734204365832054,22559.43270228046,-266436.7921518646,176.5010689395551,0.06953073299190726
5272,151800.0,299.22457141703205,1.0734223131677083,22563.307842973874,-266436.79230205115,176.5296801743475,0.06953402996396772
5273,151825.0,299.22283796682024,1.0734238500189595,22567.18303289513,-266436.7924626789,176.55833884963994,0.06953669605612472
5274,151850.0,299.2215890053732,1.073425457440757,22571.058285505198,-266436.79254325415,176.58690263949467,0.06953945661927363
5275,151875.0,299.2222404112352,1.0734273860247647,22574.933615481285,-266436.79258865543,176.61542862307323,0.06954273287844359
5276,151900.0,299.22406568871395,1.073429703556312,22578.808984048435,-266436.79259085417,176.64388709190848,0.06954663760975334
5277,151925.0,299.22537338935393,1.0734322980295552,22582.68438682713,-266436.7925131613,176.67235095983347,0.06955095421245454
5278,151950.0,299.2277450121254,1.0734349645134798,22586.559868539483,-266436.7924867537,176.70081898307782,0.06955530169855435
5279,151975.0,299.2281856718454,1.0734374673611098,22590.435403725427,-266436.7924051614,176.72941201029062,0.06955926148989933
5280,152000.0,299.2282446623765,1.073439544846303,22594.31100788959,-266436.7923854837,176.75817206267772,0.06956237120494889
5281,152025.0,299.227799755019,1.0734411310109793,22598.186689904,-266436.7924054809,176.78710935314925,0.06956454411207909
5282,152050.0,299.2280118112834,1.0734423027320321,22602.062423733343,-266436.79253105615,176.8160835240711,0.06956594870338854
5283,152075.0,299.22691243338573,1.0734431904491533,22605.9381973988,-266436.7926528836,176.8451966420012,0.06956685446631372
5284,152100.0,299.2254472210048,1.0734440349416574,22609.813991961386,-266436.79278296424,176.87434197502384,0.0695677711762854
5285,152125.0,299.22551976081667,1.0734450904906025,22613.689811774926,-266436.793008796,176.90330767681945,0.06956917435994482
5286,152150.0,299.2244598669082,1.0734465145324996,22617.565686391576,-266436.79315852607,176.93219495347097,0.06957134701469044
5287,152175.0,299.22588508636096,1.0734483811775073,22621.441631284593,-266436.7934191846,176.96096019496994,0.06957439851235533
5288,152200.0,299.2251251788637,1.073450706560785,22625.31765811015,-266436.793547142,176.98963126369213,0.06957832911073329
5289,152225.0,299.22461032779023,1.0734533820415866,22629.193742057454,-266436.79366047564,177.01820692602413,0.06958296446124797
5290,152250.0,299.2245933018982,1.0734560999810985,22633.069844629168,-266436.7937546029,177.04683367863686,0.0695877432747436
5291,152275.0,299.22388719715485,1.0734585631141331,22636.945985901286,-266436.79377409356,177.07548765608485,0.06959207722348232
5292,152300.0,299.22296547396127,1.0734606837962075,22640.822174483328,-266436.79375547904,177.10424666471457,0.06959577731595222
5293,152325.0,299.22386542280765,1.0734625258783514,22644.698416098025,-266436.79382416577,177.13310408928365,0.06959897330311078
5294,152350.0,299.22579344312436,1.0734642980799483,22648.574560532565,-266436.7939296279,177.1619509070194,0.06960205577588954
5295,152375.0,299.226541430075,1.0734662780714992,22652.450588034226,-266436.7939923877,177.19077911625143,0.06960554223313227
5296,152400.0,299.2278160117696,1.0734685271537336,22656.326643414497,-266436.7940999505,177.2195354911587,0.06960952923038233
5297,152425.0,299.226191248838,1.0734710880206355,22660.202731133875,-266436.7940892572,177.24817223895826,0.06961410305775799
5298,152450.0,299.2278195523703,1.0734739069635768,22664.078856327596,-266436.79429075675,177.27683352965983,0.06961921702207999
5299,152475.0,299.2279991537755,1.0734769839622629,22667.954996364326,-266436.79444367636,177.30540134389952,0.06962493559748462
5300,152500.0,299.2292065688254,1.0734803055398339,22671.83120617964,-266436.79468264413,177.33382612821495,0.069631274413633
5301,152525.0,299.22961046718416,1.073483721111529,22675.707495221413,-266436.79490392667,177.36221061039876,0.06963792355086165
5302,152550.0,299.2290100225049,1.073487147903701,22679.58383690903,-266436.7951067236,177.39059242303114,0.06964464919228144
5303,152575.0,299.226941358285,1.073490687782804,22683.460235624923,-266436.79525070294,177.4188777197714,0.06965159250879874
5304,152600.0,299.2252973060026,1.073494484448632,22687.33668164567,-266436.7953932409,177.44704667998758,0.06965903317624916
5305,152625.0,299.2254323763055,1.0734985125643912,22691.213202371517,-266436.79557729856,177.475236628848,0.06966687994722989
5306,152650.0,299.2250436765926,1.0735026443062607,22695.089784139553,-266436.79568083026,177.50342584360294,0.06967479316625876
5307,152675.0,299.22575738112477,1.0735066507158992,22698.96645594309,-266436.79578838916,177.53164555482306,0.06968222758101014
5308,152700.0,299.22686142067124,1.0735103889621385,22702.84321396018,-266436.79588294914,177.5598213212785,0.06968894399447514
5309,152725.0,299.22760995310927,1.0735137047708714,22706.720019512606,-266436.7959514079,177.58807418794743,0.06969470784683023
5310,152750.0,299.22856056292164,1.0735164072679333,22710.596858514265,-266436.7960537009,177.61636402868277,0.06969916682357406
5311,152775.0,299.2279227661289,1.0735184225025087,22714.47374364149,-266436.7960918517,177.64478631745746,0.06970223010793208
5312,152800.0,299.22653484610265,1.0735199324298879,22718.350681716594,-266436.7961071418,177.67338248328014,0.06970435077482938
5313,152825.0,299.2260990547002,1.0735212271358663,22722.22766688206,-266436.79618540156,177.70212543601818,0.06970612532931914
5314,152850.0,299.22581259692885,1.0735226748196915,22726.104709408264,-266436.7962547608,177.73090262188788,0.06970825851364099
5315,152875.0,299.2233608644363,1.0735247168296953,22729.981827188225,-266436.79620545945,177.75953765581903,0.0697116425257089
5316,152900.0,299.2246627384509,1.0735276899880872,22733.859002523277,-266436.79632304393,177.78798444436097,0.06971706231584261
5317,152925.0,299.22689105559925,1.0735318880531515,22737.73623726174,-266436.7964934646,177.8162860855586,0.06972532399398305
5318,152950.0,299.2275747052097,1.0735373734411218,22741.61354876492,-266436.7966142955,177.84439684671315,0.06973677107225704
5319,152975.0,299.22940460476383,1.073544014097743,22745.490957610888,-266436.7968658561,177.87229400012544,0.06975126503759432
5320,153000.0,299.2308096208125,1.0735515495834103,22749.36843583429,-266436.7971810308,177.90001335557238,0.06976827432186966
5321,153025.0,299.23010869441504,1.0735596917825365,22753.2460135774,-266436.797485841,177.92765013591392,0.06978712038080956
5322,153050.0,299.2285704428599,1.0735682290061983,22757.123680816632,-266436.7978404082,177.9552131333209,0.06980718855282143
5323,153075.0,299.2286718836733,1.0735770003130465,22761.001441313598,-266436.79831124714,177.98272486407475,0.06982802416729311
5324,153100.0,299.2253958491412,1.0735858962128313,22764.879308396983,-266436.7985808497,178.01014710860733,0.06984926741784073
5325,153125.0,299.2231985751677,1.073594694267116,22768.757275740445,-266436.79884319595,178.0376381634123,0.06987020152710012
5326,153150.0,299.222577428761,1.0736030431136963,22772.63532379975,-266436.79909621185,178.06535061692023,0.06988985733058041
5327,153175.0,299.22207932807993,1.0736106025400387,22776.513482360162,-266436.799271505,178.09328027239752,0.06990727039539575
5328,153200.0,299.2233852074829,1.0736171526240057,22780.391711125216,-266436.79944447987,178.1213073770565,0.06992184593732442
5329,153225.0,299.2262253319593,1.0736225034396485,22784.269996268093,-266436.79961576563,178.1495199338963,0.06993317073170767
5330,153250.0,299.22836639748823,1.0736266315262915,22788.14834519964,-266436.79971301934,178.17785321671994,0.06994137416369697
5331,153275.0,299.2286940768961,1.0736295920230043,22792.02673639615,-266436.7997051474,178.20630360890235,0.06994681914228593
5332,153300.0,299.22982721739044,1.0736315340958795,22795.905202084996,-266436.7997649526,178.23483240202523,0.0699500273142075
5333,153325.0,299.2313940669935,1.0736327445944243,22799.78369707467,-266436.79990622116,178.2634640346833,0.06995174934383239
5334,153350.0,299.22937730765574,1.0736335261480774,22803.66225722917,-266436.79994325445,178.2921952033116,0.06995263998750427
5335,153375.0,299.2285446651693,1.0736341679785093,22807.54086296863,-266436.8001168354,178.32095660332345,0.06995323019740167
5336,153400.0,299.2275294767366,1.0736348961963635,22811.419524991685,-266436.80032842077,178.3497697683469,0.06995393479482892
5337,153425.0,299.2271439476102,1.0736360906082163,22815.29825416772,-266436.8005916411,178.37865986361945,0.0699554895716252
5338,153450.0,299.22641167203784,1.0736381180620578,22819.176938303917,-266436.80083105946,178.40739128981718,0.06995864999687869
5339,153475.0,299.22669609500815,1.0736410235955043,22823.055536948745,-266436.8010774102,178.43606685074917,0.06996358133583058
5340,153500.0,299.2250748311197,1.0736446179242325,22826.934195073572,-266436.80116369046,178.46463630162904,0.06996999600574212
5341,153525.0,299.22453450911206,1.0736486538125531,22830.812918392417,-266436.80126234086,178.49317979795345,0.06997742056657967
5342,153550.0,299.2265050932703,1.0736528989955691,22834.691719723556,-266436.8014635791,178.52167196880666,0.06998539172749428
5343,153575.0,299.2294202611047,1.0736571503867252,22838.57058369061,-266436.8016934068,178.5501008687626,0.06999353854790456
5344,153600.0,299.23073680393077,1.073661280324289,22842.449542792696,-266436.80184507126,178.57844478347377,0.07000166367321521
5345,153625.0,299.2312775467658,1.0736652502805821,22846.328598383017,-266436.8019777268,178.60673829754344,0.07000977441077477
5346,153650.0,299.2312408435902,1.0736690053612603,22850.207739409816,-266436.8021082173,178.63505522635757,0.0700178126675398
5347,153675.0,299.23068000517515,1.0736724556220378,22854.086921482227,-266436.80222716567,178.66344528995273,0.07002544222139154
5348,153700.0,299.231566617999,1.0736754331027591,22857.966157608018,-266436.80241963925,178.6919480367048,0.07003199108867737
5349,153725.0,299.2318381391296,1.073677836697818,22861.8454612565,-266436.80258609774,178.72056001894092,0.07003704616822468
5350,153750.0,299.2320620709543,1.0736796294150612,22865.72481107767,-266436.8027762329,178.74931011424667,0.07004046608110671
5351,153775.0,299.2296602757866,1.0736807498754346,22869.60418052733,-266436.8028374703,178.7781281794346,0.0700421747010467
5352,153800.0,299.22818835656204,1.073681162837037,22873.483625519384,-266436.8029157355,178.80700583448544,0.07004226246964357
5353,153825.0,299.22721888862094,1.0736810184908465,22877.363153177677,-266436.80295811425,178.83596145679255,0.07004119374922214
5354,153850.0,299.22688796950075,1.073680625894801,22881.242720696846,-266436.8029672548,178.86492251111122,0.07003959508247781
5355,153875.0,299.2253678196434,1.0736802549166031,22885.12233796887,-266436.80283342995,178.89387336009472,0.07003794946477508
5356,153900.0,299.2279803023477,1.0736802768962714,22889.00202077063,-266436.8028268192,178.92280565378644,0.0700369605500595
5357,153925.0,299.23156269335755,1.0736809085479644,22892.881769451524,-266436.8028233236,178.95162074617406,0.0700371063829791
5358,153950.0,299.23471543266965,1.0736822502332513,22896.76159073644,-266436.80282693065,178.98015523679803,0.07003865696336418
5359,153975.0,299.2364011406113,1.073684188805969,22900.641464923247,-266436.8028496983,179.00849080105735,0.07004143737562227
5360,154000.0,299.2367864330678,1.073686504196977,22904.5213831688,-266436.802938014,179.03678572685456,0.0700450287881618
5361,154025.0,299.2358757181418,1.0736889633843083,22908.401374214027,-266436.80309331487,179.06496867474834,0.07004898781549211
5362,154050.0,299.23379168916836,1.0736912985890972,22912.281410052943,-266436.80329057033,179.09317681869612,0.07005282441419641
5363,154075.0,299.2331597634868,1.0736935452398697,22916.161489166097,-266436.80359262653,179.12148908283632,0.07005667878448957
5364,154100.0,299.2310635571935,1.0736958085740904,22920.04162703149,-266436.80378832854,179.14991702081403,0.07006082087604884
5365,154125.0,299.2296242924605,1.073698174369486,22923.921803565278,-266436.803922898,179.17834024139657,0.07006538625916302
5366,154150.0,299.22937176709706,1.0737007639277054,22927.802069155692,-266436.8040033068,179.20667382976225,0.07007050928513794
5367,154175.0,299.2301198233998,1.0737035653874805,22931.682422707145,-266436.8040144889,179.23493247690027,0.07007602601838091
5368,154200.0,299.22964209406035,1.0737065269758481,22935.56283472632,-266436.8038652239,179.26310366710138,0.07008169410815211
5369,154225.0,299.2293554937325,1.0737094512725005,22939.44330565424,-266436.80366015015,179.29124779093743,0.07008699987585389
5370,154250.0,299.23117877478,1.0737119847328234,22943.323867377883,-266436.8035132364,179.31952894464112,0.07009121156829927
5371,154275.0,299.2319417521736,1.0737138078927764,22947.20449183028,-266436.8033306293,179.3479588835941,0.07009376470588273
5372,154300.0,299.23301834679756,1.073714771263725,22951.0851777666,-266436.80324010167,179.37655830212805,0.07009451665736126
5373,154325.0,299.2333388997662,1.073714828867385,22954.965910986342,-266436.8032249371,179.40530912684542,0.07009352102716823
5374,154350.0,299.23191606158326,1.0737140270387586,22958.846670264298,-266436.80324111687,179.4341768858296,0.07009099231007791
5375,154375.0,299.23029122582034,1.0737125533854157,22962.727483229217,-266436.8033294547,179.46318719729675,0.0700873575768853
5376,154400.0,299.22781647077244,1.0737106274874455,22966.60833574204,-266436.8034076207,179.49224403769153,0.07008307364701545
5377,154425.0,299.2266147530699,1.073708494545679,22970.48924142456,-266436.80352095165,179.5212940429529,0.07007864131647491
5378,154450.0,299.2277940540392,1.0737064818739532,22974.370201431422,-266436.80368420464,179.55021575869134,0.07007468135341181
5379,154475.0,299.2262464856276,1.0737046503717462,22978.251215807984,-266436.80360755406,179.5791456307932,0.07007137087980213
5380,154500.0,299.22741437452953,1.0737028059840168,22982.132290898462,-266436.8035819446,179.6080633981913,0.07006839862479132
5381,154525.0,299.22915837576056,1.0737006840703571,22986.013455180964,-266436.80350705987,179.63701775523361,0.07006539192369665
5382,154550.0,299.2306913259663,1.073698031766672,22989.894678018813,-266436.80339966534,179.66620749235258,0.07006197225834455
5383,154575.0,299.2304422256705,1.0736947680163438,22993.77591996049,-266436.8032019513,179.69553944626065,0.07005804284299195
5384,154600.0,299.2310887413822,1.0736909587743724,22997.657173777705,-266436.8030661844,179.7249802666049,0.07005371222531762
5385,154625.0,299.23145933995727,1.0736866493996773,23001.538470448064,-266436.8029246641,179.75446868795655,0.07004902153731934
5386,154650.0,299.230401925254,1.0736819726502065,23005.419719442227,-266436.8027027924,179.7840227043501,0.07004407678980298
5387,154675.0,299.23004621931636,1.0736771778643892,23009.30084386599,-266436.8025292133,179.81356176855985,0.07003902604553365
5388,154700.0,299.2291596577615,1.0736724784437426,23013.18184196968,-266436.8023566868,179.84311850485568,0.07003390146594952
5389,154725.0,299.2286055142257,1.0736680118738395,23017.06276729108,-266436.80222458905,179.8726851697589,0.07002872653061261
5390,154750.0,299.22807690230815,1.0736638674952073,23020.943608274458,-266436.80211603816,179.90218613646212,0.07002354170531169
5391,154775.0,299.22866275068185,1.0736600021636984,23024.824336533122,-266436.80207855935,179.9315728248023,0.07001819838031688
5392,154800.0,299.2279962880914,1.0736562701032193,23028.70496370102,-266436.80196917115,179.96084014790787,0.07001248921441411
5393,154825.0,299.22728715418555,1.0736525333704108,23032.585490085017,-266436.8018374472,179.99014742188862,0.07000635632183944
5394,154850.0,299.2270062453525,1.07364876274328,23036.465926024823,-266436.8017141757,180.01938853283914,0.06999992388013629
5395,154875.0,299.22783416858357,1.0736450658512469,23040.346268215762,-266436.80163033726,180.04856148745995,0.06999348301210809
5396,154900.0,299.2291551713316,1.073641464023222,23044.22652545104,-266436.8015380245,180.07765593335813,0.06998711191402666
5397,154925.0,299.23143539187544,1.0736379496727173,23048.106692503567,-266436.8014940067,180.10683168735343,0.06998079393602605
5398,154950.0,299.23170319281536,1.0736344592208424,23051.986765142297,-266436.8013585089,180.13603086960558,0.0699744408841147
5399,154975.0,299.23196806339695,1.0736308169753077,23055.86673896141,-266436.8012498827,180.16536385364205,0.06996782802469172
5400,155000.0,299.2310907090064,1.0736268905758182,23059.746594794717,-266436.80112071265,180.19468218243543,0.06996080670246287
5401,155025.0,299.231676856228,1.073622593298777,23063.626353911684,-266436.8010978227,180.22396894841424,0.06995326755522681
5402,155050.0,299.2293129074607,1.0736179999383049,23067.5059979225,-266436.8009333553,180.25327609963608,0.06994530951940316
5403,155075.0,299.2294216022718,1.073613188502343,23071.385539150247,-266436.80088507064,180.28251308222312,0.06993705335553946
5404,155100.0,299.23005303348947,1.0736083018193021,23075.26497247165,-266436.80083668896,180.3117011666359,0.06992869781066947
5405,155125.0,299.22968260790674,1.0736035172031066,23079.144284211667,-266436.8007349987,180.34092469990142,0.06992044845233725
5406,155150.0,299.23062055483825,1.0735990035139624,23083.02349700233,-266436.80069493037,180.3701857714075,0.06991251951174438
5407,155175.0,299.2297364036015,1.0735947996794861,23086.90262452865,-266436.80057181173,180.39933472885858,0.06990499500739679
5408,155200.0,299.23072342546567,1.0735908018734197,23090.781676002087,-266436.8005404753,180.42851977685348,0.06989775411351486
5409,155225.0,299.2311077455965,1.0735869855206397,23094.66063370227,-266436.8004838962,180.45777805964272,0.06989077603203978
5410,155250.0,299.2307373083861,1.0735833624099047,23098.539485477046,-266436.8004200704,180.48708665138923,0.06988408187026461
5411,155275.0,299.2294038889524,1.07357999156196,23102.418232721782,-266436.800355519,180.51633384669879,0.06987777020202054
5412,155300.0,299.2289832456451,1.0735768907568188,23106.29688272793,-266436.80036533426,180.54546602604847,0.06987193805037291
5413,155325.0,299.22882630107324,1.073574110515945,23110.175427206555,-266436.8004004072,180.5745564609039,0.06986671536756592
5414,155350.0,299.2280805204698,1.0735717439827628,23114.05391975296,-266436.8003942492,180.6035440081872,0.06986224222837831
5415,155375.0,299.2288399324859,1.0735698660142776,23117.93234059028,-266436.80045820645,180.63250128637378,0.06985861669128543
5416,155400.0,299.22830356470564,1.0735685631653427,23121.810688868984,-266436.8004503054,180.6613542626916,0.06985591557442654
5417,155425.0,299.2291251972457,1.0735678180140262,23125.68896539442,-266436.80049084296,180.68998595884096,0.0698540697059189
5418,155450.0,299.2297768935248,1.0735675370609574,23129.56717495429,-266436.80050080526,180.71851056560257,0.06985293879559609
5419,155475.0,299.23030535701304,1.0735675793357924,23133.445331025887,-266436.8004873127,180.74688502693735,0.06985230688806922
5420,155500.0,299.2321199390046,1.0735676998708714,23137.323431509125,-266436.80054408737,180.7752523637706,0.06985179782328017
5421,155525.0,299.2323138751403,1.07356751481618,23141.201470110223,-266436.80055172346,180.8036793871266,0.0698507600516418
5422,155550.0,299.2311171229966,1.0735667883705198,23145.079442566963,-266436.8005328531,180.8322061294487,0.06984883084393667
5423,155575.0,299.23091157042967,1.073565411565879,23148.957343462138,-266436.8006111027,180.8608301246928,0.06984589755408098
5424,155600.0,299.22900065972544,1.0735631468509974,23152.83517786795,-266436.80064471555,180.88962469880192,0.06984165874039974
5425,155625.0,299.22568672545964,1.0735598963017559,23156.712967290387,-266436.8006210812,180.91852773897293,0.06983607844944131
5426,155650.0,299.2251772321744,1.0735557448559658,23160.590699587243,-266436.80069634836,180.94762971003018,0.0698294012652789
5427,155675.0,299.22428000687984,1.073550870056496,23164.468361519463,-266436.8006690179,180.97690145461812,0.06982194159911603
5428,155700.0,299.2254631775669,1.0735454234665673,23168.3459390687,-266436.8006357626,181.0063214352552,0.06981394375882641
5429,155725.0,299.2282377284243,1.0735395915899313,23172.223452825285,-266436.80059044476,181.03576161424195,0.06980565874769833
5430,155750.0,299.2276785977433,1.0735334984962857,23176.100889615656,-266436.8003130892,181.06533326213722,0.06979723433376331
5431,155775.0,299.2276762967619,1.0735271981467833,23179.978218907883,-266436.80000994616,181.0949908354812,0.06978867206676519
5432,155800.0,299.22956685766195,1.0735209327566098,23183.85545498625,-266436.7998028115,181.12469454782513,0.06978012338180291
5433,155825.0,299.22817875898863,1.0735150376027471,23187.73261203514,-266436.79946063354,181.15427010974125,0.06977185860630632
5434,155850.0,299.229021433366,1.073509708371664,23191.60967943268,-266436.7992738744,181.1836793211899,0.06976408163140177
5435,155875.0,299.2311627209978,1.0735050632818237,23195.4866582373,-266436.79925393814,181.21282982652696,0.06975697835418235
5436,155900.0,299.23013964459767,1.0735012662620307,23199.363548223766,-266436.79919527116,181.24178122310107,0.06975086401814762
5437,155925.0,299.22756475095207,1.073498467757753,23203.240342605546,-266436.79921081493,181.27048810487932,0.06974605786441129
5438,155950.0,299.2250428794529,1.0734967445608865,23207.117020376656,-266436.799339184,181.29909204663855,0.06974274738003346
5439,155975.0,299.22068363829857,1.0734960861519598,23210.993590664944,-266436.7994128575,181.32737927990203,0.06974105306372584
5440,156000.0,299.2203116436949,1.073496411015131,23214.870115152968,-266436.7996604447,181.35552268829267,0.06974098394902933
5441,156025.0,299.2209506108068,1.07349759941198,23218.746581310785,-266436.7998906853,181.38345345271355,0.06974244015680546
5442,156050.0,299.2210021090105,1.0734994783513985,23222.622962511843,-266436.8000162833,181.41115915659265,0.06974517631208316
5443,156075.0,299.2215850819883,1.0735016786676455,23226.4992524515,-266436.80009470467,181.43876895879262,0.06974848708057836
5444,156100.0,299.22193602130596,1.0735038661769198,23230.375451119857,-266436.8000811907,181.46636100899917,0.06975171141720268
5445,156125.0,299.2243913976639,1.0735057789203075,23234.25160221728,-266436.800108186,181.4939965803649,0.06975433474109474
5446,156150.0,299.2249625283663,1.073507143442873,23238.12770832274,-266436.80002191884,181.52172540419812,0.06975583685209019
5447,156175.0,299.22418316263054,1.0735076432941744,23242.003776737205,-266436.7998727179,181.54955159661048,0.06975567296867388
5448,156200.0,299.225850476848,1.0735070598274903,23245.879772782828,-266436.79988145776,181.577549373769,0.06975356842234086
5449,156225.0,299.2253251651397,1.0735053848318035,23249.755675476506,-266436.79981652944,181.60576855639152,0.06974966379204929
5450,156250.0,299.2264078427832,1.073502665688252,23253.631489804986,-266436.7998568572,181.63420378016278,0.06974417495260846
5451,156275.0,299.2265732619855,1.0734990289190502,23257.50722707544,-266436.7998875557,181.66292332917595,0.06973740755686024
5452,156300.0,299.2245647611122,1.07349471832019,23261.382881882077,-266436.7998132292,181.69180562925618,0.0697297799987778
5453,156325.0,299.22289708416054,1.0734900911257783,23265.258435863154,-266436.79973739217,181.7207663775212,0.06972177600537868
5454,156350.0,299.2217480999105,1.0734855311335156,23269.133930574084,-266436.7996423777,181.7496934282311,0.06971386972196797
5455,156375.0,299.2221175180862,1.0734815336021495,23273.009338204418,-266436.79957115697,181.77842778610713,0.06970670381231708
5456,156400.0,299.2217977341662,1.0734785922668122,23276.884647486528,-266436.7994252798,181.80703690892443,0.06970103035856123
5457,156425.0,299.2239576909756,1.0734768189813109,23280.75984704403,-266436.7993888122,181.8354157796508,0.06969718877488738
5458,156450.0,299.22550877560207,1.073476044941075,23284.6349552959,-266436.7993303085,181.86362838297623,0.06969506441961325
5459,156475.0,299.2258010269252,1.0734761037851028,23288.50998102161,-266436.79925650347,181.89169715018323,0.06969443956043993
5460,156500.0,299.22786514478634,1.07347673466398,23292.384907097967,-266436.7993385146,181.91965456717338,0.06969483965085797
5461,156525.0,299.22610700805774,1.0734776598315625,23296.259790875927,-266436.79928181437,181.94762119437334,0.06969571262053009
5462,156550.0,299.22548334407435,1.0734786980291648,23300.134592031543,-266436.7993320722,181.97551772493753,0.06969669644273635
5463,156575.0,299.2272264627278,1.0734796522693988,23304.009308952962,-266436.7995307669,182.00333902855058,0.06969743795754063
5464,156600.0,299.22641819847723,1.0734804111619387,23307.883964781882,-266436.79960627353,182.03117497285766,0.0696977794449531
5465,156625.0,299.22642820752736,1.0734809692035603,23311.758544896384,-266436.7997123545,182.05903213891946,0.06969776753262631
5466,156650.0,299.22672415389513,1.0734814053411366,23315.633048535816,-266436.79981921933,182.08688792915072,0.06969762008414158
5467,156675.0,299.2262828579026,1.0734817517068995,23319.507490743472,-266436.79983951524,182.11473584845166,0.0696974411119243
5468,156700.0,299.22680703974123,1.0734820805144134,23323.38184955756,-266436.7998509971,182.14259515816426,0.06969736588041726
5469,156725.0,299.22801255003253,1.0734826289457637,23327.256126320895,-266436.7998654942,182.17045740286417,0.0696977936014629
5470,156750.0,299.2291717611061,1.073483628708949,23331.130337073897,-266436.79984112486,182.19825906482674,0.06969916426003815
5471,156775.0,299.23072541277014,1.073485083942494,23335.004481024847,-266436.799827684,182.22587038255367,0.0697014279970764
5472,156800.0,299.22860875297124,1.0734870591997066,23338.878574540893,-266436.7996625042,182.25332490035942,0.06970462488580341
5473,156825.0,299.22794252959653,1.0734895278894157,23342.75259423772,-266436.79960913805,182.28060252155652,0.06970871659968374
5474,156850.0,299.22772721144804,1.0734923313241997,23346.626541759324,-266436.79963647044,182.3078110575952,0.0697134112633185
5475,156875.0,299.2272498692497,1.0734953863525676,23350.500446530063,-266436.79970258934,182.3350336467617,0.06971863915266656
5476,156900.0,299.22710355419844,1.073498436187693,23354.37429163069,-266436.79979166173,182.36231215495107,0.06972394644270016
5477,156925.0,299.2261956540729,1.0735011050870136,23358.248053687956,-266436.7998289985,182.3896560974809,0.06972855257393248
5478,156950.0,299.2246166882056,1.0735032081888412,23362.12174825162,-266436.79980773584,182.41720487467308,0.06973206156841312
5479,156975.0,299.22555160231354,1.0735046242700719,23365.995381926332,-266436.79986725556,182.44489507335777,0.06973420620437995
5480,157000.0,299.2249274746114,1.0735053389892344,23369.86895691844,-266436.7998004665,182.47272167755287,0.06973493839323763
5481,157025.0,299.22595501988536,1.0735054521464176,23373.74246599215,-266436.7997677478,182.50072700024333,0.06973446303052454
5482,157050.0,299.22715235254634,1.0735050503374055,23377.615894770497,-266436.7997158181,182.52887966897694,0.0697330227369449
5483,157075.0,299.2282467257497,1.073504002674446,23381.489241914533,-266436.79965227644,182.5571374974472,0.06973045769511345
5484,157100.0,299.2292333880301,1.073502170525675,23385.362511766754,-266436.7995945835,182.585564830386,0.06972658255849326
5485,157125.0,299.2295029917994,1.0734996444890015,23389.235692303617,-266436.79954948486,182.61407490782608,0.06972156805201157
5486,157150.0,299.2297305905495,1.0734966000850488,23393.108827398573,-266436.7995634987,182.6426546648443,0.06971567820910068
5487,157175.0,299.228401773265,1.0734932116132159,23396.981884654695,-266436.7995343331,182.67126700394812,0.06970921149173995
5488,157200.0,299.22799582862905,1.073489864395457,23400.854875512716,-266436.7995601801,182.6999719038077,0.06970280178538936
5489,157225.0,299.2280589504575,1.0734869449301754,23404.72780431681,-266436.7996009921,182.72853992714033,0.06969707049180367
5490,157250.0,299.22838299587414,1.0734846386207726,23408.600677211853,-266436.7996408077,182.75709931469686,0.06969234978449623
5491,157275.0,299.2279495337482,1.0734830437606206,23412.473515335027,-266436.7995982549,182.7855467613499,0.06968882696042768
5492,157300.0,299.2289201869067,1.0734822893379445,23416.34640274039,-266436.7995810239,182.81390629965418,0.06968674555494911
5493,157325.0,299.23097395522603,1.073482512195121,23420.21932637452,-266436.7995931285,182.84204086821993,0.0696863848440727
5494,157350.0,299.232025557236,1.0734837280558074,23424.09228838428,-266436.7995634029,182.86988347315747,0.06968786108583598
5495,157375.0,299.2327426583597,1.0734859186681214,23427.965303827623,-266436.7995485019,182.8975511402839,0.06969127183406151
5496,157400.0,299.233423418109,1.0734889429992107,23431.83836516438,-266436.7995926899,182.92501856824938,0.06969645018494974
5497,157425.0,299.23314433212295,1.073492572329331,23435.711501527818,-266436.79965052847,182.95233000812422,0.06970299878743824
5498,157450.0,299.2315576869149,1.0734964834818443,23439.584687882212,-266436.7997154669,182.97958308656123,0.0697102533794027
5499,157475.0,299.2304684996991,1.0735002551515143,23443.457909836292,-266436.79986348154,183.0068296166061,0.06971722054545493
5500,157500.0,299.22947429552414,1.0735036928437245,23447.33119063951,-266436.8000441819,183.0341638047628,0.06972339265588114
5501,157525.0,299.22884656470586,1.0735068515085413,23451.204558139456,-266436.8002388721,183.06162388319404,0.06972885532533663
5502,157550.0,299.2290118774023,1.0735098948452348,23455.077986420732,-266436.8004478239,183.08908251390156,0.06973400466412298
5503,157575.0,299.2270697662327,1.073512894622092,23458.951470052616,-266436.8005212467,183.1165685241037,0.06973911016230659
5504,157600.0,299.2280170637623,1.0735157426581885,23462.82504037462,-266436.8006873289,183.14405621477448,0.0697441000908269
5505,157625.0,299.22913308493975,1.0735183151107872,23466.6986647591,-266436.8007959155,183.17162463324863,0.06974886124228154
5506,157650.0,299.2276717287715,1.0735205457296764,23470.5723072142,-266436.80071339785,183.1993444068156,0.06975337642999857
5507,157675.0,299.22858723118094,1.0735221895424827,23474.446010869633,-266436.8007056989,183.22725265177928,0.06975717023723108
5508,157700.0,299.22901111841435,1.0735231754099344,23478.31976328419,-266436.80064470915,183.25543179972172,0.06976015247776404
5509,157725.0,299.23022966576127,1.0735235549304287,23482.193546959214,-266436.80062010145,183.28369977525716,0.06976231312764708
5510,157750.0,299.22971896262226,1.0735234136575327,23486.06740238473,-266436.800520765,183.31211188816312,0.06976358452791424
5511,157775.0,299.23085090451343,1.0735228607885816,23489.941316234082,-266436.8005251174,183.3406613968312,0.06976388274068737
5512,157800.0,299.23324376099123,1.0735220301106467,23493.815255550508,-266436.80063089426,183.3692977363807,0.0697633467561525
5513,157825.0,299.2343029782997,1.0735211111111105,23497.689232527435,-266436.8007372597,183.3978952152098,0.06976235437069317
5514,157850.0,299.2331698559706,1.073520255726805,23501.56324307911,-266436.8008013308,183.426377839589,0.0697612928377157
5515,157875.0,299.2310576816554,1.0735196780275555,23505.43727883308,-266436.8008715523,183.45478573126664,0.06976076631617154
5516,157900.0,299.2303340231426,1.0735195150746173,23509.311347039988,-266436.8010235646,183.48298335460095,0.0697612656032872
5517,157925.0,299.2300427798135,1.0735199088437832,23513.185417478486,-266436.801173069,183.51100923976082,0.06976317572792114
5518,157950.0,299.22803472132836,1.073521010690342,23517.059516207457,-266436.80119330465,183.53896717630008,0.06976678021380725
5519,157975.0,299.22806531008655,1.0735227717391298,23520.9336608736,-266436.8012328465,183.56681142451694,0.06977192614734339
5520,158000.0,299.2297808919298,1.073525064299945,23524.807848639546,-266436.8012660915,183.59450981193024,0.0697783046549542
5521,158025.0,299.23132251183347,1.0735276728238554,23528.68208255118,-266436.8012255475,183.62221518266333,0.0697854151273697
5522,158050.0,299.23215036616773,1.0735303573540944,23532.556363715605,-266436.80111144326,183.6498972892752,0.0697925997947979
5523,158075.0,299.2331037932074,1.0735328778059372,23536.430701475972,-266436.80103810073,183.67756285421194,0.06979909914313338
5524,158100.0,299.23349499439115,1.073534871855203,23540.30509067643,-266436.8010203157,183.7053579815385,0.06980397453997023
5525,158125.0,299.2330821184722,1.0735362435758227,23544.179566865416,-266436.8010390062,183.73326532663773,0.06980702684280411
5526,158150.0,299.2321675512353,1.0735368170797894,23548.05410661045,-266436.8011117816,183.76128989994575,0.06980800554851979
5527,158175.0,299.2306741970594,1.073536344307766,23551.92869050548,-266436.80121919676,183.78947813543178,0.06980667130969649
5528,158200.0,299.2294806593738,1.073534695846144,23555.803305314697,-266436.80137928645,183.8178508747815,0.06980308982938485
5529,158225.0,299.2284249265843,1.0735319484629289,23559.677871846226,-266436.8015474675,183.84638763809528,0.06979768312236327
5530,158250.0,299.22546260435325,1.0735283332730663,23563.55232020249,-266436.8015755794,183.87506796359915,0.06979106508768797
5531,158275.0,299.2244870505563,1.0735241502771746,23567.426793462997,-266436.80162583455,183.9038450784527,0.06978382073993773
5532,158300.0,299.225085918973,1.0735197669739134,23571.301312207837,-266436.8016456695,183.93268485655767,0.06977648713777977
5533,158325.0,299.2271962943641,1.073515550596313,23575.175855412534,-266436.8016376894,183.96159338603786,0.06976950698711037
5534,158350.0,299.2310793321911,1.0735116507678402,23579.050461547722,-266436.8016746364,183.9903626793135,0.06976303637458635
5535,158375.0,299.2308247755318,1.0735081828636792,23582.92510879666,-266436.8015147546,184.01896877125486,0.06975722428949942
5536,158400.0,299.2317599974133,1.0735053494070186,23586.79978984305,-266436.80146401026,184.04752488634043,0.06975239305279672
5537,158425.0,299.2316593277978,1.0735031148429026,23590.67451788395,-266436.8014145562,184.07605925809565,0.06974850824605792
5538,158450.0,299.2310679859802,1.0735014145754338,23594.549306325807,-266436.80140017025,184.10459986604087,0.06974542793524742
5539,158475.0,299.2308810769574,1.0735001911552338,23598.424145340006,-266436.8014426642,184.1331092611914,0.06974302767749738
5540,158500.0,299.2293516001945,1.0734994205017137,23602.29901458208,-266436.8014302088,184.1614675665043,0.06974130975154944
5541,158525.0,299.22806282064437,1.0734991761097068,23606.173907439308,-266436.80144750135,184.1896426434501,0.06974046890412645
5542,158550.0,299.22907044019684,1.0734992850441991,23610.04882340459,-266436.801558926,184.2176707402731,0.06974032713933528
5543,158575.0,299.22818422709435,1.0734995906084648,23613.92376710618,-266436.8015576842,184.24564618085626,0.06974068482443521
5544,158600.0,299.2262987165635,1.0734999734295152,23617.798741477964,-266436.8014801265,184.27356711409683,0.06974130483919486
5545,158625.0,299.2265098558741,1.0735003925351596,23621.67375498984,-266436.80147632636,184.30156921823541,0.06974210331770683
5546,158650.0,299.2258388284378,1.0735007715281526,23625.54880971113,-266436.8013911956,184.32967197416025,0.0697429717565054
5547,158675.0,299.2260387738545,1.073500950312424,23629.423901081886,-266436.80132395425,184.35776777030767,0.06974370259553031
5548,158700.0,299.2261165549368,1.0735009266534503,23633.299034882617,-266436.8012375309,184.3859369495405,0.0697442948278973
5549,158725.0,299.2275262428248,1.073500666846846,23637.174205900355,-266436.80122874846,184.4142198921322,0.06974455585585625
5550,158750.0,299.22905605470686,1.0735001956404242,23641.049419831077,-266436.8012640782,184.44252071020244,0.06974441319882344
5551,158775.0,299.22896918257885,1.0734996695485102,23644.92469680541,-266436.801264336,184.4708542817604,0.06974407582853066
5552,158800.0,299.22978174566504,1.0734992390899805,23648.80002416219,-266436.8013571164,184.49913941953307,0.06974373317726194
5553,158825.0,299.22847090961676,1.073498968971311,23652.67539231136,-266436.8013695576,184.52740206109718,0.06974342707958268
5554,158850.0,299.2291639237344,1.073498894749474,23656.550838196512,-266436.80147937476,184.55573660048015,0.06974326018601901
5555,158875.0,299.22953786861257,1.0734991130309566,23660.426340462018,-266436.80156528234,184.5840749488242,0.06974349310055235
5556,158900.0,299.22859912464963,1.0734997145342202,23664.30192824725,-266436.80156837514,184.61231436854428,0.06974437622218263
5557,158925.0,299.22991220781057,1.0735007081684051,23668.177550377106,-266436.8016587369,184.64045858594227,0.06974596137699453
5558,158950.0,299.22971825010694,1.073502131558433,23672.05324363848,-266436.8016340436,184.66850348941665,0.06974833411285043
5559,158975.0,299.2300958058773,1.07350381061151,23675.928995517203,-266436.8015795015,184.6965977587531,0.06975115731414908
5560,159000.0,299.23115277953804,1.0735054915183113,23679.804774185035,-266436.80153112713,184.7246509709286,0.0697539290894927
5561,159025.0,299.2323306934576,1.0735069516960318,23683.6806078247,-266436.8014678167,184.75265676980712,0.06975623720484278
5562,159050.0,299.2316438890906,1.0735080583617942,23687.556468574745,-266436.8013113515,184.7806792222423,0.06975786805680428
5563,159075.0,299.23095190073286,1.0735088476515688,23691.432363677563,-266436.8011522121,184.80876223646067,0.06975893661634355
5564,159100.0,299.2299480332455,1.0735095482479775,23695.308296820956,-266436.80096146854,184.83683674135978,0.06975994147948528
5565,159125.0,299.2308038291432,1.0735104006467833,23699.18428860743,-266436.8008441487,184.8648195736616,0.06976139214277198
5566,159150.0,299.2320012158573,1.0735116958265964,23703.060362293807,-266436.80072404665,184.8926707391774,0.06976389994611142
5567,159175.0,299.23365744103404,1.0735135267600566,23706.936479007894,-266436.80064460647,184.9204158116021,0.06976770707614982
5568,159200.0,299.23531013736954,1.073515778895073,23710.812638040516,-266436.80059688416,184.94800506183046,0.06977265158316913
5569,159225.0,299.2368701110732,1.0735182224416506,23714.688854064683,-266436.80060445744,184.97559832687023,0.06977827672052703
5570,159250.0,299.23682102142243,1.0735205556752219,23718.565166419845,-266436.8005912621,185.00326099072586,0.06978387925566965
5571,159275.0,299.2350754242662,1.0735225555156724,23722.441393262554,-266436.8005584043,185.031028509153,0.0697888728762866
5572,159300.0,299.23484301393825,1.0735241919373157,23726.317558167226,-266436.80062692874,185.05883374896834,0.06979303211914628
5573,159325.0,299.2333711542898,1.073525515249371,23730.193796063977,-266436.80062430975,185.0867509950366,0.06979635683530717
5574,159350.0,299.2323710159063,1.0735265762630781,23734.0701023112,-266436.8005734115,185.11461942840072,0.06979897243647275
5575,159375.0,299.23318135545395,1.0735274408775695,23737.94647287499,-266436.8005168816,185.14258599300587,0.06980100113582059
5576,159400.0,299.2363648725141,1.0735280414201174,23741.822914023123,-266436.8004908934,185.17051418444814,0.0698023228737079
5577,159425.0,299.23780049761166,1.073528249492051,23745.69940097017,-266436.8003230897,185.19847047179405,0.06980280028684158
5578,159450.0,299.2380952049969,1.0735279552488488,23749.575941319043,-266436.80006121116,185.22645476453377,0.06980224604170442
5579,159475.0,299.2389885741358,1.0735270452210264,23753.452537605725,-266436.79981162044,185.25456286314227,0.06980042252090841
5580,159500.0,299.24102073881824,1.0735254905930827,23757.329193063302,-266436.7996252142,185.28288199737216,0.06979729684047105
5581,159525.0,299.2441608982464,1.073523435148691,23761.205908755215,-266436.79954302096,185.3113304423744,0.06979315932162944
5582,159550.0,299.2456080897984,1.0735209572511781,23765.08265842718,-266436.79944038694,185.33990329195785,0.06978821380380959
5583,159575.0,299.2451593080846,1.073518251193886,23768.959440663195,-266436.799330532,185.36857606088836,0.06978283948185332
5584,159600.0,299.24471985156873,1.0735155970754986,23772.836251279907,-266436.7993072268,185.39733945556563,0.06977750456580166
5585,159625.0,299.2447619079266,1.0735132309941509,23776.71312709141,-266436.7993866375,185.42622573517139,0.06977259362692487
5586,159650.0,299.24429757407273,1.0735112551757042,23780.590068500616,-266436.7995032613,185.4550299511367,0.06976827206014002
5587,159675.0,299.2420764732781,1.0735097066332606,23784.467057094957,-266436.7995639262,185.48376728567183,0.06976461089238886
5588,159700.0,299.23976423773087,1.0735087043001121,23788.34410383097,-266436.79962325044,185.5124678183338,0.06976183950617325
5589,159725.0,299.23875464693106,1.0735082740011914,23792.22119990494,-266436.7997061562,185.54104167501504,0.06976005891472908
5590,159750.0,299.23805218667104,1.073508420258748,23796.098328683707,-266436.7997393724,185.5695239652419,0.06975933822214313
5591,159775.0,299.2390332391532,1.0735091816881248,23799.975530703432,-266436.799776258,185.59791403433493,0.06975979631616636
5592,159800.0,299.24037104720384,1.073510450622801,23803.852826164777,-266436.7997617599,185.62615711621686,0.06976125925263763
5593,159825.0,299.2429803189151,1.0735119945179348,23807.7301914429,-266436.79977915494,185.65435050732944,0.06976328351805546
5594,159850.0,299.2443199500765,1.0735135805183187,23811.607622146785,-266436.79973239265,185.6824883737267,0.0697653635984514
5595,159875.0,299.24371505909187,1.073515150702882,23815.485136091065,-266436.799617042,185.71059837133683,0.06976734536573782
5596,159900.0,299.2458144782344,1.0735166991840857,23819.36271274908,-266436.79967157537,185.73873976922175,0.06976924018819645
5597,159925.0,299.2442288678715,1.073518103310705,23823.240353972957,-266436.79958621186,185.76683116357046,0.06977084952959431
5598,159950.0,299.2422376086226,1.073519197118532,23827.118053904378,-266436.7995199116,185.79489618050857,0.06977189783890021
5599,159975.0,299.2415215381568,1.073519845238094,23830.99579205737,-266436.7995271148,185.82306221101206,0.0697721836904766
5600,160000.0,299.2405995194331,1.0735201603285116,23834.87358274075,-266436.7995044325,185.8512377731954,0.06977195411533695
